row_id,question_raw,question_normalized,template_key,target_json,root_entity,entity_labels,relation_targets,has_relation,has_or,filter_count,fields,operators
0,Find all calls made using 3G technology.,find all calls made using 3g technology.,find all calls made using 3g technology.,"{""entityType"":""CDR"",""statements"":[{""parameters"":{""name"":""ifc.ootb.CDR.technology"",""operator"":""equals"",""value"":""3G""},""type"":""filter""},{""parameters"":{""name"":""ifc.ootb.CDR.type"",""operator"":""equals"",""value"":""Voice""},""type"":""filter""}]}",CDR,"[""CDR""]",[],False,False,2,"[""ifc.ootb.CDR.technology"", ""ifc.ootb.CDR.type""]","[""equals""]"
1,List all Reddit comments posted yesterday with a negative sentiment,list all reddit comments posted yesterday with a negative sentiment,list all reddit comments posted yesterday with a negative sentiment,"{""entityType"":""Web Activity"",""statements"":[{""parameters"":{""name"":""ifc.ootb.Orbis.platform"",""operator"":""equals"",""value"":""reddit""},""type"":""filter""},{""parameters"":{""name"":""ifc.ootb.Orbis.publishDate"",""operator"":""relative"",""value"":{""count"":1,""mode"":""previous"",""time_res"":""day""}},""type"":""filter""},{""parameters"":{""name"":""ifc.ootb.WebActivity.sentiment"",""operator"":""equals"",""value"":""Negative""},""type"":""filter""}]}",Web Activity,"[""Web Activity""]",[],False,False,3,"[""ifc.ootb.Orbis.platform"", ""ifc.ootb.Orbis.publishDate"", ""ifc.ootb.WebActivity.sentiment""]","[""equals"", ""relative""]"
2,Show me investigations that are either open or were created in the last 3 months,show me investigations that are either open or were created in the last 3 months,show me investigations that are either open or were created in the last <number> months,"{""entityType"":""Investigation"",""statements"":[{""parameters"":{""operatorValue"":""OR""},""statements"":[{""parameters"":{""name"":""ifc.core.state"",""operator"":""equals"",""value"":""open""},""type"":""filter""},{""parameters"":{""name"":""ifc.core.createtime"",""operator"":""relative"",""value"":{""count"":3,""mode"":""previous"",""time_res"":""month""}},""type"":""filter""}],""type"":""operator""}]}",Investigation,"[""Investigation""]",[],False,True,2,"[""ifc.core.createtime"", ""ifc.core.state""]","[""equals"", ""relative""]"
3,Find all insights related to the witness Jane Doe from the last 3 days.,find all insights related to the witness jane doe from the last 3 days.,find all insights related to the witness jane doe from the last <number> days.,"{""entityType"":""Insight"",""statements"":[{""parameters"":{""name"":""ifc.core.createtime"",""operator"":""relative"",""value"":{""count"":3,""mode"":""previous"",""time_res"":""day""}},""type"":""filter""},{""parameters"":{""name"":""text"",""operator"":""contains"",""value"":""Jane Doe""},""type"":""filter""}]}",Insight,"[""Insight""]",[],False,False,2,"[""ifc.core.createtime"", ""text""]","[""contains"", ""relative""]"
4,List all web activities updated in the last day that contain a URL,list all web activities updated in the last day that contain a url,list all web activities updated in the last day that contain a url,"{""entityType"":""Web Activity"",""statements"":[{""parameters"":{""name"":""ifc.ootb.Orbis.updateDate"",""operator"":""relative"",""value"":{""count"":1,""mode"":""previous"",""time_res"":""day""}},""type"":""filter""},{""parameters"":{""name"":""ifc.ootb.Orbis.url"",""operator"":""is_not_empty"",""value"":""""},""type"":""filter""}]}",Web Activity,"[""Web Activity""]",[],False,False,2,"[""ifc.ootb.Orbis.updateDate"", ""ifc.ootb.Orbis.url""]","[""is_not_empty"", ""relative""]"
6,Which phones have been marked as suspicious?,which phones have been marked as suspicious?,which phones have been marked as suspicious?,"{""entityType"":""Phone"",""statements"":[{""parameters"":{""name"":""ifc.ootb.Participant.isSuspicious"",""operator"":""equals"",""value"":true},""type"":""filter""}]}",Phone,"[""Phone""]",[],False,False,1,"[""ifc.ootb.Participant.isSuspicious""]","[""equals""]"
7,What failed call attempts were made from target phones to numbers containing '1234'?,what failed call attempts were made from target phones to numbers containing '1234'?,what failed call attempts were made from target phones to numbers containing <quoted>?,"{""entityType"":""CDR"",""statements"":[{""parameters"":{""name"":""ifc.ootb.CDR.callStatus"",""operator"":""equals"",""value"":""Failed""},""type"":""filter""},{""parameters"":{""name"":""ifc.ootb.CDR.msisdn2"",""operator"":""contains"",""value"":""1234""},""type"":""filter""},{""parameters"":{""name"":""ifc.ootb.CDR.type"",""operator"":""equals"",""value"":""Voice""},""type"":""filter""},{""parameters"":{""relationTargetType"":[""Phone""],""relationType"":[""relation_Caller""]},""statements"":[{""parameters"":{""name"":""ifc.ootb.Participant.isTarget"",""operator"":""equals"",""value"":true},""type"":""filter""}],""type"":""relation""}]}",CDR,"[""CDR"", ""Phone""]","[""Phone""]",True,False,4,"[""ifc.ootb.CDR.callStatus"", ""ifc.ootb.CDR.msisdn2"", ""ifc.ootb.CDR.type"", ""ifc.ootb.Participant.isTarget""]","[""contains"", ""equals""]"
9,Find insights containing risk assessment created in the first quarter of 2024.,find insights containing risk assessment created in the first quarter of 2024.,find insights containing risk assessment created in the first quarter of <number>.,"{""entityType"":""Insight"",""statements"":[{""parameters"":{""name"":""ifc.core.createtime"",""operator"":""between"",""value"":[""2024-01-01"",""2024-03-31""]},""type"":""filter""},{""parameters"":{""name"":""text"",""operator"":""contains"",""value"":""risk assessment""},""type"":""filter""}]}",Insight,"[""Insight""]",[],False,False,2,"[""ifc.core.createtime"", ""text""]","[""between"", ""contains""]"
11,Find reports that mention either 'financial forecast' or 'market analysis' in the text,find reports that mention either 'financial forecast' or 'market analysis' in the text,find reports that mention either <quoted> or <quoted> in the text,"{""entityType"":""Report"",""statements"":[{""parameters"":{""operatorValue"":""OR""},""statements"":[{""parameters"":{""name"":""text"",""operator"":""contains"",""value"":""financial forecast""},""type"":""filter""},{""parameters"":{""name"":""text"",""operator"":""contains"",""value"":""market analysis""},""type"":""filter""}],""type"":""operator""}]}",Report,"[""Report""]",[],False,True,2,"[""text""]","[""contains""]"
13,Show me all Web communications from IP 10.0.0.1 in the last 12 days.,show me all web communications from ip 10.0.0.1 in the last 12 days.,show me all web communications from ip <phone> in the last <number> days.,"{""entityType"":""CDR"",""statements"":[{""parameters"":{""name"":""ifc.ootb.CDR.ipAddress"",""operator"":""equals"",""value"":""10.0.0.1""},""type"":""filter""},{""parameters"":{""name"":""ifc.ootb.CDR.startTime"",""operator"":""relative"",""value"":{""count"":12,""mode"":""previous"",""time_res"":""day""}},""type"":""filter""},{""parameters"":{""name"":""ifc.ootb.CDR.type"",""operator"":""equals"",""value"":""Web""},""type"":""filter""}]}",CDR,"[""CDR""]",[],False,False,3,"[""ifc.ootb.CDR.ipAddress"", ""ifc.ootb.CDR.startTime"", ""ifc.ootb.CDR.type""]","[""equals"", ""relative""]"
15,List all emails with the subject 'Project Update' sent to dani@gmail.com since 1 March 2024.,list all emails with the subject 'project update' sent to dani@gmail.com since 1 march 2024.,list all emails with the subject <quoted> sent to <email> since <number> march <number>.,"{""entityType"":""CDR"",""statements"":[{""parameters"":{""name"":""ifc.CDR.emailSubject"",""operator"":""equals"",""value"":""Project Update""},""type"":""filter""},{""parameters"":{""name"":""ifc.ootb.CDR.destinationEmailAddress"",""operator"":""equals"",""value"":""dani@gmail.com""},""type"":""filter""},{""parameters"":{""name"":""ifc.ootb.CDR.startTime"",""operator"":""after"",""value"":""2024-03-01""},""type"":""filter""},{""parameters"":{""name"":""ifc.ootb.CDR.type"",""operator"":""equals"",""value"":""Email""},""type"":""filter""}]}",CDR,"[""CDR""]",[],False,False,4,"[""ifc.CDR.emailSubject"", ""ifc.ootb.CDR.destinationEmailAddress"", ""ifc.ootb.CDR.startTime"", ""ifc.ootb.CDR.type""]","[""after"", ""equals""]"
16,List all posts collected in the first week of January 2024 that are in French,list all posts collected in the first week of january 2024 that are in french,list all posts collected in the first week of january <number> that are in french,"{""entityType"":""Web Activity"",""statements"":[{""parameters"":{""name"":""ifc.ootb.Orbis.collectDate"",""operator"":""between"",""value"":[""2024-01-01"",""2024-01-07""]},""type"":""filter""},{""parameters"":{""name"":""ifc.ootb.WebActivity.mainLanguage"",""operator"":""equals"",""value"":""french""},""type"":""filter""}]}",Web Activity,"[""Web Activity""]",[],False,False,2,"[""ifc.ootb.Orbis.collectDate"", ""ifc.ootb.WebActivity.mainLanguage""]","[""between"", ""equals""]"
17,Show me all males with the last name 'Brown' born after 1 January 1970,show me all males with the last name 'brown' born after 1 january 1970,show me all males with the last name <quoted> born after <number> january <number>,"{""entityType"":""Person"",""statements"":[{""parameters"":{""name"":""ifc.Person.birthDate"",""operator"":""after"",""value"":""1970-01-01""},""type"":""filter""},{""parameters"":{""name"":""ifc.Person.gender"",""operator"":""equals"",""value"":""Male""},""type"":""filter""},{""parameters"":{""name"":""ifc.Person.lastName"",""operator"":""equals"",""value"":""Brown""},""type"":""filter""}]}",Person,"[""Person""]",[],False,False,3,"[""ifc.Person.birthDate"", ""ifc.Person.gender"", ""ifc.Person.lastName""]","[""after"", ""equals""]"
18,Which phones have been active within the past week?,which phones have been active within the past week?,which phones have been active within the past week?,"{""entityType"":""Phone"",""statements"":[{""parameters"":{""name"":""ifc.ootb.Participant.lastActiveDate"",""operator"":""relative"",""value"":{""count"":1,""mode"":""previous"",""time_res"":""week""}},""type"":""filter""}]}",Phone,"[""Phone""]",[],False,False,1,"[""ifc.ootb.Participant.lastActiveDate""]","[""relative""]"
19,Show reports with text containing 'suspicious activity' and 'bank transfers',show reports with text containing 'suspicious activity' and 'bank transfers',show reports with text containing <quoted> and <quoted>,"{""entityType"":""Report"",""statements"":[{""parameters"":{""name"":""text"",""operator"":""contains"",""value"":""bank transfers""},""type"":""filter""},{""parameters"":{""name"":""text"",""operator"":""contains"",""value"":""suspicious activity""},""type"":""filter""}]}",Report,"[""Report""]",[],False,False,2,"[""text""]","[""contains""]"
20,Find reports with 'malware infection' in the text,find reports with 'malware infection' in the text,find reports with <quoted> in the text,"{""entityType"":""Report"",""statements"":[{""parameters"":{""name"":""text"",""operator"":""contains"",""value"":""malware infection""},""type"":""filter""}]}",Report,"[""Report""]",[],False,False,1,"[""text""]","[""contains""]"
23,Show me all persons with a birth date before 1 September 1950,show me all persons with a birth date before 1 september 1950,show me all persons with a birth date before <number> september <number>,"{""entityType"":""Person"",""statements"":[{""parameters"":{""name"":""ifc.Person.birthDate"",""operator"":""before"",""value"":""1950-09-01""},""type"":""filter""}]}",Person,"[""Person""]",[],False,False,1,"[""ifc.Person.birthDate""]","[""before""]"
24,What 10-minute calls were made from 0543037210 to 0506655668 on 15 March 2024?,what 10-minute calls were made from 0543037210 to 0506655668 on 15 march 2024?,what <number>-minute calls were made from <phone> to <phone> on <number> march <number>?,"{""entityType"":""CDR"",""statements"":[{""parameters"":{""name"":""ifc.ootb.CDR.duration"",""operator"":""equals"",""value"":10},""type"":""filter""},{""parameters"":{""name"":""ifc.ootb.CDR.msisdn"",""operator"":""equals"",""value"":""0543037210""},""type"":""filter""},{""parameters"":{""name"":""ifc.ootb.CDR.msisdn2"",""operator"":""equals"",""value"":""0506655668""},""type"":""filter""},{""parameters"":{""name"":""ifc.ootb.CDR.startTime"",""operator"":""is"",""value"":""2024-03-15""},""type"":""filter""},{""parameters"":{""name"":""ifc.ootb.CDR.type"",""operator"":""equals"",""value"":""Voice""},""type"":""filter""}]}",CDR,"[""CDR""]",[],False,False,5,"[""ifc.ootb.CDR.duration"", ""ifc.ootb.CDR.msisdn"", ""ifc.ootb.CDR.msisdn2"", ""ifc.ootb.CDR.startTime"", ""ifc.ootb.CDR.type""]","[""equals"", ""is""]"
25,Show me investigations opened on 5 February 2024,show me investigations opened on 5 february 2024,show me investigations opened on <number> february <number>,"{""entityType"":""Investigation"",""statements"":[{""parameters"":{""name"":""ifc.core.createtime"",""operator"":""is"",""value"":""2024-02-05""},""type"":""filter""}]}",Investigation,"[""Investigation""]",[],False,False,1,"[""ifc.core.createtime""]","[""is""]"
28,Find all people with the occupation 'engineer' born before 1 July 1985,find all people with the occupation 'engineer' born before 1 july 1985,find all people with the occupation <quoted> born before <number> july <number>,"{""entityType"":""Person"",""statements"":[{""parameters"":{""name"":""ifc.Person.birthDate"",""operator"":""before"",""value"":""1985-07-01""},""type"":""filter""},{""parameters"":{""name"":""ifc.Person.occupation"",""operator"":""equals"",""value"":""engineer""},""type"":""filter""}]}",Person,"[""Person""]",[],False,False,2,"[""ifc.Person.birthDate"", ""ifc.Person.occupation""]","[""before"", ""equals""]"
29,Find all foreign phones,find all foreign phones,find all foreign phones,"{""entityType"":""Phone"",""statements"":[{""parameters"":{""name"":""ifc.Phone.type"",""operator"":""equals"",""value"":""Foreign""},""type"":""filter""}]}",Phone,"[""Phone""]",[],False,False,1,"[""ifc.Phone.type""]","[""equals""]"
30,Show me all non-voice communications from IMEI 356996055598702 to IMEI 490154203237518 yesterday,show me all non-voice communications from imei 356996055598702 to imei 490154203237518 yesterday,show me all non-voice communications from imei <phone> to imei <phone> yesterday,"{""entityType"":""CDR"",""statements"":[{""parameters"":{""name"":""ifc.ootb.CDR.imei"",""operator"":""equals"",""value"":""356996055598702""},""type"":""filter""},{""parameters"":{""name"":""ifc.ootb.CDR.imei2"",""operator"":""equals"",""value"":""490154203237518""},""type"":""filter""},{""parameters"":{""name"":""ifc.ootb.CDR.startTime"",""operator"":""relative"",""value"":{""count"":1,""mode"":""previous"",""time_res"":""day""}},""type"":""filter""},{""parameters"":{""name"":""ifc.ootb.CDR.type"",""operator"":""not_equal"",""value"":""Voice""},""type"":""filter""}]}",CDR,"[""CDR""]",[],False,False,4,"[""ifc.ootb.CDR.imei"", ""ifc.ootb.CDR.imei2"", ""ifc.ootb.CDR.startTime"", ""ifc.ootb.CDR.type""]","[""equals"", ""not_equal"", ""relative""]"
31,List all visitors whose travel document was issued before 1 January 2020,list all visitors whose travel document was issued before 1 january 2020,list all visitors whose travel document was issued before <number> january <number>,"{""entityType"":""EVisa Request"",""statements"":[{""parameters"":{""name"":""ifc.EVisaRequest.documentDeliveryDate"",""operator"":""before"",""value"":""2020-01-01""},""type"":""filter""}]}",EVisa Request,"[""EVisa Request""]",[],False,False,1,"[""ifc.EVisaRequest.documentDeliveryDate""]","[""before""]"
32,Show me emails from jane@example.com with 'Urgent' in the subject today,show me emails from jane@example.com with 'urgent' in the subject today,show me emails from <email> with <quoted> in the subject today,"{""entityType"":""CDR"",""statements"":[{""parameters"":{""name"":""ifc.CDR.emailSubject"",""operator"":""contains"",""value"":""Urgent""},""type"":""filter""},{""parameters"":{""name"":""ifc.ootb.CDR.originatorEmailAddress"",""operator"":""equals"",""value"":""jane@example.com""},""type"":""filter""},{""parameters"":{""name"":""ifc.ootb.CDR.startTime"",""operator"":""relative"",""value"":{""count"":1,""mode"":""current"",""time_res"":""day""}},""type"":""filter""},{""parameters"":{""name"":""ifc.ootb.CDR.type"",""operator"":""equals"",""value"":""Email""},""type"":""filter""}]}",CDR,"[""CDR""]",[],False,False,4,"[""ifc.CDR.emailSubject"", ""ifc.ootb.CDR.originatorEmailAddress"", ""ifc.ootb.CDR.startTime"", ""ifc.ootb.CDR.type""]","[""contains"", ""equals"", ""relative""]"
35,Get records of calls from 0549876543 or to +972527654321 that were blocked or failed,get records of calls from 0549876543 or to +972527654321 that were blocked or failed,get records of calls from <phone> or to +<phone> that were blocked or failed,"{""entityType"":""CDR"",""statements"":[{""parameters"":{""name"":""ifc.ootb.CDR.type"",""operator"":""equals"",""value"":""Voice""},""type"":""filter""},{""parameters"":{""operatorValue"":""OR""},""statements"":[{""parameters"":{""name"":""ifc.ootb.CDR.callStatus"",""operator"":""equals"",""value"":""Blocked""},""type"":""filter""},{""parameters"":{""name"":""ifc.ootb.CDR.callStatus"",""operator"":""equals"",""value"":""Failed""},""type"":""filter""}],""type"":""operator""},{""parameters"":{""operatorValue"":""OR""},""statements"":[{""parameters"":{""name"":""ifc.ootb.CDR.msisdn"",""operator"":""equals"",""value"":""0549876543""},""type"":""filter""},{""parameters"":{""name"":""ifc.ootb.CDR.msisdn2"",""operator"":""equals"",""value"":""+972527654321""},""type"":""filter""}],""type"":""operator""}]}",CDR,"[""CDR""]",[],False,True,5,"[""ifc.ootb.CDR.callStatus"", ""ifc.ootb.CDR.msisdn"", ""ifc.ootb.CDR.msisdn2"", ""ifc.ootb.CDR.type""]","[""equals""]"
37,Show me all calls of 20 minutes made by 0543037210 and received by any number starting with +1917 in the first week of March 2024,show me all calls of 20 minutes made by 0543037210 and received by any number starting with +1917 in the first week of march 2024,show me all calls of <number> minutes made by <phone> and received by any number starting with +<number> in the first week of march <number>,"{""entityType"":""CDR"",""statements"":[{""parameters"":{""name"":""ifc.ootb.CDR.duration"",""operator"":""equals"",""value"":20},""type"":""filter""},{""parameters"":{""name"":""ifc.ootb.CDR.msisdn"",""operator"":""equals"",""value"":""0543037210""},""type"":""filter""},{""parameters"":{""name"":""ifc.ootb.CDR.msisdn2"",""operator"":""begins_with"",""value"":""+1917""},""type"":""filter""},{""parameters"":{""name"":""ifc.ootb.CDR.startTime"",""operator"":""between"",""value"":[""2024-03-01"",""2024-03-07""]},""type"":""filter""},{""parameters"":{""name"":""ifc.ootb.CDR.type"",""operator"":""equals"",""value"":""Voice""},""type"":""filter""}]}",CDR,"[""CDR""]",[],False,False,5,"[""ifc.ootb.CDR.duration"", ""ifc.ootb.CDR.msisdn"", ""ifc.ootb.CDR.msisdn2"", ""ifc.ootb.CDR.startTime"", ""ifc.ootb.CDR.type""]","[""begins_with"", ""between"", ""equals""]"
38,Show me all individuals with the first name 'John' and last name 'Doe',show me all individuals with the first name 'john' and last name 'doe',show me all individuals with the first name <quoted> and last name <quoted>,"{""entityType"":""Person"",""statements"":[{""parameters"":{""name"":""ifc.Person.firstName"",""operator"":""equals"",""value"":""John""},""type"":""filter""},{""parameters"":{""name"":""ifc.Person.lastName"",""operator"":""equals"",""value"":""Doe""},""type"":""filter""}]}",Person,"[""Person""]",[],False,False,2,"[""ifc.Person.firstName"", ""ifc.Person.lastName""]","[""equals""]"
39,Show me all insights containing the keyword 'money laundering' created in the past month.,show me all insights containing the keyword 'money laundering' created in the past month.,show me all insights containing the keyword <quoted> created in the past month.,"{""entityType"":""Insight"",""statements"":[{""parameters"":{""name"":""ifc.core.createtime"",""operator"":""relative"",""value"":{""count"":1,""mode"":""previous"",""time_res"":""month""}},""type"":""filter""},{""parameters"":{""name"":""text"",""operator"":""contains"",""value"":""money laundering""},""type"":""filter""}]}",Insight,"[""Insight""]",[],False,False,2,"[""ifc.core.createtime"", ""text""]","[""contains"", ""relative""]"
40,"Retrieve insights created on March 1, 2024 or March 2, 2024","retrieve insights created on march 1, 2024 or march 2, 2024","retrieve insights created on march <number>, <number> or march <number>, <number>","{""entityType"":""Insight"",""statements"":[{""parameters"":{""operatorValue"":""OR""},""statements"":[{""parameters"":{""name"":""ifc.core.createtime"",""operator"":""is"",""value"":""2024-03-01""},""type"":""filter""},{""parameters"":{""name"":""ifc.core.createtime"",""operator"":""is"",""value"":""2024-03-02""},""type"":""filter""}],""type"":""operator""}]}",Insight,"[""Insight""]",[],False,True,2,"[""ifc.core.createtime""]","[""is""]"
41,List YouTube channels that have 'cooking' in the title.,list youtube channels that have 'cooking' in the title.,list youtube channels that have <quoted> in the title.,"{""entityType"":""Web Actor"",""statements"":[{""parameters"":{""name"":""ifc.ootb.Orbis.platform"",""operator"":""equals"",""value"":""youtube""},""type"":""filter""},{""parameters"":{""name"":""ifc.ootb.WebActor.title"",""operator"":""contains"",""value"":""cooking""},""type"":""filter""}]}",Web Actor,"[""Web Actor""]",[],False,False,2,"[""ifc.ootb.Orbis.platform"", ""ifc.ootb.WebActor.title""]","[""contains"", ""equals""]"
42,Show me insights that mention undercover operations.,show me insights that mention undercover operations.,show me insights that mention undercover operations.,"{""entityType"":""Insight"",""statements"":[{""parameters"":{""name"":""text"",""operator"":""contains"",""value"":""undercover operations""},""type"":""filter""}]}",Insight,"[""Insight""]",[],False,False,1,"[""text""]","[""contains""]"
43,Which phones are set on Arabic and are marked as suspicious?,which phones are set on arabic and are marked as suspicious?,which phones are set on arabic and are marked as suspicious?,"{""entityType"":""Phone"",""statements"":[{""parameters"":{""name"":""ifc.ootb.Participant.isSuspicious"",""operator"":""equals"",""value"":true},""type"":""filter""},{""parameters"":{""name"":""ifc.ootb.Participant.tlidDominantLanguage"",""operator"":""equals"",""value"":""Arabic""},""type"":""filter""}]}",Phone,"[""Phone""]",[],False,False,2,"[""ifc.ootb.Participant.isSuspicious"", ""ifc.ootb.Participant.tlidDominantLanguage""]","[""equals""]"
44,List reports containing the phrase 'suspicious package' in the text,list reports containing the phrase 'suspicious package' in the text,list reports containing the phrase <quoted> in the text,"{""entityType"":""Report"",""statements"":[{""parameters"":{""name"":""text"",""operator"":""contains"",""value"":""suspicious package""},""type"":""filter""}]}",Report,"[""Report""]",[],False,False,1,"[""text""]","[""contains""]"
45,What phones were last active more than 6 months ago?,what phones were last active more than 6 months ago?,what phones were last active more than <number> months ago?,"{""entityType"":""Phone"",""statements"":[{""parameters"":{""name"":""ifc.ootb.Participant.lastActiveDate"",""operator"":""relative"",""value"":{""count"":6,""mode"":""previous"",""time_res"":""month""}},""type"":""filter""}]}",Phone,"[""Phone""]",[],False,False,1,"[""ifc.ootb.Participant.lastActiveDate""]","[""relative""]"
46,Identify the top liked activities in the past month from profiles from los angeles,identify the top liked activities in the past month from profiles from los angeles,identify the top liked activities in the past month from profiles from los angeles,"{""entityType"":""Web Activity"",""statements"":[{""parameters"":{""name"":""ifc.ootb.Orbis.publishDate"",""operator"":""relative"",""value"":{""count"":1,""mode"":""previous"",""time_res"":""month""}},""type"":""filter""},{""parameters"":{""relationTargetType"":[""Web Actor""],""relationType"":[""relation_Writer""]},""statements"":[{""parameters"":{""name"":""ifc.ootb.WebActor.about"",""operator"":""contains"",""value"":""los angeles""},""type"":""filter""}],""type"":""relation""},{""parameters"":{""direction"":""desc"",""name"":""ifc.ootb.WebActivity.numberOfLikes""},""type"":""sort""}]}",Web Activity,"[""Web Activity"", ""Web Actor""]","[""Web Actor""]",True,False,2,"[""ifc.ootb.Orbis.publishDate"", ""ifc.ootb.WebActivity.numberOfLikes"", ""ifc.ootb.WebActor.about""]","[""contains"", ""relative""]"
47,Find all individuals with the occupation 'salesperson' born before 1 April 1990,find all individuals with the occupation 'salesperson' born before 1 april 1990,find all individuals with the occupation <quoted> born before <number> april <number>,"{""entityType"":""Person"",""statements"":[{""parameters"":{""name"":""ifc.Person.birthDate"",""operator"":""before"",""value"":""1990-04-01""},""type"":""filter""},{""parameters"":{""name"":""ifc.Person.occupation"",""operator"":""equals"",""value"":""salesperson""},""type"":""filter""}]}",Person,"[""Person""]",[],False,False,2,"[""ifc.Person.birthDate"", ""ifc.Person.occupation""]","[""before"", ""equals""]"
48,List emails sent to phones associated with the target Sarah Johnson,list emails sent to phones associated with the target sarah johnson,list emails sent to phones associated with the target sarah johnson,"{""entityType"":""CDR"",""statements"":[{""parameters"":{""name"":""ifc.ootb.CDR.type"",""operator"":""equals"",""value"":""Email""},""type"":""filter""},{""parameters"":{""relationTargetType"":[""Phone""],""relationType"":[""relation_Callee""]},""statements"":[{""parameters"":{""name"":""ifc.ootb.Participant.isSuspicious"",""operator"":""equals"",""value"":true},""type"":""filter""}],""type"":""relation""}]}",CDR,"[""CDR"", ""Phone""]","[""Phone""]",True,False,2,"[""ifc.ootb.CDR.type"", ""ifc.ootb.Participant.isSuspicious""]","[""equals""]"
49,Show me Twitter profiles with the email address containing 'john.doe' that were created in February 2024,show me twitter profiles with the email address containing 'john.doe' that were created in february 2024,show me twitter profiles with the email address containing <quoted> that were created in february <number>,"{""entityType"":""Web Actor"",""statements"":[{""parameters"":{""name"":""ifc.ootb.Orbis.platform"",""operator"":""equals"",""value"":""twitter""},""type"":""filter""},{""parameters"":{""name"":""ifc.ootb.Orbis.publishDate"",""operator"":""between"",""value"":[""2024-02-01"",""2024-02-29""]},""type"":""filter""},{""parameters"":{""name"":""ifc.ootb.WebActor.leadingEmail"",""operator"":""contains"",""value"":""john.doe""},""type"":""filter""}]}",Web Actor,"[""Web Actor""]",[],False,False,3,"[""ifc.ootb.Orbis.platform"", ""ifc.ootb.Orbis.publishDate"", ""ifc.ootb.WebActor.leadingEmail""]","[""between"", ""contains"", ""equals""]"
51,Are there new insights about the suspicious financial transactions from last week?,are there new insights about the suspicious financial transactions from last week?,are there new insights about the suspicious financial transactions from last week?,"{""entityType"":""Insight"",""statements"":[{""parameters"":{""name"":""ifc.core.createtime"",""operator"":""relative"",""value"":{""count"":1,""mode"":""previous"",""time_res"":""week""}},""type"":""filter""},{""parameters"":{""name"":""text"",""operator"":""contains"",""value"":""suspicious financial transactions""},""type"":""filter""}]}",Insight,"[""Insight""]",[],False,False,2,"[""ifc.core.createtime"", ""text""]","[""contains"", ""relative""]"
52,Find phones last active more than 1 year ago.,find phones last active more than 1 year ago.,find phones last active more than <number> year ago.,"{""entityType"":""Phone"",""statements"":[{""parameters"":{""name"":""ifc.ootb.Participant.lastActiveDate"",""operator"":""relative"",""value"":{""count"":1,""mode"":""previous"",""time_res"":""year""}},""type"":""filter""}]}",Phone,"[""Phone""]",[],False,False,1,"[""ifc.ootb.Participant.lastActiveDate""]","[""relative""]"
53,List all investigations related to tax evasion,list all investigations related to tax evasion,list all investigations related to tax evasion,"{""entityType"":""Investigation"",""statements"":[{""parameters"":{""name"":""ifc.core.description"",""operator"":""contains"",""value"":""tax evasion""},""type"":""filter""}]}",Investigation,"[""Investigation""]",[],False,False,1,"[""ifc.core.description""]","[""contains""]"
54,Get CDRs where the technology was 3G or 5G for number 0529876543,get cdrs where the technology was 3g or 5g for number 0529876543,get cdrs where the technology was 3g or 5g for number <phone>,"{""entityType"":""CDR"",""statements"":[{""parameters"":{""operatorValue"":""OR""},""statements"":[{""parameters"":{""name"":""ifc.ootb.CDR.technology"",""operator"":""equals"",""value"":""3G""},""type"":""filter""},{""parameters"":{""name"":""ifc.ootb.CDR.technology"",""operator"":""equals"",""value"":""5G""},""type"":""filter""}],""type"":""operator""},{""parameters"":{""operatorValue"":""OR""},""statements"":[{""parameters"":{""name"":""ifc.ootb.CDR.msisdn"",""operator"":""equals"",""value"":""0529876543""},""type"":""filter""},{""parameters"":{""name"":""ifc.ootb.CDR.msisdn2"",""operator"":""equals"",""value"":""0529876543""},""type"":""filter""}],""type"":""operator""}]}",CDR,"[""CDR""]",[],False,True,4,"[""ifc.ootb.CDR.msisdn"", ""ifc.ootb.CDR.msisdn2"", ""ifc.ootb.CDR.technology""]","[""equals""]"
57,Find closed investigations with 'racketeering' in the description,find closed investigations with 'racketeering' in the description,find closed investigations with <quoted> in the description,"{""entityType"":""Investigation"",""statements"":[{""parameters"":{""name"":""ifc.core.description"",""operator"":""contains"",""value"":""racketeering""},""type"":""filter""},{""parameters"":{""name"":""ifc.core.state"",""operator"":""equals"",""value"":""closed""},""type"":""filter""}]}",Investigation,"[""Investigation""]",[],False,False,2,"[""ifc.core.description"", ""ifc.core.state""]","[""contains"", ""equals""]"
58,Show failed call attempts to 0506655668 in the last 2 weeks.,show failed call attempts to 0506655668 in the last 2 weeks.,show failed call attempts to <phone> in the last <number> weeks.,"{""entityType"":""CDR"",""statements"":[{""parameters"":{""name"":""ifc.ootb.CDR.callStatus"",""operator"":""equals"",""value"":""Failed""},""type"":""filter""},{""parameters"":{""name"":""ifc.ootb.CDR.msisdn2"",""operator"":""equals"",""value"":""0506655668""},""type"":""filter""},{""parameters"":{""name"":""ifc.ootb.CDR.startTime"",""operator"":""relative"",""value"":{""count"":2,""mode"":""previous"",""time_res"":""week""}},""type"":""filter""},{""parameters"":{""name"":""ifc.ootb.CDR.type"",""operator"":""equals"",""value"":""Voice""},""type"":""filter""}]}",CDR,"[""CDR""]",[],False,False,4,"[""ifc.ootb.CDR.callStatus"", ""ifc.ootb.CDR.msisdn2"", ""ifc.ootb.CDR.startTime"", ""ifc.ootb.CDR.type""]","[""equals"", ""relative""]"
60,"Show me reports created on January 5, 2024 or February 10, 2024","show me reports created on january 5, 2024 or february 10, 2024","show me reports created on january <number>, <number> or february <number>, <number>","{""entityType"":""Report"",""statements"":[{""parameters"":{""operatorValue"":""OR""},""statements"":[{""parameters"":{""name"":""ifc.core.createtime"",""operator"":""is"",""value"":""2024-01-05""},""type"":""filter""},{""parameters"":{""name"":""ifc.core.createtime"",""operator"":""is"",""value"":""2024-02-10""},""type"":""filter""}],""type"":""operator""}]}",Report,"[""Report""]",[],False,True,2,"[""ifc.core.createtime""]","[""is""]"
61,List reports with text similar to 'Project Timeline and Milestones',list reports with text similar to 'project timeline and milestones',list reports with text similar to <quoted>,"{""entityType"":""Report"",""statements"":[{""parameters"":{""name"":""text"",""operator"":""similar_to"",""value"":""Project Timeline and Milestones""},""type"":""filter""}]}",Report,"[""Report""]",[],False,False,1,"[""text""]","[""similar_to""]"
62,Find any insights from the first week of February 2024 discussing the surveillance footage.,find any insights from the first week of february 2024 discussing the surveillance footage.,find any insights from the first week of february <number> discussing the surveillance footage.,"{""entityType"":""Insight"",""statements"":[{""parameters"":{""name"":""ifc.core.createtime"",""operator"":""between"",""value"":[""2024-02-01"",""2024-02-07""]},""type"":""filter""},{""parameters"":{""name"":""text"",""operator"":""contains"",""value"":""surveillance footage""},""type"":""filter""}]}",Insight,"[""Insight""]",[],False,False,2,"[""ifc.core.createtime"", ""text""]","[""between"", ""contains""]"
63,Show me web actors who have either 'developer' or 'engineer' in their job title and more than 500 connections or followers,show me web actors who have either 'developer' or 'engineer' in their job title and more than 500 connections or followers,show me web actors who have either <quoted> or <quoted> in their job title and more than <number> connections or followers,"{""entityType"":""Web Actor"",""statements"":[{""parameters"":{""operatorValue"":""OR""},""statements"":[{""parameters"":{""name"":""ifc.ootb.WebActor.jobCompanyName"",""operator"":""contains"",""value"":""developer""},""type"":""filter""},{""parameters"":{""name"":""ifc.ootb.WebActor.jobCompanyName"",""operator"":""contains"",""value"":""engineer""},""type"":""filter""}],""type"":""operator""},{""parameters"":{""operatorValue"":""OR""},""statements"":[{""parameters"":{""name"":""ifc.ootb.WebActor.numberOfFriends"",""operator"":""greater"",""value"":500},""type"":""filter""},{""parameters"":{""name"":""ifc.ootb.WebActor.numberOfFollowers"",""operator"":""greater"",""value"":500},""type"":""filter""}],""type"":""operator""}]}",Web Actor,"[""Web Actor""]",[],False,True,4,"[""ifc.ootb.WebActor.jobCompanyName"", ""ifc.ootb.WebActor.numberOfFollowers"", ""ifc.ootb.WebActor.numberOfFriends""]","[""contains"", ""greater""]"
67,List all emails from info@company.co.il or sales@firm.com in March 2024,list all emails from info@company.co.il or sales@firm.com in march 2024,list all emails from <email> or <email> in march <number>,"{""entityType"":""CDR"",""statements"":[{""parameters"":{""name"":""ifc.ootb.CDR.createDateTime"",""operator"":""between"",""value"":[""2024-03-01"",""2024-03-31""]},""type"":""filter""},{""parameters"":{""name"":""ifc.ootb.CDR.type"",""operator"":""equals"",""value"":""Email""},""type"":""filter""},{""parameters"":{""operatorValue"":""OR""},""statements"":[{""parameters"":{""name"":""ifc.ootb.CDR.originatorEmailAddress"",""operator"":""equals"",""value"":""info@company.co.il""},""type"":""filter""},{""parameters"":{""name"":""ifc.ootb.CDR.originatorEmailAddress"",""operator"":""equals"",""value"":""sales@firm.com""},""type"":""filter""}],""type"":""operator""}]}",CDR,"[""CDR""]",[],False,True,4,"[""ifc.ootb.CDR.createDateTime"", ""ifc.ootb.CDR.originatorEmailAddress"", ""ifc.ootb.CDR.type""]","[""between"", ""equals""]"
69,Identify the most popular posts in the last 3 days from profiles live in London,identify the most popular posts in the last 3 days from profiles live in london,identify the most popular posts in the last <number> days from profiles live in london,"{""entityType"":""Web Activity"",""statements"":[{""parameters"":{""name"":""ifc.ootb.Orbis.publishDate"",""operator"":""relative"",""value"":{""count"":3,""mode"":""previous"",""time_res"":""day""}},""type"":""filter""},{""parameters"":{""relationTargetType"":[""Web Actor""],""relationType"":[""relation_Writer""]},""statements"":[{""parameters"":{""name"":""ifc.ootb.WebActor.about"",""operator"":""contains"",""value"":""London""},""type"":""filter""}],""type"":""relation""},{""parameters"":{""direction"":""desc"",""name"":""ifc.ootb.WebActivity.numberOfLikes""},""type"":""sort""}]}",Web Activity,"[""Web Activity"", ""Web Actor""]","[""Web Actor""]",True,False,2,"[""ifc.ootb.Orbis.publishDate"", ""ifc.ootb.WebActivity.numberOfLikes"", ""ifc.ootb.WebActor.about""]","[""contains"", ""relative""]"
71,Show voice calls and sms involving 0556789012 or 0545678901,show voice calls and sms involving 0556789012 or 0545678901,show voice calls and sms involving <phone> or <phone>,"{""entityType"":""CDR"",""statements"":[{""parameters"":{""operatorValue"":""OR""},""statements"":[{""parameters"":{""name"":""ifc.ootb.CDR.type"",""operator"":""equals"",""value"":""Voice""},""type"":""filter""},{""parameters"":{""name"":""ifc.ootb.CDR.type"",""operator"":""equals"",""value"":""Text""},""type"":""filter""}],""type"":""operator""},{""parameters"":{""operatorValue"":""OR""},""statements"":[{""parameters"":{""name"":""ifc.ootb.CDR.msisdn"",""operator"":""equals"",""value"":""0556789012""},""type"":""filter""},{""parameters"":{""name"":""ifc.ootb.CDR.msisdn2"",""operator"":""equals"",""value"":""0556789012""},""type"":""filter""},{""parameters"":{""name"":""ifc.ootb.CDR.msisdn"",""operator"":""equals"",""value"":""0545678901""},""type"":""filter""},{""parameters"":{""name"":""ifc.ootb.CDR.msisdn2"",""operator"":""equals"",""value"":""0545678901""},""type"":""filter""}],""type"":""operator""}]}",CDR,"[""CDR""]",[],False,True,6,"[""ifc.ootb.CDR.msisdn"", ""ifc.ootb.CDR.msisdn2"", ""ifc.ootb.CDR.type""]","[""equals""]"
72,Find reports containing the phrase 'insider trading',find reports containing the phrase 'insider trading',find reports containing the phrase <quoted>,"{""entityType"":""Report"",""statements"":[{""parameters"":{""name"":""text"",""operator"":""contains"",""value"":""insider trading""},""type"":""filter""}]}",Report,"[""Report""]",[],False,False,1,"[""text""]","[""contains""]"
74,List all SMS messages sent from 0506519175 to 0523739993 containing the phrase 'meeting canceled' on 15 March 2024,list all sms messages sent from 0506519175 to 0523739993 containing the phrase 'meeting canceled' on 15 march 2024,list all sms messages sent from <phone> to <phone> containing the phrase <quoted> on <number> march <number>,"{""entityType"":""CDR"",""statements"":[{""parameters"":{""name"":""ifc.ootb.CDR.msisdn"",""operator"":""equals"",""value"":""0506519175""},""type"":""filter""},{""parameters"":{""name"":""ifc.ootb.CDR.msisdn2"",""operator"":""equals"",""value"":""0523739993""},""type"":""filter""},{""parameters"":{""name"":""ifc.ootb.CDR.smsText"",""operator"":""contains"",""value"":""meeting canceled""},""type"":""filter""},{""parameters"":{""name"":""ifc.ootb.CDR.startTime"",""operator"":""is"",""value"":""2024-03-15""},""type"":""filter""},{""parameters"":{""name"":""ifc.ootb.CDR.type"",""operator"":""equals"",""value"":""Text""},""type"":""filter""}]}",CDR,"[""CDR""]",[],False,False,5,"[""ifc.ootb.CDR.msisdn"", ""ifc.ootb.CDR.msisdn2"", ""ifc.ootb.CDR.smsText"", ""ifc.ootb.CDR.startTime"", ""ifc.ootb.CDR.type""]","[""contains"", ""equals"", ""is""]"
75,Show me all Facebook posts published on 1 January 2024 that mention the British nationality,show me all facebook posts published on 1 january 2024 that mention the british nationality,show me all facebook posts published on <number> january <number> that mention the british nationality,"{""entityType"":""Web Activity"",""statements"":[{""parameters"":{""name"":""ifc.ootb.Orbis.nationality"",""operator"":""contains"",""value"":""British""},""type"":""filter""},{""parameters"":{""name"":""ifc.ootb.Orbis.platform"",""operator"":""equals"",""value"":""facebook""},""type"":""filter""},{""parameters"":{""name"":""ifc.ootb.Orbis.publishDate"",""operator"":""is"",""value"":""2024-01-01""},""type"":""filter""}]}",Web Activity,"[""Web Activity""]",[],False,False,3,"[""ifc.ootb.Orbis.nationality"", ""ifc.ootb.Orbis.platform"", ""ifc.ootb.Orbis.publishDate""]","[""contains"", ""equals"", ""is""]"
76,Show me all calls made using 3G technology yesterday.,show me all calls made using 3g technology yesterday.,show me all calls made using 3g technology yesterday.,"{""entityType"":""CDR"",""statements"":[{""parameters"":{""name"":""ifc.ootb.CDR.startTime"",""operator"":""relative"",""value"":{""count"":1,""mode"":""previous"",""time_res"":""day""}},""type"":""filter""},{""parameters"":{""name"":""ifc.ootb.CDR.technology"",""operator"":""equals"",""value"":""3G""},""type"":""filter""},{""parameters"":{""name"":""ifc.ootb.CDR.type"",""operator"":""equals"",""value"":""Voice""},""type"":""filter""}]}",CDR,"[""CDR""]",[],False,False,3,"[""ifc.ootb.CDR.startTime"", ""ifc.ootb.CDR.technology"", ""ifc.ootb.CDR.type""]","[""equals"", ""relative""]"
77,List CDRs with call status 'Blocked' for numbers 0527654321 or +972509876543 last month,list cdrs with call status 'blocked' for numbers 0527654321 or +972509876543 last month,list cdrs with call status <quoted> for numbers <phone> or +<phone> last month,"{""entityType"":""CDR"",""statements"":[{""parameters"":{""name"":""ifc.ootb.CDR.callStatus"",""operator"":""equals"",""value"":""Blocked""},""type"":""filter""},{""parameters"":{""name"":""ifc.ootb.CDR.createDateTime"",""operator"":""relative"",""value"":{""count"":1,""mode"":""previous"",""time_res"":""month""}},""type"":""filter""},{""parameters"":{""operatorValue"":""OR""},""statements"":[{""parameters"":{""name"":""ifc.ootb.CDR.msisdn"",""operator"":""equals"",""value"":""0527654321""},""type"":""filter""},{""parameters"":{""name"":""ifc.ootb.CDR.msisdn"",""operator"":""equals"",""value"":""+972509876543""},""type"":""filter""},{""parameters"":{""name"":""ifc.ootb.CDR.msisdn2"",""operator"":""equals"",""value"":""0527654321""},""type"":""filter""},{""parameters"":{""name"":""ifc.ootb.CDR.msisdn2"",""operator"":""equals"",""value"":""+972509876543""},""type"":""filter""}],""type"":""operator""}]}",CDR,"[""CDR""]",[],False,True,6,"[""ifc.ootb.CDR.callStatus"", ""ifc.ootb.CDR.createDateTime"", ""ifc.ootb.CDR.msisdn"", ""ifc.ootb.CDR.msisdn2""]","[""equals"", ""relative""]"
79,Show me Facebook profiles with a birth date in 1985.,show me facebook profiles with a birth date in 1985.,show me facebook profiles with a birth date in <number>.,"{""entityType"":""Web Actor"",""statements"":[{""parameters"":{""name"":""ifc.ootb.Orbis.platform"",""operator"":""equals"",""value"":""facebook""},""type"":""filter""},{""parameters"":{""name"":""ifc.ootb.WebActor.birthDate"",""operator"":""between"",""value"":[""1985-01-01"",""1985-12-31""]},""type"":""filter""}]}",Web Actor,"[""Web Actor""]",[],False,False,2,"[""ifc.ootb.Orbis.platform"", ""ifc.ootb.WebActor.birthDate""]","[""between"", ""equals""]"
82,What investigations were opened in February 2024?,what investigations were opened in february 2024?,what investigations were opened in february <number>?,"{""entityType"":""Investigation"",""statements"":[{""parameters"":{""name"":""ifc.core.createtime"",""operator"":""between"",""value"":[""2024-02-01"",""2024-02-29""]},""type"":""filter""}]}",Investigation,"[""Investigation""]",[],False,False,1,"[""ifc.core.createtime""]","[""between""]"
83,Show me all investigations in the regular priority category,show me all investigations in the regular priority category,show me all investigations in the regular priority category,"{""entityType"":""Investigation"",""statements"":[{""parameters"":{""name"":""ifc.core.priority"",""operator"":""equals"",""value"":""Regular""},""type"":""filter""}]}",Investigation,"[""Investigation""]",[],False,False,1,"[""ifc.core.priority""]","[""equals""]"
85,Find all communications related to case code 'XYZ123' in the past 30 days.,find all communications related to case code 'xyz123' in the past 30 days.,find all communications related to case code <quoted> in the past <number> days.,"{""entityType"":""CDR"",""statements"":[{""parameters"":{""name"":""ifc.CDR.caseCode"",""operator"":""equals"",""value"":""XYZ123""},""type"":""filter""},{""parameters"":{""name"":""ifc.ootb.CDR.startTime"",""operator"":""relative"",""value"":{""count"":30,""mode"":""previous"",""time_res"":""day""}},""type"":""filter""}]}",CDR,"[""CDR""]",[],False,False,2,"[""ifc.CDR.caseCode"", ""ifc.ootb.CDR.startTime""]","[""equals"", ""relative""]"
86,Show me reports created in the last week,show me reports created in the last week,show me reports created in the last week,"{""entityType"":""Report"",""statements"":[{""parameters"":{""name"":""ifc.core.createtime"",""operator"":""relative"",""value"":{""count"":1,""mode"":""previous"",""time_res"":""week""}},""type"":""filter""}]}",Report,"[""Report""]",[],False,False,1,"[""ifc.core.createtime""]","[""relative""]"
87,Find all posts published in November 2023 that have 100 tags.,find all posts published in november 2023 that have 100 tags.,find all posts published in november <number> that have <number> tags.,"{""entityType"":""Web Activity"",""statements"":[{""parameters"":{""name"":""ifc.ootb.Orbis.publishDate"",""operator"":""between"",""value"":[""2023-11-01"",""2023-11-30""]},""type"":""filter""},{""parameters"":{""name"":""ifc.ootb.WebActivity.numberTags"",""operator"":""equals"",""value"":100},""type"":""filter""}]}",Web Activity,"[""Web Activity""]",[],False,False,2,"[""ifc.ootb.Orbis.publishDate"", ""ifc.ootb.WebActivity.numberTags""]","[""between"", ""equals""]"
88,Find all posts from Pinterest that contain a URL and were published last week.,find all posts from pinterest that contain a url and were published last week.,find all posts from pinterest that contain a url and were published last week.,"{""entityType"":""Web Activity"",""statements"":[{""parameters"":{""name"":""ifc.ootb.Orbis.platform"",""operator"":""equals"",""value"":""pinterest""},""type"":""filter""},{""parameters"":{""name"":""ifc.ootb.Orbis.publishDate"",""operator"":""relative"",""value"":{""count"":1,""mode"":""previous"",""time_res"":""week""}},""type"":""filter""},{""parameters"":{""name"":""ifc.ootb.Orbis.url"",""operator"":""is_not_empty"",""value"":""""},""type"":""filter""}]}",Web Activity,"[""Web Activity""]",[],False,False,3,"[""ifc.ootb.Orbis.platform"", ""ifc.ootb.Orbis.publishDate"", ""ifc.ootb.Orbis.url""]","[""equals"", ""is_not_empty"", ""relative""]"
89,Show me any insights related to the interview with the victim's family yesterday.,show me any insights related to the interview with the victim's family yesterday.,show me any insights related to the interview with the victim's family yesterday.,"{""entityType"":""Insight"",""statements"":[{""parameters"":{""name"":""ifc.core.createtime"",""operator"":""relative"",""value"":{""count"":1,""mode"":""previous"",""time_res"":""day""}},""type"":""filter""},{""parameters"":{""name"":""text"",""operator"":""contains"",""value"":""interview with the victim's family""},""type"":""filter""}]}",Insight,"[""Insight""]",[],False,False,2,"[""ifc.core.createtime"", ""text""]","[""contains"", ""relative""]"
95,Which web actors born after 1990 have posted content related to 'fitness' in the last month?,which web actors born after 1990 have posted content related to 'fitness' in the last month?,which web actors born after <number> have posted content related to <quoted> in the last month?,"{""entityType"":""Web Actor"",""statements"":[{""parameters"":{""name"":""ifc.ootb.WebActor.birthDate"",""operator"":""after"",""value"":""1990-01-01""},""type"":""filter""},{""parameters"":{""relationTargetType"":[""Web Activity""],""relationType"":[""relation_Writer""]},""statements"":[{""parameters"":{""name"":""ifc.ootb.WebActivity.text"",""operator"":""similar_to"",""value"":""fitness""},""type"":""filter""},{""parameters"":{""name"":""ifc.ootb.Orbis.publishDate"",""operator"":""relative"",""value"":{""count"":1,""mode"":""previous"",""time_res"":""month""}},""type"":""filter""}],""type"":""relation""}]}",Web Actor,"[""Web Activity"", ""Web Actor""]","[""Web Activity""]",True,False,3,"[""ifc.ootb.Orbis.publishDate"", ""ifc.ootb.WebActivity.text"", ""ifc.ootb.WebActor.birthDate""]","[""after"", ""relative"", ""similar_to""]"
96,List landline phones that were last active in the past 30 days,list landline phones that were last active in the past 30 days,list landline phones that were last active in the past <number> days,"{""entityType"":""Phone"",""statements"":[{""parameters"":{""name"":""ifc.Phone.type"",""operator"":""equals"",""value"":""Landline""},""type"":""filter""},{""parameters"":{""name"":""ifc.ootb.Participant.lastActiveDate"",""operator"":""relative"",""value"":{""count"":30,""mode"":""previous"",""time_res"":""day""}},""type"":""filter""}]}",Phone,"[""Phone""]",[],False,False,2,"[""ifc.Phone.type"", ""ifc.ootb.Participant.lastActiveDate""]","[""equals"", ""relative""]"
99,Show reports updated within the last 2 weeks,show reports updated within the last 2 weeks,show reports updated within the last <number> weeks,"{""entityType"":""Report"",""statements"":[{""parameters"":{""name"":""ifc.core.updatetime"",""operator"":""relative"",""value"":{""count"":2,""mode"":""previous"",""time_res"":""week""}},""type"":""filter""}]}",Report,"[""Report""]",[],False,False,1,"[""ifc.core.updatetime""]","[""relative""]"
100,Retrieve communications in French or Arabic of 0556789012 last month,retrieve communications in french or arabic of 0556789012 last month,retrieve communications in french or arabic of <phone> last month,"{""entityType"":""CDR"",""statements"":[{""parameters"":{""name"":""ifc.ootb.CDR.startTime"",""operator"":""relative"",""value"":{""count"":1,""mode"":""previous"",""time_res"":""month""}},""type"":""filter""},{""parameters"":{""operatorValue"":""OR""},""statements"":[{""parameters"":{""name"":""ifc.ootb.CDR.mainLanguage"",""operator"":""equals"",""value"":""French""},""type"":""filter""},{""parameters"":{""name"":""ifc.ootb.CDR.mainLanguage"",""operator"":""equals"",""value"":""Arabic""},""type"":""filter""}],""type"":""operator""},{""parameters"":{""operatorValue"":""OR""},""statements"":[{""parameters"":{""name"":""ifc.ootb.CDR.msisdn"",""operator"":""equals"",""value"":""0556789012""},""type"":""filter""},{""parameters"":{""name"":""ifc.ootb.CDR.msisdn2"",""operator"":""equals"",""value"":""0556789012""},""type"":""filter""}],""type"":""operator""}]}",CDR,"[""CDR""]",[],False,True,5,"[""ifc.ootb.CDR.mainLanguage"", ""ifc.ootb.CDR.msisdn"", ""ifc.ootb.CDR.msisdn2"", ""ifc.ootb.CDR.startTime""]","[""equals"", ""relative""]"
101,Find all investigations contains 'suspicious activity',find all investigations contains 'suspicious activity',find all investigations contains <quoted>,"{""entityType"":""Investigation"",""statements"":[{""parameters"":{""name"":""ifc.core.description"",""operator"":""contains"",""value"":""suspicious activity""},""type"":""filter""}]}",Investigation,"[""Investigation""]",[],False,False,1,"[""ifc.core.description""]","[""contains""]"
104,List the phones that were first active on 15 January 2024.,list the phones that were first active on 15 january 2024.,list the phones that were first active on <number> january <number>.,"{""entityType"":""Phone"",""statements"":[{""parameters"":{""name"":""ifc.ootb.Participant.firstActiveDate"",""operator"":""is"",""value"":""2024-01-15""},""type"":""filter""}]}",Phone,"[""Phone""]",[],False,False,1,"[""ifc.ootb.Participant.firstActiveDate""]","[""is""]"
105,Show me insights related to instagram.,show me insights related to instagram.,show me insights related to instagram.,"{""entityType"":""Insight"",""statements"":[{""parameters"":{""name"":""text"",""operator"":""contains"",""value"":""instagram""},""type"":""filter""}]}",Insight,"[""Insight""]",[],False,False,1,"[""text""]","[""contains""]"
106,List all YouTube videos uploaded last month with 'tutorial' in the title,list all youtube videos uploaded last month with 'tutorial' in the title,list all youtube videos uploaded last month with <quoted> in the title,"{""entityType"":""Web Activity"",""statements"":[{""parameters"":{""name"":""ifc.ootb.Orbis.platform"",""operator"":""equals"",""value"":""youtube""},""type"":""filter""},{""parameters"":{""name"":""ifc.ootb.Orbis.publishDate"",""operator"":""relative"",""value"":{""count"":1,""mode"":""previous"",""time_res"":""month""}},""type"":""filter""},{""parameters"":{""name"":""ifc.ootb.WebActivity.title"",""operator"":""contains"",""value"":""tutorial""},""type"":""filter""}]}",Web Activity,"[""Web Activity""]",[],False,False,3,"[""ifc.ootb.Orbis.platform"", ""ifc.ootb.Orbis.publishDate"", ""ifc.ootb.WebActivity.title""]","[""contains"", ""equals"", ""relative""]"
107,Find all emails about 'meeting' sent between john@example.com and target phones last week,find all emails about 'meeting' sent between john@example.com and target phones last week,find all emails about <quoted> sent between <email> and target phones last week,"{""entityType"":""CDR"",""statements"":[{""parameters"":{""name"":""ifc.CDR.emailSubject"",""operator"":""contains"",""value"":""meeting""},""type"":""filter""},{""parameters"":{""name"":""ifc.ootb.CDR.originatorEmailAddress"",""operator"":""equals"",""value"":""john@example.com""},""type"":""filter""},{""parameters"":{""name"":""ifc.ootb.CDR.startTime"",""operator"":""relative"",""value"":{""count"":1,""mode"":""previous"",""time_res"":""week""}},""type"":""filter""},{""parameters"":{""name"":""ifc.ootb.CDR.type"",""operator"":""equals"",""value"":""Email""},""type"":""filter""},{""parameters"":{""relationTargetType"":[""Phone""],""relationType"":[""relation_Callee""]},""statements"":[{""parameters"":{""name"":""ifc.ootb.Participant.isTarget"",""operator"":""equals"",""value"":true},""type"":""filter""}],""type"":""relation""}]}",CDR,"[""CDR"", ""Phone""]","[""Phone""]",True,False,5,"[""ifc.CDR.emailSubject"", ""ifc.ootb.CDR.originatorEmailAddress"", ""ifc.ootb.CDR.startTime"", ""ifc.ootb.CDR.type"", ""ifc.ootb.Participant.isTarget""]","[""contains"", ""equals"", ""relative""]"
109,Find all communications from 0543037210 to 0506519105 in February 2024.,find all communications from 0543037210 to 0506519105 in february 2024.,find all communications from <phone> to <phone> in february <number>.,"{""entityType"":""CDR"",""statements"":[{""parameters"":{""name"":""ifc.ootb.CDR.msisdn"",""operator"":""equals"",""value"":""0543037210""},""type"":""filter""},{""parameters"":{""name"":""ifc.ootb.CDR.msisdn2"",""operator"":""equals"",""value"":""0506519105""},""type"":""filter""},{""parameters"":{""name"":""ifc.ootb.CDR.startTime"",""operator"":""between"",""value"":[""2024-02-01"",""2024-02-29""]},""type"":""filter""}]}",CDR,"[""CDR""]",[],False,False,3,"[""ifc.ootb.CDR.msisdn"", ""ifc.ootb.CDR.msisdn2"", ""ifc.ootb.CDR.startTime""]","[""between"", ""equals""]"
110,Show me investigations with the word 'conspiracy' in the description,show me investigations with the word 'conspiracy' in the description,show me investigations with the word <quoted> in the description,"{""entityType"":""Investigation"",""statements"":[{""parameters"":{""name"":""ifc.core.description"",""operator"":""contains"",""value"":""conspiracy""},""type"":""filter""}]}",Investigation,"[""Investigation""]",[],False,False,1,"[""ifc.core.description""]","[""contains""]"
111,Retrieve all persons with the first name 'John' and last name beginning with 'D',retrieve all persons with the first name 'john' and last name beginning with 'd',retrieve all persons with the first name <quoted> and last name beginning with <quoted>,"{""entityType"":""Person"",""statements"":[{""parameters"":{""name"":""ifc.Person.firstName"",""operator"":""equals"",""value"":""John""},""type"":""filter""},{""parameters"":{""name"":""ifc.Person.lastName"",""operator"":""begins_with"",""value"":""D""},""type"":""filter""}]}",Person,"[""Person""]",[],False,False,2,"[""ifc.Person.firstName"", ""ifc.Person.lastName""]","[""begins_with"", ""equals""]"
112,Show me all phones that are not in Arabic,show me all phones that are not in arabic,show me all phones that are not in arabic,"{""entityType"":""Phone"",""statements"":[{""parameters"":{""name"":""ifc.ootb.Participant.tlidDominantLanguage"",""operator"":""not_equal"",""value"":""Arabic""},""type"":""filter""}]}",Phone,"[""Phone""]",[],False,False,1,"[""ifc.ootb.Participant.tlidDominantLanguage""]","[""not_equal""]"
114,Show me all posts collected in the past 24 hours that mention the religion 'Islam'.,show me all posts collected in the past 24 hours that mention the religion 'islam'.,show me all posts collected in the past <number> hours that mention the religion <quoted>.,"{""entityType"":""Web Activity"",""statements"":[{""parameters"":{""name"":""ifc.ootb.Orbis.collectDate"",""operator"":""relative"",""value"":{""count"":24,""mode"":""previous"",""time_res"":""hour""}},""type"":""filter""},{""parameters"":{""name"":""ifc.ootb.Orbis.religion"",""operator"":""equals"",""value"":""Islam""},""type"":""filter""}]}",Web Activity,"[""Web Activity""]",[],False,False,2,"[""ifc.ootb.Orbis.collectDate"", ""ifc.ootb.Orbis.religion""]","[""equals"", ""relative""]"
115,Show reports created during the second half of February 2024,show reports created during the second half of february 2024,show reports created during the second half of february <number>,"{""entityType"":""Report"",""statements"":[{""parameters"":{""name"":""ifc.core.createtime"",""operator"":""between"",""value"":[""2024-02-15"",""2024-02-29""]},""type"":""filter""}]}",Report,"[""Report""]",[],False,False,1,"[""ifc.core.createtime""]","[""between""]"
118,List all single entry visas granted last month,list all single entry visas granted last month,list all single entry visas granted last month,"{""entityType"":""EVisa Request"",""statements"":[{""parameters"":{""name"":""ifc.EVisaRequest.visaEntries"",""operator"":""equals"",""value"":""single""},""type"":""filter""},{""parameters"":{""name"":""ifc.EVisaRequest.visaIssueDate"",""operator"":""relative"",""value"":{""count"":1,""mode"":""previous"",""time_res"":""month""}},""type"":""filter""}]}",EVisa Request,"[""EVisa Request""]",[],False,False,2,"[""ifc.EVisaRequest.visaEntries"", ""ifc.EVisaRequest.visaIssueDate""]","[""equals"", ""relative""]"
121,Who stated their occupation as 'journalist' and arrived in the last 90 days?,who stated their occupation as 'journalist' and arrived in the last 90 days?,who stated their occupation as <quoted> and arrived in the last <number> days?,"{""entityType"":""EVisa Request"",""statements"":[{""parameters"":{""name"":""ifc.EVisaRequest.arrivalDate"",""operator"":""relative"",""value"":{""count"":90,""mode"":""previous"",""time_res"":""day""}},""type"":""filter""},{""parameters"":{""name"":""ifc.EVisaRequest.occupation"",""operator"":""equals"",""value"":""journalist""},""type"":""filter""}]}",EVisa Request,"[""EVisa Request""]",[],False,False,2,"[""ifc.EVisaRequest.arrivalDate"", ""ifc.EVisaRequest.occupation""]","[""equals"", ""relative""]"
122,Show SMS messages in Spanish sent from 0543037210.,show sms messages in spanish sent from 0543037210.,show sms messages in spanish sent from <phone>.,"{""entityType"":""CDR"",""statements"":[{""parameters"":{""name"":""ifc.ootb.CDR.mainLanguage"",""operator"":""equals"",""value"":""spanish""},""type"":""filter""},{""parameters"":{""name"":""ifc.ootb.CDR.msisdn"",""operator"":""equals"",""value"":""0543037210""},""type"":""filter""},{""parameters"":{""name"":""ifc.ootb.CDR.type"",""operator"":""equals"",""value"":""Text""},""type"":""filter""}]}",CDR,"[""CDR""]",[],False,False,3,"[""ifc.ootb.CDR.mainLanguage"", ""ifc.ootb.CDR.msisdn"", ""ifc.ootb.CDR.type""]","[""equals""]"
123,Get reports containing the keyword 'money laundering',get reports containing the keyword 'money laundering',get reports containing the keyword <quoted>,"{""entityType"":""Report"",""statements"":[{""parameters"":{""name"":""text"",""operator"":""contains"",""value"":""money laundering""},""type"":""filter""}]}",Report,"[""Report""]",[],False,False,1,"[""text""]","[""contains""]"
124,"List all investigations that were closed between mar 1, 24 and mar 10, 24","list all investigations that were closed between mar 1, 24 and mar 10, 24","list all investigations that were closed between mar <number>, <number> and mar <number>, <number>","{""entityType"":""Investigation"",""statements"":[{""parameters"":{""name"":""ifc.core.dueTime"",""operator"":""between"",""value"":[""2024-03-01"",""2024-03-10""]},""type"":""filter""},{""parameters"":{""name"":""ifc.core.state"",""operator"":""equals"",""value"":""closed""},""type"":""filter""}]}",Investigation,"[""Investigation""]",[],False,False,2,"[""ifc.core.dueTime"", ""ifc.core.state""]","[""between"", ""equals""]"
125,List all Females with the passport number containing 'AB123',list all females with the passport number containing 'ab123',list all females with the passport number containing <quoted>,"{""entityType"":""Person"",""statements"":[{""parameters"":{""name"":""ifc.Person.gender"",""operator"":""equals"",""value"":""Female""},""type"":""filter""},{""parameters"":{""name"":""ifc.Person.passport"",""operator"":""contains"",""value"":""AB123""},""type"":""filter""}]}",Person,"[""Person""]",[],False,False,2,"[""ifc.Person.gender"", ""ifc.Person.passport""]","[""contains"", ""equals""]"
126,Find all web activities published yesterday that have 500 activities,find all web activities published yesterday that have 500 activities,find all web activities published yesterday that have <number> activities,"{""entityType"":""Web Activity"",""statements"":[{""parameters"":{""name"":""ifc.ootb.Orbis.publishDate"",""operator"":""relative"",""value"":{""count"":1,""mode"":""previous"",""time_res"":""day""}},""type"":""filter""},{""parameters"":{""name"":""ifc.ootb.WebActivity.numberActivities"",""operator"":""equals"",""value"":500},""type"":""filter""}]}",Web Activity,"[""Web Activity""]",[],False,False,2,"[""ifc.ootb.Orbis.publishDate"", ""ifc.ootb.WebActivity.numberActivities""]","[""equals"", ""relative""]"
128,Retrieve Instagram profiles with 'david' in the first name that were created on 10 February 2024,retrieve instagram profiles with 'david' in the first name that were created on 10 february 2024,retrieve instagram profiles with <quoted> in the first name that were created on <number> february <number>,"{""entityType"":""Web Actor"",""statements"":[{""parameters"":{""name"":""ifc.ootb.Orbis.platform"",""operator"":""equals"",""value"":""instagram""},""type"":""filter""},{""parameters"":{""name"":""ifc.ootb.Orbis.publishDate"",""operator"":""is"",""value"":""2024-02-10""},""type"":""filter""},{""parameters"":{""name"":""ifc.ootb.WebActor.firstName"",""operator"":""contains"",""value"":""david""},""type"":""filter""}]}",Web Actor,"[""Web Actor""]",[],False,False,3,"[""ifc.ootb.Orbis.platform"", ""ifc.ootb.Orbis.publishDate"", ""ifc.ootb.WebActor.firstName""]","[""contains"", ""equals"", ""is""]"
129,What emails with the keyword 'budget' were sent from bob@company.com last month?,what emails with the keyword 'budget' were sent from bob@company.com last month?,what emails with the keyword <quoted> were sent from <email> last month?,"{""entityType"":""CDR"",""statements"":[{""parameters"":{""name"":""ifc.CDR.emailSubject"",""operator"":""contains"",""value"":""budget""},""type"":""filter""},{""parameters"":{""name"":""ifc.ootb.CDR.originatorEmailAddress"",""operator"":""equals"",""value"":""bob@company.com""},""type"":""filter""},{""parameters"":{""name"":""ifc.ootb.CDR.startTime"",""operator"":""relative"",""value"":{""count"":1,""mode"":""previous"",""time_res"":""month""}},""type"":""filter""},{""parameters"":{""name"":""ifc.ootb.CDR.type"",""operator"":""equals"",""value"":""Email""},""type"":""filter""}]}",CDR,"[""CDR""]",[],False,False,4,"[""ifc.CDR.emailSubject"", ""ifc.ootb.CDR.originatorEmailAddress"", ""ifc.ootb.CDR.startTime"", ""ifc.ootb.CDR.type""]","[""contains"", ""equals"", ""relative""]"
130,Find all phones associated with the target name 'John Smith'.,find all phones associated with the target name 'john smith'.,find all phones associated with the target name <quoted>.,"{""entityType"":""Phone"",""statements"":[{""parameters"":{""name"":""ifc.ootb.Participant.targetName"",""operator"":""equals"",""value"":""John Smith""},""type"":""filter""}]}",Phone,"[""Phone""]",[],False,False,1,"[""ifc.ootb.Participant.targetName""]","[""equals""]"
131,Find Snapchat accounts with 500 friends.,find snapchat accounts with 500 friends.,find snapchat accounts with <number> friends.,"{""entityType"":""Web Actor"",""statements"":[{""parameters"":{""name"":""ifc.ootb.Orbis.platform"",""operator"":""equals"",""value"":""snapchat""},""type"":""filter""},{""parameters"":{""name"":""ifc.ootb.WebActor.numberOfFriends"",""operator"":""equals"",""value"":500},""type"":""filter""}]}",Web Actor,"[""Web Actor""]",[],False,False,2,"[""ifc.ootb.Orbis.platform"", ""ifc.ootb.WebActor.numberOfFriends""]","[""equals""]"
132,Find any individuals with the first name 'David' and last name 'Brown',find any individuals with the first name 'david' and last name 'brown',find any individuals with the first name <quoted> and last name <quoted>,"{""entityType"":""Person"",""statements"":[{""parameters"":{""name"":""ifc.Person.firstName"",""operator"":""equals"",""value"":""David""},""type"":""filter""},{""parameters"":{""name"":""ifc.Person.lastName"",""operator"":""equals"",""value"":""Brown""},""type"":""filter""}]}",Person,"[""Person""]",[],False,False,2,"[""ifc.Person.firstName"", ""ifc.Person.lastName""]","[""equals""]"
133,Show me all YouTube videos collected in the last 7 days with a sentiment score 0.8,show me all youtube videos collected in the last 7 days with a sentiment score 0.8,show me all youtube videos collected in the last <number> days with a sentiment score <number>,"{""entityType"":""Web Activity"",""statements"":[{""parameters"":{""name"":""ifc.ootb.Orbis.collectDate"",""operator"":""relative"",""value"":{""count"":7,""mode"":""previous"",""time_res"":""day""}},""type"":""filter""},{""parameters"":{""name"":""ifc.ootb.Orbis.platform"",""operator"":""equals"",""value"":""youtube""},""type"":""filter""},{""parameters"":{""name"":""ifc.ootb.WebActivity.sentimentScore"",""operator"":""equals"",""value"":0.8},""type"":""filter""}]}",Web Activity,"[""Web Activity""]",[],False,False,3,"[""ifc.ootb.Orbis.collectDate"", ""ifc.ootb.Orbis.platform"", ""ifc.ootb.WebActivity.sentimentScore""]","[""equals"", ""relative""]"
135,What calls from target phones to 0542164185 used UMTS protocol in the last 48 hours?,what calls from target phones to 0542164185 used umts protocol in the last 48 hours?,what calls from target phones to <phone> used umts protocol in the last <number> hours?,"{""entityType"":""CDR"",""statements"":[{""parameters"":{""name"":""ifc.ootb.CDR.msisdn2"",""operator"":""equals"",""value"":""0542164185""},""type"":""filter""},{""parameters"":{""name"":""ifc.ootb.CDR.protocol"",""operator"":""equals"",""value"":""UMTS""},""type"":""filter""},{""parameters"":{""name"":""ifc.ootb.CDR.startTime"",""operator"":""relative"",""value"":{""count"":2,""mode"":""previous"",""time_res"":""day""}},""type"":""filter""},{""parameters"":{""name"":""ifc.ootb.CDR.type"",""operator"":""equals"",""value"":""Voice""},""type"":""filter""},{""parameters"":{""relationTargetType"":[""Phone""],""relationType"":[""relation_Caller""]},""statements"":[{""parameters"":{""name"":""ifc.ootb.Participant.isTarget"",""operator"":""equals"",""value"":true},""type"":""filter""}],""type"":""relation""}]}",CDR,"[""CDR"", ""Phone""]","[""Phone""]",True,False,5,"[""ifc.ootb.CDR.msisdn2"", ""ifc.ootb.CDR.protocol"", ""ifc.ootb.CDR.startTime"", ""ifc.ootb.CDR.type"", ""ifc.ootb.Participant.isTarget""]","[""equals"", ""relative""]"
136,Find all phones with the IMEI 123456789012345.,find all phones with the imei 123456789012345.,find all phones with the imei <phone>.,"{""entityType"":""Phone"",""statements"":[{""parameters"":{""name"":""ifc.ootb.Phone.IMEI"",""operator"":""equals"",""value"":""123456789012345""},""type"":""filter""}]}",Phone,"[""Phone""]",[],False,False,1,"[""ifc.ootb.Phone.IMEI""]","[""equals""]"
137,List insights related to the recovered stolen vehicle from yesterday.,list insights related to the recovered stolen vehicle from yesterday.,list insights related to the recovered stolen vehicle from yesterday.,"{""entityType"":""Insight"",""statements"":[{""parameters"":{""name"":""ifc.core.createtime"",""operator"":""relative"",""value"":{""count"":1,""mode"":""previous"",""time_res"":""day""}},""type"":""filter""},{""parameters"":{""name"":""text"",""operator"":""contains"",""value"":""recovered stolen vehicle""},""type"":""filter""}]}",Insight,"[""Insight""]",[],False,False,2,"[""ifc.core.createtime"", ""text""]","[""contains"", ""relative""]"
138,Which web activities mentioning 'apple' were created by actors with 'jobs' in their profile name?,which web activities mentioning 'apple' were created by actors with 'jobs' in their profile name?,which web activities mentioning <quoted> were created by actors with <quoted> in their profile name?,"{""entityType"":""Web Activity"",""statements"":[{""parameters"":{""name"":""ifc.ootb.WebActivity.text"",""operator"":""contains"",""value"":""apple""},""type"":""filter""},{""parameters"":{""relationTargetType"":[""Web Actor""],""relationType"":[""relation_Writer""]},""statements"":[{""parameters"":{""name"":""ifc.ootb.WebActor.title"",""operator"":""contains"",""value"":""jobs""},""type"":""filter""}],""type"":""relation""}]}",Web Activity,"[""Web Activity"", ""Web Actor""]","[""Web Actor""]",True,False,2,"[""ifc.ootb.WebActivity.text"", ""ifc.ootb.WebActor.title""]","[""contains""]"
139,Show me all insights containing the keyword 'suspicious transaction' created in the past week.,show me all insights containing the keyword 'suspicious transaction' created in the past week.,show me all insights containing the keyword <quoted> created in the past week.,"{""entityType"":""Insight"",""statements"":[{""parameters"":{""name"":""ifc.core.createtime"",""operator"":""relative"",""value"":{""count"":1,""mode"":""previous"",""time_res"":""week""}},""type"":""filter""},{""parameters"":{""name"":""text"",""operator"":""contains"",""value"":""suspicious transaction""},""type"":""filter""}]}",Insight,"[""Insight""]",[],False,False,2,"[""ifc.core.createtime"", ""text""]","[""contains"", ""relative""]"
141,Retrieve activities where the main language is either English or Spanish,retrieve activities where the main language is either english or spanish,retrieve activities where the main language is either english or spanish,"{""entityType"":""Web Activity"",""statements"":[{""parameters"":{""operatorValue"":""OR""},""statements"":[{""parameters"":{""name"":""ifc.ootb.WebActivity.mainLanguage"",""operator"":""equals"",""value"":""English""},""type"":""filter""},{""parameters"":{""name"":""ifc.ootb.WebActivity.mainLanguage"",""operator"":""equals"",""value"":""Spanish""},""type"":""filter""}],""type"":""operator""}]}",Web Activity,"[""Web Activity""]",[],False,True,2,"[""ifc.ootb.WebActivity.mainLanguage""]","[""equals""]"
142,Retrieve all Females with a passport number beginning with 'CD',retrieve all females with a passport number beginning with 'cd',retrieve all females with a passport number beginning with <quoted>,"{""entityType"":""Person"",""statements"":[{""parameters"":{""name"":""ifc.Person.gender"",""operator"":""equals"",""value"":""Female""},""type"":""filter""},{""parameters"":{""name"":""ifc.Person.passport"",""operator"":""begins_with"",""value"":""CD""},""type"":""filter""}]}",Person,"[""Person""]",[],False,False,2,"[""ifc.Person.gender"", ""ifc.Person.passport""]","[""begins_with"", ""equals""]"
143,Identify web activities mentioning 'recipe' that were shared by actors that works at microsoft,identify web activities mentioning 'recipe' that were shared by actors that works at microsoft,identify web activities mentioning <quoted> that were shared by actors that works at microsoft,"{""entityType"":""Web Activity"",""statements"":[{""parameters"":{""name"":""ifc.ootb.WebActivity.text"",""operator"":""contains"",""value"":""recipe""},""type"":""filter""},{""parameters"":{""relationTargetType"":[""Web Actor""],""relationType"":[""relation_Writer""]},""statements"":[{""parameters"":{""name"":""ifc.ootb.WebActor.jobCompanyName"",""operator"":""contains"",""value"":""microsoft""},""type"":""filter""}],""type"":""relation""}]}",Web Activity,"[""Web Activity"", ""Web Actor""]","[""Web Actor""]",True,False,2,"[""ifc.ootb.WebActivity.text"", ""ifc.ootb.WebActor.jobCompanyName""]","[""contains""]"
145,show me sms conversations of 0546245991 about bomb,show me sms conversations of 0546245991 about bomb,show me sms conversations of <phone> about bomb,"{""entityType"":""CDR"",""statements"":[{""parameters"":{""name"":""ifc.ootb.CDR.smsText"",""operator"":""contains"",""value"":""bomb""},""type"":""filter""},{""parameters"":{""name"":""ifc.ootb.CDR.type"",""operator"":""equals"",""value"":""Text""},""type"":""filter""},{""parameters"":{""operatorValue"":""OR""},""statements"":[{""parameters"":{""name"":""ifc.ootb.CDR.msisdn"",""operator"":""equals"",""value"":""0546245991""},""type"":""filter""},{""parameters"":{""name"":""ifc.ootb.CDR.msisdn2"",""operator"":""equals"",""value"":""0546245991""},""type"":""filter""}],""type"":""operator""}]}",CDR,"[""CDR""]",[],False,True,4,"[""ifc.ootb.CDR.msisdn"", ""ifc.ootb.CDR.msisdn2"", ""ifc.ootb.CDR.smsText"", ""ifc.ootb.CDR.type""]","[""contains"", ""equals""]"
147,Show me all LinkedIn activities from actors with 'Data Scientist' in their job description.,show me all linkedin activities from actors with 'data scientist' in their job description.,show me all linkedin activities from actors with <quoted> in their job description.,"{""entityType"":""Web Activity"",""statements"":[{""parameters"":{""name"":""ifc.ootb.Orbis.platform"",""operator"":""equals"",""value"":""linkedin""},""type"":""filter""},{""parameters"":{""relationTargetType"":[""Web Actor""],""relationType"":[""relation_Writer""]},""statements"":[{""parameters"":{""name"":""ifc.ootb.WebActor.jobCompanyName"",""operator"":""contains"",""value"":""Data Scientist""},""type"":""filter""}],""type"":""relation""}]}",Web Activity,"[""Web Activity"", ""Web Actor""]","[""Web Actor""]",True,False,2,"[""ifc.ootb.Orbis.platform"", ""ifc.ootb.WebActor.jobCompanyName""]","[""contains"", ""equals""]"
148,Show me all SMS messages containing the word 'meeting' sent from 0543037210 in the past week.,show me all sms messages containing the word 'meeting' sent from 0543037210 in the past week.,show me all sms messages containing the word <quoted> sent from <phone> in the past week.,"{""entityType"":""CDR"",""statements"":[{""parameters"":{""name"":""ifc.ootb.CDR.msisdn"",""operator"":""equals"",""value"":""0543037210""},""type"":""filter""},{""parameters"":{""name"":""ifc.ootb.CDR.smsText"",""operator"":""contains"",""value"":""meeting""},""type"":""filter""},{""parameters"":{""name"":""ifc.ootb.CDR.startTime"",""operator"":""relative"",""value"":{""count"":1,""mode"":""previous"",""time_res"":""week""}},""type"":""filter""},{""parameters"":{""name"":""ifc.ootb.CDR.type"",""operator"":""equals"",""value"":""Text""},""type"":""filter""}]}",CDR,"[""CDR""]",[],False,False,4,"[""ifc.ootb.CDR.msisdn"", ""ifc.ootb.CDR.smsText"", ""ifc.ootb.CDR.startTime"", ""ifc.ootb.CDR.type""]","[""contains"", ""equals"", ""relative""]"
149,List successful incoming calls to 0546655668 from 0543037210 that lasted  30 minutes today,list successful incoming calls to 0546655668 from 0543037210 that lasted 30 minutes today,list successful incoming calls to <phone> from <phone> that lasted <number> minutes today,"{""entityType"":""CDR"",""statements"":[{""parameters"":{""name"":""ifc.ootb.CDR.callStatus"",""operator"":""equals"",""value"":""Successful""},""type"":""filter""},{""parameters"":{""name"":""ifc.ootb.CDR.direction"",""operator"":""equals"",""value"":""incoming""},""type"":""filter""},{""parameters"":{""name"":""ifc.ootb.CDR.duration"",""operator"":""equals"",""value"":30},""type"":""filter""},{""parameters"":{""name"":""ifc.ootb.CDR.msisdn"",""operator"":""equals"",""value"":""0543037210""},""type"":""filter""},{""parameters"":{""name"":""ifc.ootb.CDR.msisdn2"",""operator"":""equals"",""value"":""0546655668""},""type"":""filter""},{""parameters"":{""name"":""ifc.ootb.CDR.startTime"",""operator"":""relative"",""value"":{""count"":1,""mode"":""current"",""time_res"":""day""}},""type"":""filter""},{""parameters"":{""name"":""ifc.ootb.CDR.type"",""operator"":""equals"",""value"":""Voice""},""type"":""filter""}]}",CDR,"[""CDR""]",[],False,False,7,"[""ifc.ootb.CDR.callStatus"", ""ifc.ootb.CDR.direction"", ""ifc.ootb.CDR.duration"", ""ifc.ootb.CDR.msisdn"", ""ifc.ootb.CDR.msisdn2"", ""ifc.ootb.CDR.startTime"", ""ifc.ootb.CDR.type""]","[""equals"", ""relative""]"
150,Which LinkedIn accounts mention 'Harvard University' in their education and were created before 1 January 2020?,which linkedin accounts mention 'harvard university' in their education and were created before 1 january 2020?,which linkedin accounts mention <quoted> in their education and were created before <number> january <number>?,"{""entityType"":""Web Actor"",""statements"":[{""parameters"":{""name"":""ifc.ootb.Orbis.platform"",""operator"":""equals"",""value"":""linkedin""},""type"":""filter""},{""parameters"":{""name"":""ifc.ootb.Orbis.publishDate"",""operator"":""before"",""value"":""2020-01-01""},""type"":""filter""},{""parameters"":{""name"":""ifc.ootb.WebActor.educationalInstitution"",""operator"":""contains"",""value"":""Harvard University""},""type"":""filter""}]}",Web Actor,"[""Web Actor""]",[],False,False,3,"[""ifc.ootb.Orbis.platform"", ""ifc.ootb.Orbis.publishDate"", ""ifc.ootb.WebActor.educationalInstitution""]","[""before"", ""contains"", ""equals""]"
151,Retrieve Instagram accounts with 'smith' in the last name that liked 1000 pages,retrieve instagram accounts with 'smith' in the last name that liked 1000 pages,retrieve instagram accounts with <quoted> in the last name that liked <number> pages,"{""entityType"":""Web Actor"",""statements"":[{""parameters"":{""name"":""ifc.ootb.Orbis.platform"",""operator"":""equals"",""value"":""instagram""},""type"":""filter""},{""parameters"":{""name"":""ifc.ootb.WebActor.lastName"",""operator"":""contains"",""value"":""smith""},""type"":""filter""},{""parameters"":{""name"":""ifc.ootb.WebActor.numberPagesLiked"",""operator"":""equals"",""value"":1000},""type"":""filter""}]}",Web Actor,"[""Web Actor""]",[],False,False,3,"[""ifc.ootb.Orbis.platform"", ""ifc.ootb.WebActor.lastName"", ""ifc.ootb.WebActor.numberPagesLiked""]","[""contains"", ""equals""]"
152,Identify profiles from LinkedIn or Twitter that mention cryptocurrency or 'blockchain',identify profiles from linkedin or twitter that mention cryptocurrency or 'blockchain',identify profiles from linkedin or twitter that mention cryptocurrency or <quoted>,"{""entityType"":""Web Actor"",""statements"":[{""parameters"":{""operatorValue"":""OR""},""statements"":[{""parameters"":{""name"":""ifc.ootb.Orbis.platform"",""operator"":""equals"",""value"":""LinkedIn""},""type"":""filter""},{""parameters"":{""name"":""ifc.ootb.Orbis.platform"",""operator"":""equals"",""value"":""Twitter""},""type"":""filter""}],""type"":""operator""},{""parameters"":{""operatorValue"":""OR""},""statements"":[{""parameters"":{""name"":""ifc.ootb.WebActor.about"",""operator"":""contains"",""value"":""cryptocurrency""},""type"":""filter""},{""parameters"":{""name"":""ifc.ootb.WebActor.about"",""operator"":""contains"",""value"":""blockchain""},""type"":""filter""}],""type"":""operator""}]}",Web Actor,"[""Web Actor""]",[],False,True,4,"[""ifc.ootb.Orbis.platform"", ""ifc.ootb.WebActor.about""]","[""contains"", ""equals""]"
153,Get posts where the number of likes is 100 or the number of shares is 50,get posts where the number of likes is 100 or the number of shares is 50,get posts where the number of likes is <number> or the number of shares is <number>,"{""entityType"":""Web Activity"",""statements"":[{""parameters"":{""operatorValue"":""OR""},""statements"":[{""parameters"":{""name"":""ifc.ootb.WebActivity.numberOfLikes"",""operator"":""equals"",""value"":100},""type"":""filter""},{""parameters"":{""name"":""ifc.ootb.WebActivity.numberShares"",""operator"":""equals"",""value"":50},""type"":""filter""}],""type"":""operator""}]}",Web Activity,"[""Web Activity""]",[],False,True,2,"[""ifc.ootb.WebActivity.numberOfLikes"", ""ifc.ootb.WebActivity.numberShares""]","[""equals""]"
155,Show me people with a passport that starts with 'A' or ends with '5',show me people with a passport that starts with 'a' or ends with '5',show me people with a passport that starts with <quoted> or ends with <quoted>,"{""entityType"":""Person"",""statements"":[{""parameters"":{""operatorValue"":""OR""},""statements"":[{""parameters"":{""name"":""ifc.Person.passport"",""operator"":""begins_with"",""value"":""A""},""type"":""filter""},{""parameters"":{""name"":""ifc.Person.passport"",""operator"":""contains"",""value"":""5""},""type"":""filter""}],""type"":""operator""}]}",Person,"[""Person""]",[],False,True,2,"[""ifc.Person.passport""]","[""begins_with"", ""contains""]"
156,What reports contain the phrase 'customer satisfaction survey'?,what reports contain the phrase 'customer satisfaction survey'?,what reports contain the phrase <quoted>?,"{""entityType"":""Report"",""statements"":[{""parameters"":{""name"":""text"",""operator"":""contains"",""value"":""customer satisfaction survey""},""type"":""filter""}]}",Report,"[""Report""]",[],False,False,1,"[""text""]","[""contains""]"
157,What phones have the MSISDN 972-52-555-6789?,what phones have the msisdn 972-52-555-6789?,what phones have the msisdn <phone>?,"{""entityType"":""Phone"",""statements"":[{""parameters"":{""name"":""ifc.ootb.Phone.MSISDN"",""operator"":""equals"",""value"":""972-52-555-6789""},""type"":""filter""}]}",Phone,"[""Phone""]",[],False,False,1,"[""ifc.ootb.Phone.MSISDN""]","[""equals""]"
159,Find any SMS messages in French sent from 0506655668 to 0523739993 in the last 90 days,find any sms messages in french sent from 0506655668 to 0523739993 in the last 90 days,find any sms messages in french sent from <phone> to <phone> in the last <number> days,"{""entityType"":""CDR"",""statements"":[{""parameters"":{""name"":""ifc.ootb.CDR.mainLanguage"",""operator"":""equals"",""value"":""French""},""type"":""filter""},{""parameters"":{""name"":""ifc.ootb.CDR.msisdn"",""operator"":""equals"",""value"":""0506655668""},""type"":""filter""},{""parameters"":{""name"":""ifc.ootb.CDR.msisdn2"",""operator"":""equals"",""value"":""0523739993""},""type"":""filter""},{""parameters"":{""name"":""ifc.ootb.CDR.startTime"",""operator"":""relative"",""value"":{""count"":90,""mode"":""previous"",""time_res"":""day""}},""type"":""filter""},{""parameters"":{""name"":""ifc.ootb.CDR.type"",""operator"":""equals"",""value"":""Text""},""type"":""filter""}]}",CDR,"[""CDR""]",[],False,False,5,"[""ifc.ootb.CDR.mainLanguage"", ""ifc.ootb.CDR.msisdn"", ""ifc.ootb.CDR.msisdn2"", ""ifc.ootb.CDR.startTime"", ""ifc.ootb.CDR.type""]","[""equals"", ""relative""]"
160,What reports were updated in the past 48 hours?,what reports were updated in the past 48 hours?,what reports were updated in the past <number> hours?,"{""entityType"":""Report"",""statements"":[{""parameters"":{""name"":""ifc.core.updatetime"",""operator"":""relative"",""value"":{""count"":48,""mode"":""previous"",""time_res"":""hour""}},""type"":""filter""}]}",Report,"[""Report""]",[],False,False,1,"[""ifc.core.updatetime""]","[""relative""]"
161,Find all posts with a negative sentiment posted by accounts who have 'Paris' as their current city.,find all posts with a negative sentiment posted by accounts who have 'paris' as their current city.,find all posts with a negative sentiment posted by accounts who have <quoted> as their current city.,"{""entityType"":""Web Activity"",""statements"":[{""parameters"":{""name"":""ifc.ootb.WebActivity.sentiment"",""operator"":""equals"",""value"":""Negative""},""type"":""filter""},{""parameters"":{""relationTargetType"":[""Web Actor""],""relationType"":[""relation_Writer""]},""statements"":[{""parameters"":{""name"":""ifc.ootb.WebActor.about"",""operator"":""contains"",""value"":""Paris""},""type"":""filter""}],""type"":""relation""}]}",Web Activity,"[""Web Activity"", ""Web Actor""]","[""Web Actor""]",True,False,2,"[""ifc.ootb.WebActivity.sentiment"", ""ifc.ootb.WebActor.about""]","[""contains"", ""equals""]"
162,Find all posts written by Michael Johnson that mention the word 'football'.,find all posts written by michael johnson that mention the word 'football'.,find all posts written by michael johnson that mention the word <quoted>.,"{""entityType"":""Web Activity"",""statements"":[{""parameters"":{""name"":""ifc.ootb.WebActivity.text"",""operator"":""contains"",""value"":""football""},""type"":""filter""},{""parameters"":{""name"":""ifc.ootb.WebActivity.writerFullName"",""operator"":""equals"",""value"":""Michael Johnson""},""type"":""filter""}]}",Web Activity,"[""Web Activity""]",[],False,False,2,"[""ifc.ootb.WebActivity.text"", ""ifc.ootb.WebActivity.writerFullName""]","[""contains"", ""equals""]"
163,List binary SMS messages sent from 0543037210 in the last 2 days,list binary sms messages sent from 0543037210 in the last 2 days,list binary sms messages sent from <phone> in the last <number> days,"{""entityType"":""CDR"",""statements"":[{""parameters"":{""name"":""ifc.ootb.CDR.msisdn"",""operator"":""equals"",""value"":""0543037210""},""type"":""filter""},{""parameters"":{""name"":""ifc.ootb.CDR.smsType"",""operator"":""equals"",""value"":""binary""},""type"":""filter""},{""parameters"":{""name"":""ifc.ootb.CDR.startTime"",""operator"":""relative"",""value"":{""count"":2,""mode"":""previous"",""time_res"":""day""}},""type"":""filter""},{""parameters"":{""name"":""ifc.ootb.CDR.type"",""operator"":""equals"",""value"":""Text""},""type"":""filter""}]}",CDR,"[""CDR""]",[],False,False,4,"[""ifc.ootb.CDR.msisdn"", ""ifc.ootb.CDR.smsType"", ""ifc.ootb.CDR.startTime"", ""ifc.ootb.CDR.type""]","[""equals"", ""relative""]"
165,Retrieve all communications for subcase 'ABC789' in the first week of March 2024.,retrieve all communications for subcase 'abc789' in the first week of march 2024.,retrieve all communications for subcase <quoted> in the first week of march <number>.,"{""entityType"":""CDR"",""statements"":[{""parameters"":{""name"":""ifc.CDR.subcaseCode"",""operator"":""equals"",""value"":""ABC789""},""type"":""filter""},{""parameters"":{""name"":""ifc.ootb.CDR.startTime"",""operator"":""between"",""value"":[""2024-03-01"",""2024-03-07""]},""type"":""filter""}]}",CDR,"[""CDR""]",[],False,False,2,"[""ifc.CDR.subcaseCode"", ""ifc.ootb.CDR.startTime""]","[""between"", ""equals""]"
173,List any insights that contain 'surveillance footage' or 'CCTV recording' in the text field,list any insights that contain 'surveillance footage' or 'cctv recording' in the text field,list any insights that contain <quoted> or <quoted> in the text field,"{""entityType"":""Insight"",""statements"":[{""parameters"":{""operatorValue"":""OR""},""statements"":[{""parameters"":{""name"":""text"",""operator"":""contains"",""value"":""surveillance footage""},""type"":""filter""},{""parameters"":{""name"":""text"",""operator"":""contains"",""value"":""CCTV recording""},""type"":""filter""}],""type"":""operator""}]}",Insight,"[""Insight""]",[],False,True,2,"[""text""]","[""contains""]"
174,List all calls made using 4G technology.,list all calls made using 4g technology.,list all calls made using 4g technology.,"{""entityType"":""CDR"",""statements"":[{""parameters"":{""name"":""ifc.ootb.CDR.technology"",""operator"":""equals"",""value"":""4G""},""type"":""filter""},{""parameters"":{""name"":""ifc.ootb.CDR.type"",""operator"":""equals"",""value"":""Voice""},""type"":""filter""}]}",CDR,"[""CDR""]",[],False,False,2,"[""ifc.ootb.CDR.technology"", ""ifc.ootb.CDR.type""]","[""equals""]"
175,Find communications in English from john@example.com in February 2024,find communications in english from john@example.com in february 2024,find communications in english from <email> in february <number>,"{""entityType"":""CDR"",""statements"":[{""parameters"":{""name"":""ifc.ootb.CDR.mainLanguage"",""operator"":""equals"",""value"":""English""},""type"":""filter""},{""parameters"":{""name"":""ifc.ootb.CDR.originatorEmailAddress"",""operator"":""equals"",""value"":""john@example.com""},""type"":""filter""},{""parameters"":{""name"":""ifc.ootb.CDR.startTime"",""operator"":""between"",""value"":[""2024-02-01"",""2024-02-29""]},""type"":""filter""},{""parameters"":{""name"":""ifc.ootb.CDR.type"",""operator"":""equals"",""value"":""Email""},""type"":""filter""}]}",CDR,"[""CDR""]",[],False,False,4,"[""ifc.ootb.CDR.mainLanguage"", ""ifc.ootb.CDR.originatorEmailAddress"", ""ifc.ootb.CDR.startTime"", ""ifc.ootb.CDR.type""]","[""between"", ""equals""]"
176,"Find tweets containing the hashtag '#climatechange' that were posted by actors with 10000 followers.""","find tweets containing the hashtag '#climatechange' that were posted by actors with 10000 followers.""","find tweets containing the hashtag <quoted> that were posted by actors with <number> followers.""","{""entityType"":""Web Activity"",""statements"":[{""parameters"":{""name"":""ifc.ootb.Orbis.hashtags"",""operator"":""contains"",""value"":""#climatechange""},""type"":""filter""},{""parameters"":{""name"":""ifc.ootb.Orbis.platform"",""operator"":""equals"",""value"":""twitter""},""type"":""filter""},{""parameters"":{""relationTargetType"":[""Web Actor""],""relationType"":[""relation_Writer""]},""statements"":[{""parameters"":{""name"":""ifc.ootb.WebActor.numberOfFollowers"",""operator"":""equals"",""value"":10000},""type"":""filter""}],""type"":""relation""}]}",Web Activity,"[""Web Activity"", ""Web Actor""]","[""Web Actor""]",True,False,3,"[""ifc.ootb.Orbis.hashtags"", ""ifc.ootb.Orbis.platform"", ""ifc.ootb.WebActor.numberOfFollowers""]","[""contains"", ""equals""]"
177,Find all CDRs of 0527893156 or 0523741852 with attachments in the past 48 hours,find all cdrs of 0527893156 or 0523741852 with attachments in the past 48 hours,find all cdrs of <phone> or <phone> with attachments in the past <number> hours,"{""entityType"":""CDR"",""statements"":[{""parameters"":{""name"":""ifc.ootb.CDR.createDateTime"",""operator"":""relative"",""value"":{""count"":48,""mode"":""previous"",""time_res"":""hour""}},""type"":""filter""},{""parameters"":{""name"":""ifc.ootb.CDR.isAttachment"",""operator"":""equals"",""value"":true},""type"":""filter""},{""parameters"":{""operatorValue"":""OR""},""statements"":[{""parameters"":{""name"":""ifc.ootb.CDR.msisdn"",""operator"":""equals"",""value"":""0527893156""},""type"":""filter""},{""parameters"":{""name"":""ifc.ootb.CDR.msisdn"",""operator"":""equals"",""value"":""0523741852""},""type"":""filter""},{""parameters"":{""name"":""ifc.ootb.CDR.msisdn2"",""operator"":""equals"",""value"":""0527893156""},""type"":""filter""},{""parameters"":{""name"":""ifc.ootb.CDR.msisdn2"",""operator"":""equals"",""value"":""0523741852""},""type"":""filter""}],""type"":""operator""}]}",CDR,"[""CDR""]",[],False,True,6,"[""ifc.ootb.CDR.createDateTime"", ""ifc.ootb.CDR.isAttachment"", ""ifc.ootb.CDR.msisdn"", ""ifc.ootb.CDR.msisdn2""]","[""equals"", ""relative""]"
181,Present all posts shared by male profiles between the ages of 25-35.,present all posts shared by male profiles between the ages of 25-35.,present all posts shared by male profiles between the ages of <number>-<number>.,"{""entityType"":""Web Activity"",""statements"":[{""parameters"":{""relationTargetType"":[""Web Actor""],""relationType"":[""relation_Writer""]},""statements"":[{""parameters"":{""name"":""ifc.ootb.WebActor.gender"",""operator"":""equals"",""value"":""Male""},""type"":""filter""},{""parameters"":{""name"":""ifc.ootb.WebActor.birthDate"",""operator"":""between"",""value"":[""1988-01-01"",""1998-01-01""]},""type"":""filter""}],""type"":""relation""}]}",Web Activity,"[""Web Activity"", ""Web Actor""]","[""Web Actor""]",True,False,2,"[""ifc.ootb.WebActor.birthDate"", ""ifc.ootb.WebActor.gender""]","[""between"", ""equals""]"
182,List all YouTube videos collected in the past week that have a negative sentiment,list all youtube videos collected in the past week that have a negative sentiment,list all youtube videos collected in the past week that have a negative sentiment,"{""entityType"":""Web Activity"",""statements"":[{""parameters"":{""name"":""ifc.ootb.Orbis.collectDate"",""operator"":""relative"",""value"":{""count"":1,""mode"":""previous"",""time_res"":""week""}},""type"":""filter""},{""parameters"":{""name"":""ifc.ootb.Orbis.platform"",""operator"":""equals"",""value"":""youtube""},""type"":""filter""},{""parameters"":{""name"":""ifc.ootb.WebActivity.sentiment"",""operator"":""equals"",""value"":""Negative""},""type"":""filter""}]}",Web Activity,"[""Web Activity""]",[],False,False,3,"[""ifc.ootb.Orbis.collectDate"", ""ifc.ootb.Orbis.platform"", ""ifc.ootb.WebActivity.sentiment""]","[""equals"", ""relative""]"
183,List all communications to IP address 10.0.0.5 on 15 March 2024,list all communications to ip address 10.0.0.5 on 15 march 2024,list all communications to ip address <phone> on <number> march <number>,"{""entityType"":""CDR"",""statements"":[{""parameters"":{""name"":""ifc.ootb.CDR.ipAddress2"",""operator"":""equals"",""value"":""10.0.0.5""},""type"":""filter""},{""parameters"":{""name"":""ifc.ootb.CDR.startTime"",""operator"":""is"",""value"":""2024-03-15""},""type"":""filter""}]}",CDR,"[""CDR""]",[],False,False,2,"[""ifc.ootb.CDR.ipAddress2"", ""ifc.ootb.CDR.startTime""]","[""equals"", ""is""]"
184,List all SMS messages sent over WiFi in the past 2 days.,list all sms messages sent over wifi in the past 2 days.,list all sms messages sent over wifi in the past <number> days.,"{""entityType"":""CDR"",""statements"":[{""parameters"":{""name"":""ifc.ootb.CDR.startTime"",""operator"":""relative"",""value"":{""count"":2,""mode"":""previous"",""time_res"":""day""}},""type"":""filter""},{""parameters"":{""name"":""ifc.ootb.CDR.technology"",""operator"":""equals"",""value"":""WiFi""},""type"":""filter""},{""parameters"":{""name"":""ifc.ootb.CDR.type"",""operator"":""equals"",""value"":""Text""},""type"":""filter""}]}",CDR,"[""CDR""]",[],False,False,3,"[""ifc.ootb.CDR.startTime"", ""ifc.ootb.CDR.technology"", ""ifc.ootb.CDR.type""]","[""equals"", ""relative""]"
189,List all web activities written in Spanish that have a sentiment score  0.8.,list all web activities written in spanish that have a sentiment score 0.8.,list all web activities written in spanish that have a sentiment score <number>.,"{""entityType"":""Web Activity"",""statements"":[{""parameters"":{""name"":""ifc.ootb.WebActivity.mainLanguage"",""operator"":""equals"",""value"":""spanish""},""type"":""filter""},{""parameters"":{""name"":""ifc.ootb.WebActivity.sentimentScore"",""operator"":""equals"",""value"":0.8},""type"":""filter""}]}",Web Activity,"[""Web Activity""]",[],False,False,2,"[""ifc.ootb.WebActivity.mainLanguage"", ""ifc.ootb.WebActivity.sentimentScore""]","[""equals""]"
192,Show me Facebook profiles with 'sarah' as the first name that liked 500 pages and have 1000 friends,show me facebook profiles with 'sarah' as the first name that liked 500 pages and have 1000 friends,show me facebook profiles with <quoted> as the first name that liked <number> pages and have <number> friends,"{""entityType"":""Web Actor"",""statements"":[{""parameters"":{""name"":""ifc.ootb.Orbis.platform"",""operator"":""equals"",""value"":""facebook""},""type"":""filter""},{""parameters"":{""name"":""ifc.ootb.WebActor.firstName"",""operator"":""equals"",""value"":""sarah""},""type"":""filter""},{""parameters"":{""name"":""ifc.ootb.WebActor.numberOfFriends"",""operator"":""equals"",""value"":1000},""type"":""filter""},{""parameters"":{""name"":""ifc.ootb.WebActor.numberPagesLiked"",""operator"":""equals"",""value"":500},""type"":""filter""}]}",Web Actor,"[""Web Actor""]",[],False,False,4,"[""ifc.ootb.Orbis.platform"", ""ifc.ootb.WebActor.firstName"", ""ifc.ootb.WebActor.numberOfFriends"", ""ifc.ootb.WebActor.numberPagesLiked""]","[""equals""]"
193,List all investigations due before 1 April 2024,list all investigations due before 1 april 2024,list all investigations due before <number> april <number>,"{""entityType"":""Investigation"",""statements"":[{""parameters"":{""name"":""ifc.core.dueTime"",""operator"":""before"",""value"":""2024-04-01""},""type"":""filter""}]}",Investigation,"[""Investigation""]",[],False,False,1,"[""ifc.core.dueTime""]","[""before""]"
194,List phones that were first active before 1 January 2023,list phones that were first active before 1 january 2023,list phones that were first active before <number> january <number>,"{""entityType"":""Phone"",""statements"":[{""parameters"":{""name"":""ifc.ootb.Participant.firstActiveDate"",""operator"":""before"",""value"":""2023-01-01""},""type"":""filter""}]}",Phone,"[""Phone""]",[],False,False,1,"[""ifc.ootb.Participant.firstActiveDate""]","[""before""]"
195,List investigations related to bribery that are currently open,list investigations related to bribery that are currently open,list investigations related to bribery that are currently open,"{""entityType"":""Investigation"",""statements"":[{""parameters"":{""name"":""ifc.core.description"",""operator"":""contains"",""value"":""bribery""},""type"":""filter""},{""parameters"":{""name"":""ifc.core.state"",""operator"":""equals"",""value"":""open""},""type"":""filter""}]}",Investigation,"[""Investigation""]",[],False,False,2,"[""ifc.core.description"", ""ifc.core.state""]","[""contains"", ""equals""]"
196,List Facebook accounts of Females born before 1 January 1990 who studied at Oxford University,list facebook accounts of females born before 1 january 1990 who studied at oxford university,list facebook accounts of females born before <number> january <number> who studied at oxford university,"{""entityType"":""Web Actor"",""statements"":[{""parameters"":{""name"":""ifc.ootb.Orbis.platform"",""operator"":""equals"",""value"":""facebook""},""type"":""filter""},{""parameters"":{""name"":""ifc.ootb.WebActor.birthDate"",""operator"":""before"",""value"":""1990-01-01""},""type"":""filter""},{""parameters"":{""name"":""ifc.ootb.WebActor.educationalInstitution"",""operator"":""contains"",""value"":""Oxford University""},""type"":""filter""},{""parameters"":{""name"":""ifc.ootb.WebActor.gender"",""operator"":""equals"",""value"":""Female""},""type"":""filter""}]}",Web Actor,"[""Web Actor""]",[],False,False,4,"[""ifc.ootb.Orbis.platform"", ""ifc.ootb.WebActor.birthDate"", ""ifc.ootb.WebActor.educationalInstitution"", ""ifc.ootb.WebActor.gender""]","[""before"", ""contains"", ""equals""]"
197,List all communications initiated by phones with MSISDN +972541234567 to any target phone,list all communications initiated by phones with msisdn +972541234567 to any target phone,list all communications initiated by phones with msisdn +<phone> to any target phone,"{""entityType"":""CDR"",""statements"":[{""parameters"":{""name"":""ifc.ootb.CDR.msisdn"",""operator"":""equals"",""value"":""+972541234567""},""type"":""filter""},{""parameters"":{""relationTargetType"":[""Phone""],""relationType"":[""relation_Caller""]},""statements"":[{""parameters"":{""name"":""ifc.ootb.Participant.isTarget"",""operator"":""equals"",""value"":true},""type"":""filter""}],""type"":""relation""}]}",CDR,"[""CDR"", ""Phone""]","[""Phone""]",True,False,2,"[""ifc.ootb.CDR.msisdn"", ""ifc.ootb.Participant.isTarget""]","[""equals""]"
200,Get investigations that were either created yesterday or have a state of open,get investigations that were either created yesterday or have a state of open,get investigations that were either created yesterday or have a state of open,"{""entityType"":""Investigation"",""statements"":[{""parameters"":{""operatorValue"":""OR""},""statements"":[{""parameters"":{""name"":""ifc.core.createtime"",""operator"":""relative"",""value"":{""count"":1,""mode"":""previous"",""time_res"":""day""}},""type"":""filter""},{""parameters"":{""name"":""ifc.core.state"",""operator"":""equals"",""value"":""open""},""type"":""filter""}],""type"":""operator""}]}",Investigation,"[""Investigation""]",[],False,True,2,"[""ifc.core.createtime"", ""ifc.core.state""]","[""equals"", ""relative""]"
201,Find communications in the last 3 days from phones of type 'Mobile' to 100.1.1.12.,find communications in the last 3 days from phones of type 'mobile' to 100.1.1.12.,find communications in the last <number> days from phones of type <quoted> to <phone>.,"{""entityType"":""CDR"",""statements"":[{""parameters"":{""name"":""ifc.ootb.CDR.ipAddress2"",""operator"":""equals"",""value"":""100.1.1.12""},""type"":""filter""},{""parameters"":{""name"":""ifc.ootb.CDR.startTime"",""operator"":""relative"",""value"":{""count"":3,""mode"":""previous"",""time_res"":""day""}},""type"":""filter""},{""parameters"":{""relationTargetType"":[""Phone""],""relationType"":[""relation_Caller""]},""statements"":[{""parameters"":{""name"":""ifc.Phone.type"",""operator"":""equals"",""value"":""Mobile""},""type"":""filter""}],""type"":""relation""}]}",CDR,"[""CDR"", ""Phone""]","[""Phone""]",True,False,3,"[""ifc.Phone.type"", ""ifc.ootb.CDR.ipAddress2"", ""ifc.ootb.CDR.startTime""]","[""equals"", ""relative""]"
203,"List reports created on March 1, 2024","list reports created on march 1, 2024","list reports created on march <number>, <number>","{""entityType"":""Report"",""statements"":[{""parameters"":{""name"":""ifc.core.createtime"",""operator"":""is"",""value"":""2024-03-01""},""type"":""filter""}]}",Report,"[""Report""]",[],False,False,1,"[""ifc.core.createtime""]","[""is""]"
207,Find all emails from ariel042cohen@gmail.com to dani@gmail.com with the word 'urgent' in the subject line in the last 48 hours,find all emails from ariel042cohen@gmail.com to dani@gmail.com with the word 'urgent' in the subject line in the last 48 hours,find all emails from <email> to <email> with the word <quoted> in the subject line in the last <number> hours,"{""entityType"":""CDR"",""statements"":[{""parameters"":{""name"":""ifc.CDR.emailSubject"",""operator"":""contains"",""value"":""urgent""},""type"":""filter""},{""parameters"":{""name"":""ifc.ootb.CDR.destinationEmailAddress"",""operator"":""equals"",""value"":""dani@gmail.com""},""type"":""filter""},{""parameters"":{""name"":""ifc.ootb.CDR.originatorEmailAddress"",""operator"":""equals"",""value"":""ariel042cohen@gmail.com""},""type"":""filter""},{""parameters"":{""name"":""ifc.ootb.CDR.startTime"",""operator"":""relative"",""value"":{""count"":48,""mode"":""previous"",""time_res"":""hour""}},""type"":""filter""},{""parameters"":{""name"":""ifc.ootb.CDR.type"",""operator"":""equals"",""value"":""Email""},""type"":""filter""}]}",CDR,"[""CDR""]",[],False,False,5,"[""ifc.CDR.emailSubject"", ""ifc.ootb.CDR.destinationEmailAddress"", ""ifc.ootb.CDR.originatorEmailAddress"", ""ifc.ootb.CDR.startTime"", ""ifc.ootb.CDR.type""]","[""contains"", ""equals"", ""relative""]"
208,Find all YouTube videos uploaded in February 2024 with 'unboxing' in the title,find all youtube videos uploaded in february 2024 with 'unboxing' in the title,find all youtube videos uploaded in february <number> with <quoted> in the title,"{""entityType"":""Web Activity"",""statements"":[{""parameters"":{""name"":""ifc.ootb.Orbis.platform"",""operator"":""equals"",""value"":""youtube""},""type"":""filter""},{""parameters"":{""name"":""ifc.ootb.Orbis.publishDate"",""operator"":""between"",""value"":[""2024-02-01"",""2024-02-29""]},""type"":""filter""},{""parameters"":{""name"":""ifc.ootb.WebActivity.title"",""operator"":""contains"",""value"":""unboxing""},""type"":""filter""}]}",Web Activity,"[""Web Activity""]",[],False,False,3,"[""ifc.ootb.Orbis.platform"", ""ifc.ootb.Orbis.publishDate"", ""ifc.ootb.WebActivity.title""]","[""between"", ""contains"", ""equals""]"
209,"What insights were recorded regarding the suspect's alibi on March 10, 2024?","what insights were recorded regarding the suspect's alibi on march 10, 2024?","what insights were recorded regarding the suspect's alibi on march <number>, <number>?","{""entityType"":""Insight"",""statements"":[{""parameters"":{""name"":""ifc.core.createtime"",""operator"":""is"",""value"":""2024-03-10""},""type"":""filter""},{""parameters"":{""name"":""text"",""operator"":""contains"",""value"":""alibi""},""type"":""filter""}]}",Insight,"[""Insight""]",[],False,False,2,"[""ifc.core.createtime"", ""text""]","[""contains"", ""is""]"
210,List all incoming calls to +972506655668 that lasted  5 minutes today.,list all incoming calls to +972506655668 that lasted 5 minutes today.,list all incoming calls to +<phone> that lasted <number> minutes today.,"{""entityType"":""CDR"",""statements"":[{""parameters"":{""name"":""ifc.ootb.CDR.duration"",""operator"":""equals"",""value"":5},""type"":""filter""},{""parameters"":{""name"":""ifc.ootb.CDR.msisdn2"",""operator"":""equals"",""value"":""+972506655668""},""type"":""filter""},{""parameters"":{""name"":""ifc.ootb.CDR.startTime"",""operator"":""relative"",""value"":{""count"":1,""mode"":""current"",""time_res"":""day""}},""type"":""filter""},{""parameters"":{""name"":""ifc.ootb.CDR.type"",""operator"":""equals"",""value"":""Voice""},""type"":""filter""}]}",CDR,"[""CDR""]",[],False,False,4,"[""ifc.ootb.CDR.duration"", ""ifc.ootb.CDR.msisdn2"", ""ifc.ootb.CDR.startTime"", ""ifc.ootb.CDR.type""]","[""equals"", ""relative""]"
212,List all phones with IMSI object IDs beginning with 'obj_',list all phones with imsi object ids beginning with 'obj_',list all phones with imsi object ids beginning with <quoted>,"{""entityType"":""Phone"",""statements"":[{""parameters"":{""name"":""ifc.ootb.Phone.IMSI.objectID"",""operator"":""begins_with"",""value"":""obj_""},""type"":""filter""}]}",Phone,"[""Phone""]",[],False,False,1,"[""ifc.ootb.Phone.IMSI.objectID""]","[""begins_with""]"
214,Show me all outgoing calls from +972543037210 that were redirected to voicemail in the past 4 days,show me all outgoing calls from +972543037210 that were redirected to voicemail in the past 4 days,show me all outgoing calls from +<phone> that were redirected to voicemail in the past <number> days,"{""entityType"":""CDR"",""statements"":[{""parameters"":{""name"":""ifc.ootb.CDR.callStatus"",""operator"":""equals"",""value"":""Redirected""},""type"":""filter""},{""parameters"":{""name"":""ifc.ootb.CDR.msisdn"",""operator"":""equals"",""value"":""+972543037210""},""type"":""filter""},{""parameters"":{""name"":""ifc.ootb.CDR.startTime"",""operator"":""relative"",""value"":{""count"":4,""mode"":""previous"",""time_res"":""day""}},""type"":""filter""},{""parameters"":{""name"":""ifc.ootb.CDR.type"",""operator"":""equals"",""value"":""Voice""},""type"":""filter""}]}",CDR,"[""CDR""]",[],False,False,4,"[""ifc.ootb.CDR.callStatus"", ""ifc.ootb.CDR.msisdn"", ""ifc.ootb.CDR.startTime"", ""ifc.ootb.CDR.type""]","[""equals"", ""relative""]"
215, calls of  0546222288 from past hour,calls of 0546222288 from past hour,calls of <phone> from past hour,"{""entityType"":""CDR"",""statements"":[{""parameters"":{""name"":""ifc.ootb.CDR.createDateTime"",""operator"":""relative"",""value"":{""count"":1,""mode"":""previous"",""time_res"":""hour""}},""type"":""filter""},{""parameters"":{""name"":""ifc.ootb.CDR.type"",""operator"":""equals"",""value"":""Voice""},""type"":""filter""},{""parameters"":{""operatorValue"":""OR""},""statements"":[{""parameters"":{""name"":""ifc.ootb.CDR.msisdn"",""operator"":""equals"",""value"":""0546222288""},""type"":""filter""},{""parameters"":{""name"":""ifc.ootb.CDR.msisdn2"",""operator"":""equals"",""value"":""0546222288""},""type"":""filter""}],""type"":""operator""}]}",CDR,"[""CDR""]",[],False,True,4,"[""ifc.ootb.CDR.createDateTime"", ""ifc.ootb.CDR.msisdn"", ""ifc.ootb.CDR.msisdn2"", ""ifc.ootb.CDR.type""]","[""equals"", ""relative""]"
216,Give me information about phones with alias name 'John's iPhone' or 'Mary's Samsung',give me information about phones with alias name 'john's iphone' or 'mary's samsung',give me information about phones with alias name <quoted>s iphone<quoted>mary<quoted>,"{""entityType"":""Phone"",""statements"":[{""parameters"":{""operatorValue"":""OR""},""statements"":[{""parameters"":{""name"":""ifc.ootb.Participant.aliasName"",""operator"":""equals"",""value"":""John's iPhone""},""type"":""filter""},{""parameters"":{""name"":""ifc.ootb.Participant.aliasName"",""operator"":""equals"",""value"":""Mary's Samsung""},""type"":""filter""}],""type"":""operator""}]}",Phone,"[""Phone""]",[],False,True,2,"[""ifc.ootb.Participant.aliasName""]","[""equals""]"
217,List all 5G calls in february 2024.,list all 5g calls in february 2024.,list all 5g calls in february <number>.,"{""entityType"":""CDR"",""statements"":[{""parameters"":{""name"":""ifc.ootb.CDR.startTime"",""operator"":""between"",""value"":[""2024-02-01"",""2024-02-29""]},""type"":""filter""},{""parameters"":{""name"":""ifc.ootb.CDR.technology"",""operator"":""equals"",""value"":""5G""},""type"":""filter""},{""parameters"":{""name"":""ifc.ootb.CDR.type"",""operator"":""equals"",""value"":""Voice""},""type"":""filter""}]}",CDR,"[""CDR""]",[],False,False,3,"[""ifc.ootb.CDR.startTime"", ""ifc.ootb.CDR.technology"", ""ifc.ootb.CDR.type""]","[""between"", ""equals""]"
219,Show me all tweets containing the hashtag #bitcoin posted in the past week,show me all tweets containing the hashtag #bitcoin posted in the past week,show me all tweets containing the hashtag #bitcoin posted in the past week,"{""entityType"":""Web Activity"",""statements"":[{""parameters"":{""name"":""ifc.ootb.Orbis.hashtags"",""operator"":""contains"",""value"":""#bitcoin""},""type"":""filter""},{""parameters"":{""name"":""ifc.ootb.Orbis.platform"",""operator"":""equals"",""value"":""twitter""},""type"":""filter""},{""parameters"":{""name"":""ifc.ootb.Orbis.publishDate"",""operator"":""relative"",""value"":{""count"":1,""mode"":""previous"",""time_res"":""week""}},""type"":""filter""}]}",Web Activity,"[""Web Activity""]",[],False,False,3,"[""ifc.ootb.Orbis.hashtags"", ""ifc.ootb.Orbis.platform"", ""ifc.ootb.Orbis.publishDate""]","[""contains"", ""equals"", ""relative""]"
220,unblocked outgoing calls from 0543037210 in the last 12 hours,unblocked outgoing calls from 0543037210 in the last 12 hours,unblocked outgoing calls from <phone> in the last <number> hours,"{""entityType"":""CDR"",""statements"":[{""parameters"":{""name"":""ifc.ootb.CDR.callStatus"",""operator"":""not_equal"",""value"":""Blocked""},""type"":""filter""},{""parameters"":{""name"":""ifc.ootb.CDR.msisdn"",""operator"":""equals"",""value"":""0543037210""},""type"":""filter""},{""parameters"":{""name"":""ifc.ootb.CDR.startTime"",""operator"":""relative"",""value"":{""count"":12,""mode"":""previous"",""time_res"":""hour""}},""type"":""filter""},{""parameters"":{""name"":""ifc.ootb.CDR.type"",""operator"":""equals"",""value"":""Voice""},""type"":""filter""}]}",CDR,"[""CDR""]",[],False,False,4,"[""ifc.ootb.CDR.callStatus"", ""ifc.ootb.CDR.msisdn"", ""ifc.ootb.CDR.startTime"", ""ifc.ootb.CDR.type""]","[""equals"", ""not_equal"", ""relative""]"
223,Find all Females born before 1 March 1990,find all females born before 1 march 1990,find all females born before <number> march <number>,"{""entityType"":""Person"",""statements"":[{""parameters"":{""name"":""ifc.Person.birthDate"",""operator"":""before"",""value"":""1990-03-01""},""type"":""filter""},{""parameters"":{""name"":""ifc.Person.gender"",""operator"":""equals"",""value"":""Female""},""type"":""filter""}]}",Person,"[""Person""]",[],False,False,2,"[""ifc.Person.birthDate"", ""ifc.Person.gender""]","[""before"", ""equals""]"
227,Identify individuals who are either doctors or lawyers ,identify individuals who are either doctors or lawyers,identify individuals who are either doctors or lawyers,"{""entityType"":""Person"",""statements"":[{""parameters"":{""operatorValue"":""OR""},""statements"":[{""parameters"":{""name"":""ifc.Person.occupation"",""operator"":""equals"",""value"":""doctor""},""type"":""filter""},{""parameters"":{""name"":""ifc.Person.occupation"",""operator"":""equals"",""value"":""lawyer""},""type"":""filter""}],""type"":""operator""}]}",Person,"[""Person""]",[],False,True,2,"[""ifc.Person.occupation""]","[""equals""]"
228,Retrieve insights from January 2024 that mention bomb.,retrieve insights from january 2024 that mention bomb.,retrieve insights from january <number> that mention bomb.,"{""entityType"":""Insight"",""statements"":[{""parameters"":{""name"":""ifc.core.createtime"",""operator"":""between"",""value"":[""2024-01-01"",""2024-01-31""]},""type"":""filter""},{""parameters"":{""name"":""text"",""operator"":""contains"",""value"":""bomb""},""type"":""filter""}]}",Insight,"[""Insight""]",[],False,False,2,"[""ifc.core.createtime"", ""text""]","[""between"", ""contains""]"
230,What investigations were created in the last 3 months?,what investigations were created in the last 3 months?,what investigations were created in the last <number> months?,"{""entityType"":""Investigation"",""statements"":[{""parameters"":{""name"":""ifc.core.createtime"",""operator"":""relative"",""value"":{""count"":3,""mode"":""previous"",""time_res"":""month""}},""type"":""filter""}]}",Investigation,"[""Investigation""]",[],False,False,1,"[""ifc.core.createtime""]","[""relative""]"
231,Show me all web activities from 2021 posted by actors with 200 activities total.,show me all web activities from 2021 posted by actors with 200 activities total.,show me all web activities from <number> posted by actors with <number> activities total.,"{""entityType"":""Web Activity"",""statements"":[{""parameters"":{""name"":""ifc.ootb.Orbis.publishDate"",""operator"":""between"",""value"":[""2021-01-01"",""2021-12-31""]},""type"":""filter""},{""parameters"":{""relationTargetType"":[""Web Actor""],""relationType"":[""relation_Writer""]},""statements"":[{""parameters"":{""name"":""ifc.ootb.WebActor.numberActivities"",""operator"":""equals"",""value"":200},""type"":""filter""}],""type"":""relation""}]}",Web Activity,"[""Web Activity"", ""Web Actor""]","[""Web Actor""]",True,False,2,"[""ifc.ootb.Orbis.publishDate"", ""ifc.ootb.WebActor.numberActivities""]","[""between"", ""equals""]"
232,List any voice calls intercepted with the filter 'suspected fraud' originating from 0546655668 in the past 24 hours,list any voice calls intercepted with the filter 'suspected fraud' originating from 0546655668 in the past 24 hours,list any voice calls intercepted with the filter <quoted> originating from <phone> in the past <number> hours,"{""entityType"":""CDR"",""statements"":[{""parameters"":{""name"":""ifc.CDR.interceptionFilter"",""operator"":""contains"",""value"":""suspected fraud""},""type"":""filter""},{""parameters"":{""name"":""ifc.ootb.CDR.msisdn"",""operator"":""equals"",""value"":""0546655668""},""type"":""filter""},{""parameters"":{""name"":""ifc.ootb.CDR.startTime"",""operator"":""relative"",""value"":{""count"":24,""mode"":""previous"",""time_res"":""hour""}},""type"":""filter""},{""parameters"":{""name"":""ifc.ootb.CDR.type"",""operator"":""equals"",""value"":""Voice""},""type"":""filter""}]}",CDR,"[""CDR""]",[],False,False,4,"[""ifc.CDR.interceptionFilter"", ""ifc.ootb.CDR.msisdn"", ""ifc.ootb.CDR.startTime"", ""ifc.ootb.CDR.type""]","[""contains"", ""equals"", ""relative""]"
233,Retrieve reports that contain 'product launch' or 'marketing campaign',retrieve reports that contain 'product launch' or 'marketing campaign',retrieve reports that contain <quoted> or <quoted>,"{""entityType"":""Report"",""statements"":[{""parameters"":{""operatorValue"":""OR""},""statements"":[{""parameters"":{""name"":""text"",""operator"":""contains"",""value"":""product launch""},""type"":""filter""},{""parameters"":{""name"":""text"",""operator"":""contains"",""value"":""marketing campaign""},""type"":""filter""}],""type"":""operator""}]}",Report,"[""Report""]",[],False,True,2,"[""text""]","[""contains""]"
234,Are there any insights that contain 'officer testimony' or 'suspect confession'?,are there any insights that contain 'officer testimony' or 'suspect confession'?,are there any insights that contain <quoted> or <quoted>?,"{""entityType"":""Insight"",""statements"":[{""parameters"":{""operatorValue"":""OR""},""statements"":[{""parameters"":{""name"":""text"",""operator"":""contains"",""value"":""officer testimony""},""type"":""filter""},{""parameters"":{""name"":""text"",""operator"":""contains"",""value"":""suspect confession""},""type"":""filter""}],""type"":""operator""}]}",Insight,"[""Insight""]",[],False,True,2,"[""text""]","[""contains""]"
235,Find LinkedIn accounts created on 1 March 2024 that have 'Google' in their job title.,find linkedin accounts created on 1 march 2024 that have 'google' in their job title.,find linkedin accounts created on <number> march <number> that have <quoted> in their job title.,"{""entityType"":""Web Actor"",""statements"":[{""parameters"":{""name"":""ifc.ootb.Orbis.platform"",""operator"":""equals"",""value"":""linkedin""},""type"":""filter""},{""parameters"":{""name"":""ifc.ootb.Orbis.publishDate"",""operator"":""is"",""value"":""2024-03-01""},""type"":""filter""},{""parameters"":{""name"":""ifc.ootb.WebActor.jobCompanyName"",""operator"":""contains"",""value"":""Google""},""type"":""filter""}]}",Web Actor,"[""Web Actor""]",[],False,False,3,"[""ifc.ootb.Orbis.platform"", ""ifc.ootb.Orbis.publishDate"", ""ifc.ootb.WebActor.jobCompanyName""]","[""contains"", ""equals"", ""is""]"
237,Find all Facebook posts updated yesterday that mention a visa credit card number,find all facebook posts updated yesterday that mention a visa credit card number,find all facebook posts updated yesterday that mention a visa credit card number,"{""entityType"":""Web Activity"",""statements"":[{""parameters"":{""name"":""ifc.ootb.Orbis.creditCard"",""operator"":""contains"",""value"":""visa""},""type"":""filter""},{""parameters"":{""name"":""ifc.ootb.Orbis.platform"",""operator"":""equals"",""value"":""facebook""},""type"":""filter""},{""parameters"":{""name"":""ifc.ootb.Orbis.updateDate"",""operator"":""relative"",""value"":{""count"":1,""mode"":""previous"",""time_res"":""day""}},""type"":""filter""}]}",Web Activity,"[""Web Activity""]",[],False,False,3,"[""ifc.ootb.Orbis.creditCard"", ""ifc.ootb.Orbis.platform"", ""ifc.ootb.Orbis.updateDate""]","[""contains"", ""equals"", ""relative""]"
238,Show me SMS messages exchanged from target phones to the number 0542164185 in the last 90 days,show me sms messages exchanged from target phones to the number 0542164185 in the last 90 days,show me sms messages exchanged from target phones to the number <phone> in the last <number> days,"{""entityType"":""CDR"",""statements"":[{""parameters"":{""name"":""ifc.ootb.CDR.msisdn2"",""operator"":""equals"",""value"":""0542164185""},""type"":""filter""},{""parameters"":{""name"":""ifc.ootb.CDR.startTime"",""operator"":""relative"",""value"":{""count"":90,""mode"":""previous"",""time_res"":""day""}},""type"":""filter""},{""parameters"":{""name"":""ifc.ootb.CDR.type"",""operator"":""equals"",""value"":""Text""},""type"":""filter""},{""parameters"":{""relationTargetType"":[""Phone""],""relationType"":[""relation_Caller""]},""statements"":[{""parameters"":{""name"":""ifc.ootb.Participant.isTarget"",""operator"":""equals"",""value"":true},""type"":""filter""}],""type"":""relation""}]}",CDR,"[""CDR"", ""Phone""]","[""Phone""]",True,False,4,"[""ifc.ootb.CDR.msisdn2"", ""ifc.ootb.CDR.startTime"", ""ifc.ootb.CDR.type"", ""ifc.ootb.Participant.isTarget""]","[""equals"", ""relative""]"
239,What high priority investigations are due the past week?,what high priority investigations are due the past week?,what high priority investigations are due the past week?,"{""entityType"":""Investigation"",""statements"":[{""parameters"":{""name"":""ifc.core.dueTime"",""operator"":""relative"",""value"":{""count"":1,""mode"":""previous"",""time_res"":""week""}},""type"":""filter""},{""parameters"":{""name"":""ifc.core.priority"",""operator"":""equals"",""value"":""High""},""type"":""filter""}]}",Investigation,"[""Investigation""]",[],False,False,2,"[""ifc.core.dueTime"", ""ifc.core.priority""]","[""equals"", ""relative""]"
240,Find investigations with descriptions mentioning 'shell company',find investigations with descriptions mentioning 'shell company',find investigations with descriptions mentioning <quoted>,"{""entityType"":""Investigation"",""statements"":[{""parameters"":{""name"":""ifc.core.description"",""operator"":""contains"",""value"":""shell company""},""type"":""filter""}]}",Investigation,"[""Investigation""]",[],False,False,1,"[""ifc.core.description""]","[""contains""]"
241,List persons with a last name that contains Smith or Johnson,list persons with a last name that contains smith or johnson,list persons with a last name that contains smith or johnson,"{""entityType"":""Person"",""statements"":[{""parameters"":{""operatorValue"":""OR""},""statements"":[{""parameters"":{""name"":""ifc.Person.lastName"",""operator"":""contains"",""value"":""Smith""},""type"":""filter""},{""parameters"":{""name"":""ifc.Person.lastName"",""operator"":""contains"",""value"":""Johnson""},""type"":""filter""}],""type"":""operator""}]}",Person,"[""Person""]",[],False,True,2,"[""ifc.Person.lastName""]","[""contains""]"
243,Get posts where the number of likes is 100 or the number of shares is 50,get posts where the number of likes is 100 or the number of shares is 50,get posts where the number of likes is <number> or the number of shares is <number>,"{""entityType"":""Web Activity"",""statements"":[{""parameters"":{""operatorValue"":""OR""},""statements"":[{""parameters"":{""name"":""ifc.ootb.WebActivity.numberOfLikes"",""operator"":""equals"",""value"":100},""type"":""filter""},{""parameters"":{""name"":""ifc.ootb.WebActivity.numberShares"",""operator"":""equals"",""value"":50},""type"":""filter""}],""type"":""operator""}]}",Web Activity,"[""Web Activity""]",[],False,True,2,"[""ifc.ootb.WebActivity.numberOfLikes"", ""ifc.ootb.WebActivity.numberShares""]","[""equals""]"
244,Show calls that had content from phones marked as suspicious to 0542164185.,show calls that had content from phones marked as suspicious to 0542164185.,show calls that had content from phones marked as suspicious to <phone>.,"{""entityType"":""CDR"",""statements"":[{""parameters"":{""name"":""ifc.ootb.CDR.hasContent"",""operator"":""equals"",""value"":true},""type"":""filter""},{""parameters"":{""name"":""ifc.ootb.CDR.msisdn2"",""operator"":""equals"",""value"":""0542164185""},""type"":""filter""},{""parameters"":{""name"":""ifc.ootb.CDR.type"",""operator"":""equals"",""value"":""Voice""},""type"":""filter""},{""parameters"":{""relationTargetType"":[""Phone""],""relationType"":[""relation_Caller""]},""statements"":[{""parameters"":{""name"":""ifc.ootb.Participant.isSuspicious"",""operator"":""equals"",""value"":true},""type"":""filter""}],""type"":""relation""}]}",CDR,"[""CDR"", ""Phone""]","[""Phone""]",True,False,4,"[""ifc.ootb.CDR.hasContent"", ""ifc.ootb.CDR.msisdn2"", ""ifc.ootb.CDR.type"", ""ifc.ootb.Participant.isSuspicious""]","[""equals""]"
246,Who has a travel document expiring after 31 December 2025?,who has a travel document expiring after 31 december 2025?,who has a travel document expiring after <number> december <number>?,"{""entityType"":""EVisa Request"",""statements"":[{""parameters"":{""name"":""ifc.EVisaRequest.documentExpiryDate"",""operator"":""after"",""value"":""2025-12-31""},""type"":""filter""}]}",EVisa Request,"[""EVisa Request""]",[],False,False,1,"[""ifc.EVisaRequest.documentExpiryDate""]","[""after""]"
247,What calls were made from phones associated with target name John Smith to the number +972526357106?,what calls were made from phones associated with target name john smith to the number +972526357106?,what calls were made from phones associated with target name john smith to the number +<phone>?,"{""entityType"":""CDR"",""statements"":[{""parameters"":{""name"":""ifc.ootb.CDR.msisdn2"",""operator"":""equals"",""value"":""+972526357106""},""type"":""filter""},{""parameters"":{""name"":""ifc.ootb.CDR.type"",""operator"":""equals"",""value"":""Voice""},""type"":""filter""},{""parameters"":{""relationTargetType"":[""Phone""],""relationType"":[""relation_Caller""]},""statements"":[{""parameters"":{""name"":""ifc.ootb.Participant.targetName"",""operator"":""equals"",""value"":""John Smith""},""type"":""filter""}],""type"":""relation""}]}",CDR,"[""CDR"", ""Phone""]","[""Phone""]",True,False,3,"[""ifc.ootb.CDR.msisdn2"", ""ifc.ootb.CDR.type"", ""ifc.ootb.Participant.targetName""]","[""equals""]"
249,show me all sms of 0543037210 and 0546655668,show me all sms of 0543037210 and 0546655668,show me all sms of <phone> and <phone>,"{""entityType"":""CDR"",""statements"":[{""parameters"":{""name"":""ifc.ootb.CDR.type"",""operator"":""equals"",""value"":""Text""},""type"":""filter""},{""parameters"":{""operatorValue"":""OR""},""statements"":[{""parameters"":{""name"":""ifc.ootb.CDR.msisdn"",""operator"":""equals"",""value"":""0543037210""},""type"":""filter""},{""parameters"":{""name"":""ifc.ootb.CDR.msisdn2"",""operator"":""equals"",""value"":""0546655668""},""type"":""filter""}],""type"":""operator""},{""parameters"":{""operatorValue"":""OR""},""statements"":[{""parameters"":{""name"":""ifc.ootb.CDR.msisdn"",""operator"":""equals"",""value"":""0546655668""},""type"":""filter""},{""parameters"":{""name"":""ifc.ootb.CDR.msisdn2"",""operator"":""equals"",""value"":""0543037210""},""type"":""filter""}],""type"":""operator""}]}",CDR,"[""CDR""]",[],False,True,5,"[""ifc.ootb.CDR.msisdn"", ""ifc.ootb.CDR.msisdn2"", ""ifc.ootb.CDR.type""]","[""equals""]"
250,Find all calls made to 0549112233 from phones with Hebrew language settings on 25 March 2023,find all calls made to 0549112233 from phones with hebrew language settings on 25 march 2023,find all calls made to <phone> from phones with hebrew language settings on <number> march <number>,"{""entityType"":""CDR"",""statements"":[{""parameters"":{""name"":""ifc.ootb.CDR.msisdn2"",""operator"":""equals"",""value"":""0549112233""},""type"":""filter""},{""parameters"":{""name"":""ifc.ootb.CDR.startTime"",""operator"":""is"",""value"":""2023-03-25""},""type"":""filter""},{""parameters"":{""name"":""ifc.ootb.CDR.type"",""operator"":""equals"",""value"":""Voice""},""type"":""filter""},{""parameters"":{""relationTargetType"":[""Phone""],""relationType"":[""relation_Callee""]},""statements"":[{""parameters"":{""name"":""ifc.ootb.Participant.tlidDominantLanguage"",""operator"":""equals"",""value"":""Hebrew""},""type"":""filter""}],""type"":""relation""}]}",CDR,"[""CDR"", ""Phone""]","[""Phone""]",True,False,4,"[""ifc.ootb.CDR.msisdn2"", ""ifc.ootb.CDR.startTime"", ""ifc.ootb.CDR.type"", ""ifc.ootb.Participant.tlidDominantLanguage""]","[""equals"", ""is""]"
251,List successful calls made to 0543037210 in the first week of March 2024,list successful calls made to 0543037210 in the first week of march 2024,list successful calls made to <phone> in the first week of march <number>,"{""entityType"":""CDR"",""statements"":[{""parameters"":{""name"":""ifc.ootb.CDR.callStatus"",""operator"":""equals"",""value"":""Successful""},""type"":""filter""},{""parameters"":{""name"":""ifc.ootb.CDR.msisdn2"",""operator"":""equals"",""value"":""0543037210""},""type"":""filter""},{""parameters"":{""name"":""ifc.ootb.CDR.startTime"",""operator"":""between"",""value"":[""2024-03-01"",""2024-03-07""]},""type"":""filter""},{""parameters"":{""name"":""ifc.ootb.CDR.type"",""operator"":""equals"",""value"":""Voice""},""type"":""filter""}]}",CDR,"[""CDR""]",[],False,False,4,"[""ifc.ootb.CDR.callStatus"", ""ifc.ootb.CDR.msisdn2"", ""ifc.ootb.CDR.startTime"", ""ifc.ootb.CDR.type""]","[""between"", ""equals""]"
252,What calls from 0506655668 used 5G technology in the last 2 months?,what calls from 0506655668 used 5g technology in the last 2 months?,what calls from <phone> used 5g technology in the last <number> months?,"{""entityType"":""CDR"",""statements"":[{""parameters"":{""name"":""ifc.ootb.CDR.msisdn"",""operator"":""equals"",""value"":""0506655668""},""type"":""filter""},{""parameters"":{""name"":""ifc.ootb.CDR.startTime"",""operator"":""relative"",""value"":{""count"":2,""mode"":""previous"",""time_res"":""month""}},""type"":""filter""},{""parameters"":{""name"":""ifc.ootb.CDR.technology"",""operator"":""equals"",""value"":""5G""},""type"":""filter""},{""parameters"":{""name"":""ifc.ootb.CDR.type"",""operator"":""equals"",""value"":""Voice""},""type"":""filter""}]}",CDR,"[""CDR""]",[],False,False,4,"[""ifc.ootb.CDR.msisdn"", ""ifc.ootb.CDR.startTime"", ""ifc.ootb.CDR.technology"", ""ifc.ootb.CDR.type""]","[""equals"", ""relative""]"
253,"List profiles collected by our system before December 25, 2023.","list profiles collected by our system before december 25, 2023.","list profiles collected by our system before december <number>, <number>.","{""entityType"":""Web Actor"",""statements"":[{""parameters"":{""name"":""ifc.ootb.Orbis.collectDate"",""operator"":""before"",""value"":""2023-12-25""},""type"":""filter""}]}",Web Actor,"[""Web Actor""]",[],False,False,1,"[""ifc.ootb.Orbis.collectDate""]","[""before""]"
254,Show me LinkedIn profiles of people named John who work at Google,show me linkedin profiles of people named john who work at google,show me linkedin profiles of people named john who work at google,"{""entityType"":""Web Actor"",""statements"":[{""parameters"":{""name"":""ifc.ootb.Orbis.platform"",""operator"":""equals"",""value"":""linkedin""},""type"":""filter""},{""parameters"":{""name"":""ifc.ootb.WebActor.firstName"",""operator"":""equals"",""value"":""John""},""type"":""filter""},{""parameters"":{""name"":""ifc.ootb.WebActor.jobCompanyName"",""operator"":""contains"",""value"":""Google""},""type"":""filter""}]}",Web Actor,"[""Web Actor""]",[],False,False,3,"[""ifc.ootb.Orbis.platform"", ""ifc.ootb.WebActor.firstName"", ""ifc.ootb.WebActor.jobCompanyName""]","[""contains"", ""equals""]"
255,List all reports updated in the last 3 days,list all reports updated in the last 3 days,list all reports updated in the last <number> days,"{""entityType"":""Report"",""statements"":[{""parameters"":{""name"":""ifc.core.updatetime"",""operator"":""relative"",""value"":{""count"":3,""mode"":""previous"",""time_res"":""day""}},""type"":""filter""}]}",Report,"[""Report""]",[],False,False,1,"[""ifc.core.updatetime""]","[""relative""]"
257,Find all emails with 'secret' in the subject sent from spy@agency.gov to target phones,find all emails with 'secret' in the subject sent from spy@agency.gov to target phones,find all emails with <quoted> in the subject sent from <email> to target phones,"{""entityType"":""CDR"",""statements"":[{""parameters"":{""name"":""ifc.CDR.emailSubject"",""operator"":""contains"",""value"":""secret""},""type"":""filter""},{""parameters"":{""name"":""ifc.ootb.CDR.originatorEmailAddress"",""operator"":""equals"",""value"":""spy@agency.gov""},""type"":""filter""},{""parameters"":{""name"":""ifc.ootb.CDR.type"",""operator"":""equals"",""value"":""Email""},""type"":""filter""},{""parameters"":{""relationTargetType"":[""Phone""],""relationType"":[""relation_Callee""]},""statements"":[{""parameters"":{""name"":""ifc.ootb.Participant.isTarget"",""operator"":""equals"",""value"":true},""type"":""filter""}],""type"":""relation""}]}",CDR,"[""CDR"", ""Phone""]","[""Phone""]",True,False,4,"[""ifc.CDR.emailSubject"", ""ifc.ootb.CDR.originatorEmailAddress"", ""ifc.ootb.CDR.type"", ""ifc.ootb.Participant.isTarget""]","[""contains"", ""equals""]"
259,List mobile phones last active before 1 March 2024.,list mobile phones last active before 1 march 2024.,list mobile phones last active before <number> march <number>.,"{""entityType"":""Phone"",""statements"":[{""parameters"":{""name"":""ifc.Phone.type"",""operator"":""equals"",""value"":""Mobile""},""type"":""filter""},{""parameters"":{""name"":""ifc.ootb.Participant.lastActiveDate"",""operator"":""before"",""value"":""2024-03-01""},""type"":""filter""}]}",Phone,"[""Phone""]",[],False,False,2,"[""ifc.Phone.type"", ""ifc.ootb.Participant.lastActiveDate""]","[""before"", ""equals""]"
261,Show me failed call attempts to 0543037210 in the last 18 days,show me failed call attempts to 0543037210 in the last 18 days,show me failed call attempts to <phone> in the last <number> days,"{""entityType"":""CDR"",""statements"":[{""parameters"":{""name"":""ifc.ootb.CDR.callStatus"",""operator"":""equals"",""value"":""Failed""},""type"":""filter""},{""parameters"":{""name"":""ifc.ootb.CDR.msisdn2"",""operator"":""equals"",""value"":""0543037210""},""type"":""filter""},{""parameters"":{""name"":""ifc.ootb.CDR.startTime"",""operator"":""relative"",""value"":{""count"":18,""mode"":""previous"",""time_res"":""day""}},""type"":""filter""},{""parameters"":{""name"":""ifc.ootb.CDR.type"",""operator"":""equals"",""value"":""Voice""},""type"":""filter""}]}",CDR,"[""CDR""]",[],False,False,4,"[""ifc.ootb.CDR.callStatus"", ""ifc.ootb.CDR.msisdn2"", ""ifc.ootb.CDR.startTime"", ""ifc.ootb.CDR.type""]","[""equals"", ""relative""]"
262,Show me all persons with the first name 'Emily' born in the 1980s,show me all persons with the first name 'emily' born in the 1980s,show me all persons with the first name <quoted> born in the 1980s,"{""entityType"":""Person"",""statements"":[{""parameters"":{""name"":""ifc.Person.birthDate"",""operator"":""between"",""value"":[""1980-01-01"",""1989-12-31""]},""type"":""filter""},{""parameters"":{""name"":""ifc.Person.firstName"",""operator"":""equals"",""value"":""Emily""},""type"":""filter""}]}",Person,"[""Person""]",[],False,False,2,"[""ifc.Person.birthDate"", ""ifc.Person.firstName""]","[""between"", ""equals""]"
265,What reports were updated in the last 6 months?,what reports were updated in the last 6 months?,what reports were updated in the last <number> months?,"{""entityType"":""Report"",""statements"":[{""parameters"":{""name"":""ifc.core.updatetime"",""operator"":""relative"",""value"":{""count"":6,""mode"":""previous"",""time_res"":""month""}},""type"":""filter""}]}",Report,"[""Report""]",[],False,False,1,"[""ifc.core.updatetime""]","[""relative""]"
266,find me all sms messages of 0543037210,find me all sms messages of 0543037210,find me all sms messages of <phone>,"{""entityType"":""CDR"",""statements"":[{""parameters"":{""name"":""ifc.ootb.CDR.type"",""operator"":""equals"",""value"":""Text""},""type"":""filter""},{""parameters"":{""operatorValue"":""OR""},""statements"":[{""parameters"":{""name"":""ifc.ootb.CDR.msisdn"",""operator"":""equals"",""value"":""0543037210""},""type"":""filter""},{""parameters"":{""name"":""ifc.ootb.CDR.msisdn2"",""operator"":""equals"",""value"":""0543037210""},""type"":""filter""}],""type"":""operator""}]}",CDR,"[""CDR""]",[],False,True,3,"[""ifc.ootb.CDR.msisdn"", ""ifc.ootb.CDR.msisdn2"", ""ifc.ootb.CDR.type""]","[""equals""]"
267,Find any Females born on 28 of February 1989,find any females born on 28 of february 1989,find any females born on <number> of february <number>,"{""entityType"":""Person"",""statements"":[{""parameters"":{""name"":""ifc.Person.birthDate"",""operator"":""is"",""value"":""1989-02-28""},""type"":""filter""},{""parameters"":{""name"":""ifc.Person.gender"",""operator"":""equals"",""value"":""Female""},""type"":""filter""}]}",Person,"[""Person""]",[],False,False,2,"[""ifc.Person.birthDate"", ""ifc.Person.gender""]","[""equals"", ""is""]"
268,Show me all Facebook posts shared 1000 times and published in the last 6 months,show me all facebook posts shared 1000 times and published in the last 6 months,show me all facebook posts shared <number> times and published in the last <number> months,"{""entityType"":""Web Activity"",""statements"":[{""parameters"":{""name"":""ifc.ootb.Orbis.platform"",""operator"":""equals"",""value"":""facebook""},""type"":""filter""},{""parameters"":{""name"":""ifc.ootb.Orbis.publishDate"",""operator"":""relative"",""value"":{""count"":6,""mode"":""previous"",""time_res"":""month""}},""type"":""filter""},{""parameters"":{""name"":""ifc.ootb.WebActivity.numberShares"",""operator"":""equals"",""value"":1000},""type"":""filter""}]}",Web Activity,"[""Web Activity""]",[],False,False,3,"[""ifc.ootb.Orbis.platform"", ""ifc.ootb.Orbis.publishDate"", ""ifc.ootb.WebActivity.numberShares""]","[""equals"", ""relative""]"
270,List all males with a passport number beginning with 'XYZ',list all males with a passport number beginning with 'xyz',list all males with a passport number beginning with <quoted>,"{""entityType"":""Person"",""statements"":[{""parameters"":{""name"":""ifc.Person.gender"",""operator"":""equals"",""value"":""Male""},""type"":""filter""},{""parameters"":{""name"":""ifc.Person.passport"",""operator"":""begins_with"",""value"":""XYZ""},""type"":""filter""}]}",Person,"[""Person""]",[],False,False,2,"[""ifc.Person.gender"", ""ifc.Person.passport""]","[""begins_with"", ""equals""]"
272,Find insights that mention 'criminal history' or 'prior convictions' in the text,find insights that mention 'criminal history' or 'prior convictions' in the text,find insights that mention <quoted> or <quoted> in the text,"{""entityType"":""Insight"",""statements"":[{""parameters"":{""operatorValue"":""OR""},""statements"":[{""parameters"":{""name"":""text"",""operator"":""contains"",""value"":""criminal history""},""type"":""filter""},{""parameters"":{""name"":""text"",""operator"":""contains"",""value"":""prior convictions""},""type"":""filter""}],""type"":""operator""}]}",Insight,"[""Insight""]",[],False,True,2,"[""text""]","[""contains""]"
273,List any insights containing the phrase 'witness intimidation'.,list any insights containing the phrase 'witness intimidation'.,list any insights containing the phrase <quoted>.,"{""entityType"":""Insight"",""statements"":[{""parameters"":{""name"":""text"",""operator"":""contains"",""value"":""witness intimidation""},""type"":""filter""}]}",Insight,"[""Insight""]",[],False,False,1,"[""text""]","[""contains""]"
274,Show me all calls made by target phones to +972501234567,show me all calls made by target phones to +972501234567,show me all calls made by target phones to +<phone>,"{""entityType"":""CDR"",""statements"":[{""parameters"":{""name"":""ifc.ootb.CDR.msisdn2"",""operator"":""equals"",""value"":""+972501234567""},""type"":""filter""},{""parameters"":{""name"":""ifc.ootb.CDR.type"",""operator"":""equals"",""value"":""Voice""},""type"":""filter""},{""parameters"":{""relationTargetType"":[""Phone""],""relationType"":[""relation_Caller""]},""statements"":[{""parameters"":{""name"":""ifc.ootb.Participant.isTarget"",""operator"":""equals"",""value"":true},""type"":""filter""}],""type"":""relation""}]}",CDR,"[""CDR"", ""Phone""]","[""Phone""]",True,False,3,"[""ifc.ootb.CDR.msisdn2"", ""ifc.ootb.CDR.type"", ""ifc.ootb.Participant.isTarget""]","[""equals""]"
275,show records of calls of 0543037210,show records of calls of 0543037210,show records of calls of <phone>,"{""entityType"":""CDR"",""statements"":[{""parameters"":{""name"":""ifc.ootb.CDR.type"",""operator"":""equals"",""value"":""Voice""},""type"":""filter""},{""parameters"":{""operatorValue"":""OR""},""statements"":[{""parameters"":{""name"":""ifc.ootb.CDR.msisdn"",""operator"":""equals"",""value"":""0543037210""},""type"":""filter""},{""parameters"":{""name"":""ifc.ootb.CDR.msisdn2"",""operator"":""equals"",""value"":""0543037210""},""type"":""filter""}],""type"":""operator""}]}",CDR,"[""CDR""]",[],False,True,3,"[""ifc.ootb.CDR.msisdn"", ""ifc.ootb.CDR.msisdn2"", ""ifc.ootb.CDR.type""]","[""equals""]"
276,emails of ceo@company.com with 'budget' in the subject,emails of ceo@company.com with 'budget' in the subject,emails of <email> with <quoted> in the subject,"{""entityType"":""CDR"",""statements"":[{""parameters"":{""name"":""ifc.CDR.emailSubject"",""operator"":""contains"",""value"":""budget""},""type"":""filter""},{""parameters"":{""name"":""ifc.ootb.CDR.type"",""operator"":""equals"",""value"":""Email""},""type"":""filter""},{""parameters"":{""operatorValue"":""OR""},""statements"":[{""parameters"":{""name"":""ifc.ootb.CDR.originatorEmailAddress"",""operator"":""equals"",""value"":""ceo@company.com""},""type"":""filter""},{""parameters"":{""name"":""ifc.ootb.CDR.destinationEmailAddress"",""operator"":""equals"",""value"":""ceo@company.com""},""type"":""filter""}],""type"":""operator""}]}",CDR,"[""CDR""]",[],False,True,4,"[""ifc.CDR.emailSubject"", ""ifc.ootb.CDR.destinationEmailAddress"", ""ifc.ootb.CDR.originatorEmailAddress"", ""ifc.ootb.CDR.type""]","[""contains"", ""equals""]"
278,Show me any insights discussing the forensic evidence collected.,show me any insights discussing the forensic evidence collected.,show me any insights discussing the forensic evidence collected.,"{""entityType"":""Insight"",""statements"":[{""parameters"":{""name"":""text"",""operator"":""contains"",""value"":""forensic evidence""},""type"":""filter""}]}",Insight,"[""Insight""]",[],False,False,1,"[""text""]","[""contains""]"
281,Retrieve all Reddit posts from the previous 3 days containing an American Express credit card number,retrieve all reddit posts from the previous 3 days containing an american express credit card number,retrieve all reddit posts from the previous <number> days containing an american express credit card number,"{""entityType"":""Web Activity"",""statements"":[{""parameters"":{""name"":""ifc.ootb.Orbis.creditCard"",""operator"":""contains"",""value"":""American Express""},""type"":""filter""},{""parameters"":{""name"":""ifc.ootb.Orbis.platform"",""operator"":""equals"",""value"":""reddit""},""type"":""filter""},{""parameters"":{""name"":""ifc.ootb.Orbis.publishDate"",""operator"":""relative"",""value"":{""count"":3,""mode"":""previous"",""time_res"":""day""}},""type"":""filter""}]}",Web Activity,"[""Web Activity""]",[],False,False,3,"[""ifc.ootb.Orbis.creditCard"", ""ifc.ootb.Orbis.platform"", ""ifc.ootb.Orbis.publishDate""]","[""contains"", ""equals"", ""relative""]"
282,What web actors had a birthday in the first week of March 2023?,what web actors had a birthday in the first week of march 2023?,what web actors had a birthday in the first week of march <number>?,"{""entityType"":""Web Actor"",""statements"":[{""parameters"":{""name"":""ifc.ootb.WebActor.birthDate"",""operator"":""between"",""value"":[""2023-03-01"",""2023-03-07""]},""type"":""filter""}]}",Web Actor,"[""Web Actor""]",[],False,False,1,"[""ifc.ootb.WebActor.birthDate""]","[""between""]"
283,Find all high priority visa requests submitted since 1 January 2024,find all high priority visa requests submitted since 1 january 2024,find all high priority visa requests submitted since <number> january <number>,"{""entityType"":""EVisa Request"",""statements"":[{""parameters"":{""name"":""ifc.EVisaRequest.demandDate"",""operator"":""after"",""value"":""2024-01-01""},""type"":""filter""},{""parameters"":{""name"":""ifc.EVisaRequest.priority"",""operator"":""equals"",""value"":true},""type"":""filter""}]}",EVisa Request,"[""EVisa Request""]",[],False,False,2,"[""ifc.EVisaRequest.demandDate"", ""ifc.EVisaRequest.priority""]","[""after"", ""equals""]"
284,What Facebook profiles have 'photography' in profile about section?,what facebook profiles have 'photography' in profile about section?,what facebook profiles have <quoted> in profile about section?,"{""entityType"":""Web Actor"",""statements"":[{""parameters"":{""name"":""ifc.ootb.Orbis.platform"",""operator"":""equals"",""value"":""facebook""},""type"":""filter""},{""parameters"":{""name"":""ifc.ootb.WebActor.about"",""operator"":""contains"",""value"":""photography""},""type"":""filter""}]}",Web Actor,"[""Web Actor""]",[],False,False,2,"[""ifc.ootb.Orbis.platform"", ""ifc.ootb.WebActor.about""]","[""contains"", ""equals""]"
285,Show me insights where the text includes 'witness statement' or 'eyewitness account',show me insights where the text includes 'witness statement' or 'eyewitness account',show me insights where the text includes <quoted> or <quoted>,"{""entityType"":""Insight"",""statements"":[{""parameters"":{""operatorValue"":""OR""},""statements"":[{""parameters"":{""name"":""text"",""operator"":""contains"",""value"":""witness statement""},""type"":""filter""},{""parameters"":{""name"":""text"",""operator"":""contains"",""value"":""eyewitness account""},""type"":""filter""}],""type"":""operator""}]}",Insight,"[""Insight""]",[],False,True,2,"[""text""]","[""contains""]"
286,Find all calls made using 3G technology from 0542164185 to target phones in the last month,find all calls made using 3g technology from 0542164185 to target phones in the last month,find all calls made using 3g technology from <phone> to target phones in the last month,"{""entityType"":""CDR"",""statements"":[{""parameters"":{""name"":""ifc.ootb.CDR.msisdn"",""operator"":""equals"",""value"":""0542164185""},""type"":""filter""},{""parameters"":{""name"":""ifc.ootb.CDR.startTime"",""operator"":""relative"",""value"":{""count"":1,""mode"":""previous"",""time_res"":""month""}},""type"":""filter""},{""parameters"":{""name"":""ifc.ootb.CDR.technology"",""operator"":""equals"",""value"":""3G""},""type"":""filter""},{""parameters"":{""name"":""ifc.ootb.CDR.type"",""operator"":""equals"",""value"":""Voice""},""type"":""filter""},{""parameters"":{""relationTargetType"":[""Phone""],""relationType"":[""relation_Callee""]},""statements"":[{""parameters"":{""name"":""ifc.ootb.Participant.isTarget"",""operator"":""equals"",""value"":true},""type"":""filter""}],""type"":""relation""}]}",CDR,"[""CDR"", ""Phone""]","[""Phone""]",True,False,5,"[""ifc.ootb.CDR.msisdn"", ""ifc.ootb.CDR.startTime"", ""ifc.ootb.CDR.technology"", ""ifc.ootb.CDR.type"", ""ifc.ootb.Participant.isTarget""]","[""equals"", ""relative""]"
287,Show emails from ariel042cohen@gmail.com with the word 'urgent' in the subject.,show emails from ariel042cohen@gmail.com with the word 'urgent' in the subject.,show emails from <email> with the word <quoted> in the subject.,"{""entityType"":""CDR"",""statements"":[{""parameters"":{""name"":""ifc.CDR.emailSubject"",""operator"":""contains"",""value"":""urgent""},""type"":""filter""},{""parameters"":{""name"":""ifc.ootb.CDR.originatorEmailAddress"",""operator"":""equals"",""value"":""ariel042cohen@gmail.com""},""type"":""filter""},{""parameters"":{""name"":""ifc.ootb.CDR.type"",""operator"":""equals"",""value"":""Email""},""type"":""filter""}]}",CDR,"[""CDR""]",[],False,False,3,"[""ifc.CDR.emailSubject"", ""ifc.ootb.CDR.originatorEmailAddress"", ""ifc.ootb.CDR.type""]","[""contains"", ""equals""]"
288,List all investigations with the word 'embezzlement' in the description,list all investigations with the word 'embezzlement' in the description,list all investigations with the word <quoted> in the description,"{""entityType"":""Investigation"",""statements"":[{""parameters"":{""name"":""ifc.core.description"",""operator"":""contains"",""value"":""embezzlement""},""type"":""filter""}]}",Investigation,"[""Investigation""]",[],False,False,1,"[""ifc.core.description""]","[""contains""]"
289,Identify popular posts including 'summer' that were published by profiles with 100 followers,identify popular posts including 'summer' that were published by profiles with 100 followers,identify popular posts including <quoted> that were published by profiles with <number> followers,"{""entityType"":""Web Activity"",""statements"":[{""parameters"":{""name"":""ifc.ootb.WebActivity.numberOfLikes"",""operator"":""is_not_empty"",""value"":""""},""type"":""filter""},{""parameters"":{""name"":""ifc.ootb.WebActivity.text"",""operator"":""contains"",""value"":""summer""},""type"":""filter""},{""parameters"":{""relationTargetType"":[""Web Actor""],""relationType"":[""relation_Writer""]},""statements"":[{""parameters"":{""name"":""ifc.ootb.WebActor.numberOfFollowers"",""operator"":""equals"",""value"":100},""type"":""filter""}],""type"":""relation""}]}",Web Activity,"[""Web Activity"", ""Web Actor""]","[""Web Actor""]",True,False,3,"[""ifc.ootb.WebActivity.numberOfLikes"", ""ifc.ootb.WebActivity.text"", ""ifc.ootb.WebActor.numberOfFollowers""]","[""contains"", ""equals"", ""is_not_empty""]"
290,Show all phones first active in 2023.,show all phones first active in 2023.,show all phones first active in <number>.,"{""entityType"":""Phone"",""statements"":[{""parameters"":{""name"":""ifc.ootb.Participant.firstActiveDate"",""operator"":""between"",""value"":[""2023-01-01"",""2023-12-31""]},""type"":""filter""}]}",Phone,"[""Phone""]",[],False,False,1,"[""ifc.ootb.Participant.firstActiveDate""]","[""between""]"
295,List reports that talk about 'corporate espionage',list reports that talk about 'corporate espionage',list reports that talk about <quoted>,"{""entityType"":""Report"",""statements"":[{""parameters"":{""name"":""text"",""operator"":""contains"",""value"":""corporate espionage""},""type"":""filter""}]}",Report,"[""Report""]",[],False,False,1,"[""text""]","[""contains""]"
296,Which phones have an alias name containing 'burner'?,which phones have an alias name containing 'burner'?,which phones have an alias name containing <quoted>?,"{""entityType"":""Phone"",""statements"":[{""parameters"":{""name"":""ifc.ootb.Participant.aliasName"",""operator"":""contains"",""value"":""burner""},""type"":""filter""}]}",Phone,"[""Phone""]",[],False,False,1,"[""ifc.ootb.Participant.aliasName""]","[""contains""]"
297,List reports that talk about 'money laundering',list reports that talk about 'money laundering',list reports that talk about <quoted>,"{""entityType"":""Report"",""statements"":[{""parameters"":{""name"":""text"",""operator"":""contains"",""value"":""money laundering""},""type"":""filter""}]}",Report,"[""Report""]",[],False,False,1,"[""text""]","[""contains""]"
298,Show all non-call communications from 0543037210 to 0506519105.,show all non-call communications from 0543037210 to 0506519105.,show all non-call communications from <phone> to <phone>.,"{""entityType"":""CDR"",""statements"":[{""parameters"":{""name"":""ifc.ootb.CDR.msisdn"",""operator"":""equals"",""value"":""0543037210""},""type"":""filter""},{""parameters"":{""name"":""ifc.ootb.CDR.msisdn2"",""operator"":""equals"",""value"":""0506519105""},""type"":""filter""},{""parameters"":{""name"":""ifc.ootb.CDR.type"",""operator"":""equals"",""value"":""Non-Call""},""type"":""filter""}]}",CDR,"[""CDR""]",[],False,False,3,"[""ifc.ootb.CDR.msisdn"", ""ifc.ootb.CDR.msisdn2"", ""ifc.ootb.CDR.type""]","[""equals""]"
299,Show successful calls made by phones of type 'Mobile' to 0542164185.,show successful calls made by phones of type 'mobile' to 0542164185.,show successful calls made by phones of type <quoted> to <phone>.,"{""entityType"":""CDR"",""statements"":[{""parameters"":{""name"":""ifc.ootb.CDR.callStatus"",""operator"":""equals"",""value"":""Successful""},""type"":""filter""},{""parameters"":{""name"":""ifc.ootb.CDR.msisdn2"",""operator"":""equals"",""value"":""0542164185""},""type"":""filter""},{""parameters"":{""relationTargetType"":[""Phone""],""relationType"":[""relation_Caller""]},""statements"":[{""parameters"":{""name"":""ifc.Phone.type"",""operator"":""equals"",""value"":""Mobile""},""type"":""filter""}],""type"":""relation""}]}",CDR,"[""CDR"", ""Phone""]","[""Phone""]",True,False,3,"[""ifc.Phone.type"", ""ifc.ootb.CDR.callStatus"", ""ifc.ootb.CDR.msisdn2""]","[""equals""]"
301,Show communications in English or Russian from 0524720146 or to 0558273910 from the past day,show communications in english or russian from 0524720146 or to 0558273910 from the past day,show communications in english or russian from <phone> or to <phone> from the past day,"{""entityType"":""CDR"",""statements"":[{""parameters"":{""name"":""ifc.ootb.CDR.startTime"",""operator"":""relative"",""value"":{""count"":1,""mode"":""previous"",""time_res"":""day""}},""type"":""filter""},{""parameters"":{""operatorValue"":""OR""},""statements"":[{""parameters"":{""name"":""ifc.ootb.CDR.mainLanguage"",""operator"":""equals"",""value"":""English""},""type"":""filter""},{""parameters"":{""name"":""ifc.ootb.CDR.mainLanguage"",""operator"":""equals"",""value"":""Russian""},""type"":""filter""}],""type"":""operator""},{""parameters"":{""operatorValue"":""OR""},""statements"":[{""parameters"":{""name"":""ifc.ootb.CDR.msisdn"",""operator"":""equals"",""value"":""0524720146""},""type"":""filter""},{""parameters"":{""name"":""ifc.ootb.CDR.msisdn2"",""operator"":""equals"",""value"":""0558273910""},""type"":""filter""}],""type"":""operator""}]}",CDR,"[""CDR""]",[],False,True,5,"[""ifc.ootb.CDR.mainLanguage"", ""ifc.ootb.CDR.msisdn"", ""ifc.ootb.CDR.msisdn2"", ""ifc.ootb.CDR.startTime""]","[""equals"", ""relative""]"
303,List all individuals with a passport number containing '123' born before 1 November 1980,list all individuals with a passport number containing '123' born before 1 november 1980,list all individuals with a passport number containing <quoted> born before <number> november <number>,"{""entityType"":""Person"",""statements"":[{""parameters"":{""name"":""ifc.Person.birthDate"",""operator"":""before"",""value"":""1980-11-01""},""type"":""filter""},{""parameters"":{""name"":""ifc.Person.passport"",""operator"":""contains"",""value"":""123""},""type"":""filter""}]}",Person,"[""Person""]",[],False,False,2,"[""ifc.Person.birthDate"", ""ifc.Person.passport""]","[""before"", ""contains""]"
307,Show me all persons with a birth date between 1 January 2000 and 31 December 2009,show me all persons with a birth date between 1 january 2000 and 31 december 2009,show me all persons with a birth date between <number> january <number> and <number> december <number>,"{""entityType"":""Person"",""statements"":[{""parameters"":{""name"":""ifc.Person.birthDate"",""operator"":""between"",""value"":[""2000-01-01"",""2009-12-31""]},""type"":""filter""}]}",Person,"[""Person""]",[],False,False,1,"[""ifc.Person.birthDate""]","[""between""]"
309,"Find all inquiry created between January 1, 2024 and Feb 28, 2024","find all inquiry created between january 1, 2024 and feb 28, 2024","find all inquiry created between january <number>, <number> and feb <number>, <number>","{""entityType"":""Investigation"",""statements"":[{""parameters"":{""name"":""ifc.core.createtime"",""operator"":""between"",""value"":[""2024-01-01"",""2024-02-28""]},""type"":""filter""}]}",Investigation,"[""Investigation""]",[],False,False,1,"[""ifc.core.createtime""]","[""between""]"
310,Retrieve people born on 10 April 1980 or 20 November 1975,retrieve people born on 10 april 1980 or 20 november 1975,retrieve people born on <number> april <number> or <number> november <number>,"{""entityType"":""Person"",""statements"":[{""parameters"":{""operatorValue"":""OR""},""statements"":[{""parameters"":{""name"":""ifc.Person.birthDate"",""operator"":""is"",""value"":""1980-04-10""},""type"":""filter""},{""parameters"":{""name"":""ifc.Person.birthDate"",""operator"":""is"",""value"":""1975-11-20""},""type"":""filter""}],""type"":""operator""}]}",Person,"[""Person""]",[],False,True,2,"[""ifc.Person.birthDate""]","[""is""]"
311,What communications originated from IP address 192.168.0.1 yesterday?,what communications originated from ip address 192.168.0.1 yesterday?,what communications originated from ip address <phone> yesterday?,"{""entityType"":""CDR"",""statements"":[{""parameters"":{""name"":""ifc.ootb.CDR.ipAddress"",""operator"":""equals"",""value"":""192.168.0.1""},""type"":""filter""},{""parameters"":{""name"":""ifc.ootb.CDR.startTime"",""operator"":""relative"",""value"":{""count"":1,""mode"":""previous"",""time_res"":""day""}},""type"":""filter""}]}",CDR,"[""CDR""]",[],False,False,2,"[""ifc.ootb.CDR.ipAddress"", ""ifc.ootb.CDR.startTime""]","[""equals"", ""relative""]"
312,List Twitter profiles of males that follow 1000 accounts,list twitter profiles of males that follow 1000 accounts,list twitter profiles of males that follow <number> accounts,"{""entityType"":""Web Actor"",""statements"":[{""parameters"":{""name"":""ifc.ootb.Orbis.platform"",""operator"":""equals"",""value"":""twitter""},""type"":""filter""},{""parameters"":{""name"":""ifc.ootb.WebActor.gender"",""operator"":""equals"",""value"":""Male""},""type"":""filter""},{""parameters"":{""name"":""ifc.ootb.WebActor.numberOfFollowing"",""operator"":""equals"",""value"":1000},""type"":""filter""}]}",Web Actor,"[""Web Actor""]",[],False,False,3,"[""ifc.ootb.Orbis.platform"", ""ifc.ootb.WebActor.gender"", ""ifc.ootb.WebActor.numberOfFollowing""]","[""equals""]"
313,"Are there insights mentioning the witness statement recorded on March 5, 2024?","are there insights mentioning the witness statement recorded on march 5, 2024?","are there insights mentioning the witness statement recorded on march <number>, <number>?","{""entityType"":""Insight"",""statements"":[{""parameters"":{""name"":""ifc.core.createtime"",""operator"":""is"",""value"":""2024-03-05""},""type"":""filter""},{""parameters"":{""name"":""text"",""operator"":""contains"",""value"":""witness statement""},""type"":""filter""}]}",Insight,"[""Insight""]",[],False,False,2,"[""ifc.core.createtime"", ""text""]","[""contains"", ""is""]"
314,"Find all text messages in arabic sent from +972543037210 to +972506655668 about 'meeting location' on March 15, 2024","find all text messages in arabic sent from +972543037210 to +972506655668 about 'meeting location' on march 15, 2024","find all text messages in arabic sent from +<phone> to +<phone> about <quoted> on march <number>, <number>","{""entityType"":""CDR"",""statements"":[{""parameters"":{""name"":""ifc.ootb.CDR.mainLanguage"",""operator"":""equals"",""value"":""Arabic""},""type"":""filter""},{""parameters"":{""name"":""ifc.ootb.CDR.msisdn"",""operator"":""equals"",""value"":""+972543037210""},""type"":""filter""},{""parameters"":{""name"":""ifc.ootb.CDR.msisdn2"",""operator"":""equals"",""value"":""+972506655668""},""type"":""filter""},{""parameters"":{""name"":""ifc.ootb.CDR.smsText"",""operator"":""contains"",""value"":""meeting location""},""type"":""filter""},{""parameters"":{""name"":""ifc.ootb.CDR.startTime"",""operator"":""is"",""value"":""2024-03-15""},""type"":""filter""},{""parameters"":{""name"":""ifc.ootb.CDR.type"",""operator"":""equals"",""value"":""Text""},""type"":""filter""}]}",CDR,"[""CDR""]",[],False,False,6,"[""ifc.ootb.CDR.mainLanguage"", ""ifc.ootb.CDR.msisdn"", ""ifc.ootb.CDR.msisdn2"", ""ifc.ootb.CDR.smsText"", ""ifc.ootb.CDR.startTime"", ""ifc.ootb.CDR.type""]","[""contains"", ""equals"", ""is""]"
315,Show me phones with an IMSI object ID of 98765.,show me phones with an imsi object id of 98765.,show me phones with an imsi object id of <number>.,"{""entityType"":""Phone"",""statements"":[{""parameters"":{""name"":""ifc.ootb.Phone.IMSI.objectID"",""operator"":""equals"",""value"":""98765""},""type"":""filter""}]}",Phone,"[""Phone""]",[],False,False,1,"[""ifc.ootb.Phone.IMSI.objectID""]","[""equals""]"
316,Find reports that contain the term 'budget forecast',find reports that contain the term 'budget forecast',find reports that contain the term <quoted>,"{""entityType"":""Report"",""statements"":[{""parameters"":{""name"":""text"",""operator"":""contains"",""value"":""budget forecast""},""type"":""filter""}]}",Report,"[""Report""]",[],False,False,1,"[""text""]","[""contains""]"
317,phones that were first activate on 10 March 2024,phones that were first activate on 10 march 2024,phones that were first activate on <number> march <number>,"{""entityType"":""Phone"",""statements"":[{""parameters"":{""name"":""ifc.ootb.Participant.firstActiveDate"",""operator"":""is"",""value"":""2024-03-10""},""type"":""filter""}]}",Phone,"[""Phone""]",[],False,False,1,"[""ifc.ootb.Participant.firstActiveDate""]","[""is""]"
319,Show me insights created in the first quarter of 2024 related to the money trail.,show me insights created in the first quarter of 2024 related to the money trail.,show me insights created in the first quarter of <number> related to the money trail.,"{""entityType"":""Insight"",""statements"":[{""parameters"":{""name"":""ifc.core.createtime"",""operator"":""between"",""value"":[""2024-01-01"",""2024-03-31""]},""type"":""filter""},{""parameters"":{""name"":""text"",""operator"":""contains"",""value"":""money trail""},""type"":""filter""}]}",Insight,"[""Insight""]",[],False,False,2,"[""ifc.core.createtime"", ""text""]","[""between"", ""contains""]"
320,Show all Samsung Galaxy S23 devices,show all samsung galaxy s23 devices,show all samsung galaxy s23 devices,"{""entityType"":""Phone"",""statements"":[{""parameters"":{""name"":""ifc.ootb.Participant.deviceName"",""operator"":""contains"",""value"":""Samsung Galaxy S23""},""type"":""filter""}]}",Phone,"[""Phone""]",[],False,False,1,"[""ifc.ootb.Participant.deviceName""]","[""contains""]"
321,"Find any non-text communications for subcase 'DEF456' between March 1-5, 2024","find any non-text communications for subcase 'def456' between march 1-5, 2024","find any non-text communications for subcase <quoted> between march <number>-<number>, <number>","{""entityType"":""CDR"",""statements"":[{""parameters"":{""name"":""ifc.CDR.subcaseCode"",""operator"":""equals"",""value"":""DEF456""},""type"":""filter""},{""parameters"":{""name"":""ifc.ootb.CDR.startTime"",""operator"":""between"",""value"":[""2024-03-01"",""2024-03-05""]},""type"":""filter""},{""parameters"":{""name"":""ifc.ootb.CDR.type"",""operator"":""not_equal"",""value"":""Text""},""type"":""filter""}]}",CDR,"[""CDR""]",[],False,False,3,"[""ifc.CDR.subcaseCode"", ""ifc.ootb.CDR.startTime"", ""ifc.ootb.CDR.type""]","[""between"", ""equals"", ""not_equal""]"
322,List insights mentioning the 'Dark Web' from the previous 2 weeks.,list insights mentioning the 'dark web' from the previous 2 weeks.,list insights mentioning the <quoted> from the previous <number> weeks.,"{""entityType"":""Insight"",""statements"":[{""parameters"":{""name"":""ifc.core.createtime"",""operator"":""relative"",""value"":{""count"":2,""mode"":""previous"",""time_res"":""week""}},""type"":""filter""},{""parameters"":{""name"":""text"",""operator"":""contains"",""value"":""Dark Web""},""type"":""filter""}]}",Insight,"[""Insight""]",[],False,False,2,"[""ifc.core.createtime"", ""text""]","[""contains"", ""relative""]"
323,List all classified emails with attachments sent to jane@company.com last month,list all classified emails with attachments sent to jane@company.com last month,list all classified emails with attachments sent to <email> last month,"{""entityType"":""CDR"",""statements"":[{""parameters"":{""name"":""ifc.CDR.isClassified"",""operator"":""equals"",""value"":true},""type"":""filter""},{""parameters"":{""name"":""ifc.ootb.CDR.destinationEmailAddress"",""operator"":""equals"",""value"":""jane@company.com""},""type"":""filter""},{""parameters"":{""name"":""ifc.ootb.CDR.isAttachment"",""operator"":""equals"",""value"":true},""type"":""filter""},{""parameters"":{""name"":""ifc.ootb.CDR.startTime"",""operator"":""relative"",""value"":{""count"":1,""mode"":""previous"",""time_res"":""month""}},""type"":""filter""},{""parameters"":{""name"":""ifc.ootb.CDR.type"",""operator"":""equals"",""value"":""Email""},""type"":""filter""}]}",CDR,"[""CDR""]",[],False,False,5,"[""ifc.CDR.isClassified"", ""ifc.ootb.CDR.destinationEmailAddress"", ""ifc.ootb.CDR.isAttachment"", ""ifc.ootb.CDR.startTime"", ""ifc.ootb.CDR.type""]","[""equals"", ""relative""]"
324,Show me all sms sent from suspicious phones to the number 0542164185 in the last week.,show me all sms sent from suspicious phones to the number 0542164185 in the last week.,show me all sms sent from suspicious phones to the number <phone> in the last week.,"{""entityType"":""CDR"",""statements"":[{""parameters"":{""name"":""ifc.ootb.CDR.msisdn2"",""operator"":""equals"",""value"":""0542164185""},""type"":""filter""},{""parameters"":{""name"":""ifc.ootb.CDR.startTime"",""operator"":""relative"",""value"":{""count"":1,""mode"":""previous"",""time_res"":""week""}},""type"":""filter""},{""parameters"":{""name"":""ifc.ootb.CDR.type"",""operator"":""equals"",""value"":""Text""},""type"":""filter""},{""parameters"":{""relationTargetType"":[""Phone""],""relationType"":[""relation_Caller""]},""statements"":[{""parameters"":{""name"":""ifc.ootb.Participant.isSuspicious"",""operator"":""equals"",""value"":true},""type"":""filter""}],""type"":""relation""}]}",CDR,"[""CDR"", ""Phone""]","[""Phone""]",True,False,4,"[""ifc.ootb.CDR.msisdn2"", ""ifc.ootb.CDR.startTime"", ""ifc.ootb.CDR.type"", ""ifc.ootb.Participant.isSuspicious""]","[""equals"", ""relative""]"
325,Retrieve all LinkedIn posts published between 1 March 2024 and 15 March 2024 with  500 likes,retrieve all linkedin posts published between 1 march 2024 and 15 march 2024 with 500 likes,retrieve all linkedin posts published between <number> march <number> and <number> march <number> with <number> likes,"{""entityType"":""Web Activity"",""statements"":[{""parameters"":{""name"":""ifc.ootb.Orbis.platform"",""operator"":""equals"",""value"":""linkedin""},""type"":""filter""},{""parameters"":{""name"":""ifc.ootb.Orbis.publishDate"",""operator"":""between"",""value"":[""2024-03-01"",""2024-03-15""]},""type"":""filter""},{""parameters"":{""name"":""ifc.ootb.WebActivity.numberOfLikes"",""operator"":""equals"",""value"":500},""type"":""filter""}]}",Web Activity,"[""Web Activity""]",[],False,False,3,"[""ifc.ootb.Orbis.platform"", ""ifc.ootb.Orbis.publishDate"", ""ifc.ootb.WebActivity.numberOfLikes""]","[""between"", ""equals""]"
329,Are there any insights related to the suspect Yossi Levi?,are there any insights related to the suspect yossi levi?,are there any insights related to the suspect yossi levi?,"{""entityType"":""Insight"",""statements"":[{""parameters"":{""name"":""text"",""operator"":""contains"",""value"":""Yossi Levi""},""type"":""filter""}]}",Insight,"[""Insight""]",[],False,False,1,"[""text""]","[""contains""]"
330,What calls were made by phones associated with John Doe to 0549876543?,what calls were made by phones associated with john doe to 0549876543?,what calls were made by phones associated with john doe to <phone>?,"{""entityType"":""CDR"",""statements"":[{""parameters"":{""name"":""ifc.ootb.CDR.msisdn2"",""operator"":""equals"",""value"":""0549876543""},""type"":""filter""},{""parameters"":{""name"":""ifc.ootb.CDR.type"",""operator"":""equals"",""value"":""Voice""},""type"":""filter""},{""parameters"":{""relationTargetType"":[""Phone""],""relationType"":[""relation_Caller""]},""statements"":[{""parameters"":{""name"":""ifc.ootb.Participant.targetName"",""operator"":""equals"",""value"":""John Doe""},""type"":""filter""}],""type"":""relation""}]}",CDR,"[""CDR"", ""Phone""]","[""Phone""]",True,False,3,"[""ifc.ootb.CDR.msisdn2"", ""ifc.ootb.CDR.type"", ""ifc.ootb.Participant.targetName""]","[""equals""]"
332,What sms were sent from target phones to numbers starting with '052'?,what sms were sent from target phones to numbers starting with '052'?,what sms were sent from target phones to numbers starting with <quoted>?,"{""entityType"":""CDR"",""statements"":[{""parameters"":{""name"":""ifc.ootb.CDR.msisdn2"",""operator"":""begins_with"",""value"":""052""},""type"":""filter""},{""parameters"":{""name"":""ifc.ootb.CDR.type"",""operator"":""equals"",""value"":""Text""},""type"":""filter""},{""parameters"":{""relationTargetType"":[""Phone""],""relationType"":[""relation_Caller""]},""statements"":[{""parameters"":{""name"":""ifc.ootb.Participant.isTarget"",""operator"":""equals"",""value"":true},""type"":""filter""}],""type"":""relation""}]}",CDR,"[""CDR"", ""Phone""]","[""Phone""]",True,False,3,"[""ifc.ootb.CDR.msisdn2"", ""ifc.ootb.CDR.type"", ""ifc.ootb.Participant.isTarget""]","[""begins_with"", ""equals""]"
335,Show me all calls and SMS from either 0528765432 or 0545123987 last week,show me all calls and sms from either 0528765432 or 0545123987 last week,show me all calls and sms from either <phone> or <phone> last week,"{""entityType"":""CDR"",""statements"":[{""parameters"":{""name"":""ifc.ootb.CDR.createDateTime"",""operator"":""relative"",""value"":{""count"":1,""mode"":""previous"",""time_res"":""week""}},""type"":""filter""},{""parameters"":{""operatorValue"":""OR""},""statements"":[{""parameters"":{""name"":""ifc.ootb.CDR.type"",""operator"":""equals"",""value"":""Voice""},""type"":""filter""},{""parameters"":{""name"":""ifc.ootb.CDR.type"",""operator"":""equals"",""value"":""Text""},""type"":""filter""}],""type"":""operator""},{""parameters"":{""operatorValue"":""OR""},""statements"":[{""parameters"":{""name"":""ifc.ootb.CDR.msisdn"",""operator"":""equals"",""value"":""0528765432""},""type"":""filter""},{""parameters"":{""name"":""ifc.ootb.CDR.msisdn"",""operator"":""equals"",""value"":""0545123987""},""type"":""filter""}],""type"":""operator""}]}",CDR,"[""CDR""]",[],False,True,5,"[""ifc.ootb.CDR.createDateTime"", ""ifc.ootb.CDR.msisdn"", ""ifc.ootb.CDR.type""]","[""equals"", ""relative""]"
336,What insights relate to the seized contraband?,what insights relate to the seized contraband?,what insights relate to the seized contraband?,"{""entityType"":""Insight"",""statements"":[{""parameters"":{""name"":""text"",""operator"":""contains"",""value"":""seized contraband""},""type"":""filter""}]}",Insight,"[""Insight""]",[],False,False,1,"[""text""]","[""contains""]"
337,What investigations mention 'illegal gambling' in the description?,what investigations mention 'illegal gambling' in the description?,what investigations mention <quoted> in the description?,"{""entityType"":""Investigation"",""statements"":[{""parameters"":{""name"":""ifc.core.description"",""operator"":""contains"",""value"":""illegal gambling""},""type"":""filter""}]}",Investigation,"[""Investigation""]",[],False,False,1,"[""ifc.core.description""]","[""contains""]"
338,Find posts about 'food' shared by actors who have attended culinary school.,find posts about 'food' shared by actors who have attended culinary school.,find posts about <quoted> shared by actors who have attended culinary school.,"{""entityType"":""Web Activity"",""statements"":[{""parameters"":{""name"":""ifc.ootb.WebActivity.text"",""operator"":""similar_to"",""value"":""food""},""type"":""filter""},{""parameters"":{""relationTargetType"":[""Web Actor""],""relationType"":[""relation_Writer""]},""statements"":[{""parameters"":{""name"":""ifc.ootb.WebActor.educationalInstitution"",""operator"":""contains"",""value"":""culinary""},""type"":""filter""}],""type"":""relation""}]}",Web Activity,"[""Web Activity"", ""Web Actor""]","[""Web Actor""]",True,False,2,"[""ifc.ootb.WebActivity.text"", ""ifc.ootb.WebActor.educationalInstitution""]","[""contains"", ""similar_to""]"
339,Find LinkedIn accounts with 'consultant' in the job title that have a birth date after 1 January 1995,find linkedin accounts with 'consultant' in the job title that have a birth date after 1 january 1995,find linkedin accounts with <quoted> in the job title that have a birth date after <number> january <number>,"{""entityType"":""Web Actor"",""statements"":[{""parameters"":{""name"":""ifc.ootb.Orbis.platform"",""operator"":""equals"",""value"":""linkedin""},""type"":""filter""},{""parameters"":{""name"":""ifc.ootb.WebActor.birthDate"",""operator"":""after"",""value"":""1995-01-01""},""type"":""filter""},{""parameters"":{""name"":""ifc.ootb.WebActor.title"",""operator"":""contains"",""value"":""consultant""},""type"":""filter""}]}",Web Actor,"[""Web Actor""]",[],False,False,3,"[""ifc.ootb.Orbis.platform"", ""ifc.ootb.WebActor.birthDate"", ""ifc.ootb.WebActor.title""]","[""after"", ""contains"", ""equals""]"
340,Find reports mentioning the email address 'johndoe@example.com',find reports mentioning the email address 'johndoe@example.com',find reports mentioning the email address <quoted>,"{""entityType"":""Report"",""statements"":[{""parameters"":{""name"":""text"",""operator"":""contains"",""value"":""johndoe@example.com""},""type"":""filter""}]}",Report,"[""Report""]",[],False,False,1,"[""text""]","[""contains""]"
341,Find all calls with a duration of 30 minutes made in February 2024,find all calls with a duration of 30 minutes made in february 2024,find all calls with a duration of <number> minutes made in february <number>,"{""entityType"":""CDR"",""statements"":[{""parameters"":{""name"":""ifc.ootb.CDR.duration"",""operator"":""equals"",""value"":30},""type"":""filter""},{""parameters"":{""name"":""ifc.ootb.CDR.startTime"",""operator"":""between"",""value"":[""2024-02-01"",""2024-02-29""]},""type"":""filter""},{""parameters"":{""name"":""ifc.ootb.CDR.type"",""operator"":""equals"",""value"":""Voice""},""type"":""filter""}]}",CDR,"[""CDR""]",[],False,False,3,"[""ifc.ootb.CDR.duration"", ""ifc.ootb.CDR.startTime"", ""ifc.ootb.CDR.type""]","[""between"", ""equals""]"
342,Show me any SMS messages in Russian sent from a number starting with +7 to 0543037210 in February 2024,show me any sms messages in russian sent from a number starting with +7 to 0543037210 in february 2024,show me any sms messages in russian sent from a number starting with +<number> to <phone> in february <number>,"{""entityType"":""CDR"",""statements"":[{""parameters"":{""name"":""ifc.ootb.CDR.mainLanguage"",""operator"":""equals"",""value"":""Russian""},""type"":""filter""},{""parameters"":{""name"":""ifc.ootb.CDR.msisdn"",""operator"":""begins_with"",""value"":""+7""},""type"":""filter""},{""parameters"":{""name"":""ifc.ootb.CDR.msisdn2"",""operator"":""equals"",""value"":""0543037210""},""type"":""filter""},{""parameters"":{""name"":""ifc.ootb.CDR.startTime"",""operator"":""between"",""value"":[""2024-02-01"",""2024-02-29""]},""type"":""filter""},{""parameters"":{""name"":""ifc.ootb.CDR.type"",""operator"":""equals"",""value"":""Text""},""type"":""filter""}]}",CDR,"[""CDR""]",[],False,False,5,"[""ifc.ootb.CDR.mainLanguage"", ""ifc.ootb.CDR.msisdn"", ""ifc.ootb.CDR.msisdn2"", ""ifc.ootb.CDR.startTime"", ""ifc.ootb.CDR.type""]","[""begins_with"", ""between"", ""equals""]"
344,sms or calls of 0544567890 in the past month,sms or calls of 0544567890 in the past month,sms or calls of <phone> in the past month,"{""entityType"":""CDR"",""statements"":[{""parameters"":{""name"":""ifc.ootb.CDR.createDateTime"",""operator"":""relative"",""value"":{""count"":1,""mode"":""previous"",""time_res"":""month""}},""type"":""filter""},{""parameters"":{""operatorValue"":""OR""},""statements"":[{""parameters"":{""name"":""ifc.ootb.CDR.type"",""operator"":""equals"",""value"":""Voice""},""type"":""filter""},{""parameters"":{""name"":""ifc.ootb.CDR.type"",""operator"":""equals"",""value"":""Text""},""type"":""filter""}],""type"":""operator""},{""parameters"":{""operatorValue"":""OR""},""statements"":[{""parameters"":{""name"":""ifc.ootb.CDR.msisdn"",""operator"":""equals"",""value"":""0544567890""},""type"":""filter""},{""parameters"":{""name"":""ifc.ootb.CDR.msisdn2"",""operator"":""equals"",""value"":""0544567890""},""type"":""filter""}],""type"":""operator""}]}",CDR,"[""CDR""]",[],False,True,5,"[""ifc.ootb.CDR.createDateTime"", ""ifc.ootb.CDR.msisdn"", ""ifc.ootb.CDR.msisdn2"", ""ifc.ootb.CDR.type""]","[""equals"", ""relative""]"
345,Which profiles with name 'john' have posted content mentioning 'music' in the last week?,which profiles with name 'john' have posted content mentioning 'music' in the last week?,which profiles with name <quoted> have posted content mentioning <quoted> in the last week?,"{""entityType"":""Web Actor"",""statements"":[{""parameters"":{""name"":""ifc.ootb.WebActor.firstName"",""operator"":""contains"",""value"":""john""},""type"":""filter""},{""parameters"":{""relationTargetType"":[""Web Activity""],""relationType"":[""relation_Writer""]},""statements"":[{""parameters"":{""name"":""ifc.ootb.WebActivity.text"",""operator"":""contains"",""value"":""music""},""type"":""filter""},{""parameters"":{""name"":""ifc.ootb.Orbis.publishDate"",""operator"":""relative"",""value"":{""count"":1,""mode"":""previous"",""time_res"":""week""}},""type"":""filter""}],""type"":""relation""}]}",Web Actor,"[""Web Activity"", ""Web Actor""]","[""Web Activity""]",True,False,3,"[""ifc.ootb.Orbis.publishDate"", ""ifc.ootb.WebActivity.text"", ""ifc.ootb.WebActor.firstName""]","[""contains"", ""relative""]"
346,Show me all calls made from phones on the 'Vodafone' network yesterday,show me all calls made from phones on the 'vodafone' network yesterday,show me all calls made from phones on the <quoted> network yesterday,"{""entityType"":""CDR"",""statements"":[{""parameters"":{""name"":""ifc.ootb.CDR.orignatorNetworkName"",""operator"":""equals"",""value"":""Vodafone""},""type"":""filter""},{""parameters"":{""name"":""ifc.ootb.CDR.startTime"",""operator"":""relative"",""value"":{""count"":1,""mode"":""previous"",""time_res"":""day""}},""type"":""filter""},{""parameters"":{""name"":""ifc.ootb.CDR.type"",""operator"":""equals"",""value"":""Voice""},""type"":""filter""}]}",CDR,"[""CDR""]",[],False,False,3,"[""ifc.ootb.CDR.orignatorNetworkName"", ""ifc.ootb.CDR.startTime"", ""ifc.ootb.CDR.type""]","[""equals"", ""relative""]"
348,Display all communications to phones with the title 'Work Phone',display all communications to phones with the title 'work phone',display all communications to phones with the title <quoted>,"{""entityType"":""CDR"",""statements"":[{""parameters"":{""relationTargetType"":[""Phone""],""relationType"":[""relation_Callee""]},""statements"":[{""parameters"":{""name"":""ifc.ootb.Phone.title"",""operator"":""equals"",""value"":""Work Phone""},""type"":""filter""}],""type"":""relation""}]}",CDR,"[""CDR"", ""Phone""]","[""Phone""]",True,False,1,"[""ifc.ootb.Phone.title""]","[""equals""]"
349,Find investigations with descriptions mentioning 'John Smith',find investigations with descriptions mentioning 'john smith',find investigations with descriptions mentioning <quoted>,"{""entityType"":""Investigation"",""statements"":[{""parameters"":{""name"":""ifc.core.description"",""operator"":""contains"",""value"":""John Smith""},""type"":""filter""}]}",Investigation,"[""Investigation""]",[],False,False,1,"[""ifc.core.description""]","[""contains""]"
351,List all posts published in the last 15 days from phone number 0543037210,list all posts published in the last 15 days from phone number 0543037210,list all posts published in the last <number> days from phone number <phone>,"{""entityType"":""Web Activity"",""statements"":[{""parameters"":{""name"":""ifc.ootb.Orbis.phone"",""operator"":""equals"",""value"":""0543037210""},""type"":""filter""},{""parameters"":{""name"":""ifc.ootb.Orbis.publishDate"",""operator"":""relative"",""value"":{""count"":15,""mode"":""previous"",""time_res"":""day""}},""type"":""filter""}]}",Web Activity,"[""Web Activity""]",[],False,False,2,"[""ifc.ootb.Orbis.phone"", ""ifc.ootb.Orbis.publishDate""]","[""equals"", ""relative""]"
353,List all open investigations related to 'public corruption',list all open investigations related to 'public corruption',list all open investigations related to <quoted>,"{""entityType"":""Investigation"",""statements"":[{""parameters"":{""name"":""ifc.core.description"",""operator"":""contains"",""value"":""public corruption""},""type"":""filter""},{""parameters"":{""name"":""ifc.core.state"",""operator"":""equals"",""value"":""open""},""type"":""filter""}]}",Investigation,"[""Investigation""]",[],False,False,2,"[""ifc.core.description"", ""ifc.core.state""]","[""contains"", ""equals""]"
354,What phones were last active in the previous year?,what phones were last active in the previous year?,what phones were last active in the previous year?,"{""entityType"":""Phone"",""statements"":[{""parameters"":{""name"":""ifc.ootb.Participant.lastActiveDate"",""operator"":""relative"",""value"":{""count"":1,""mode"":""previous"",""time_res"":""year""}},""type"":""filter""}]}",Phone,"[""Phone""]",[],False,False,1,"[""ifc.ootb.Participant.lastActiveDate""]","[""relative""]"
355,List reports updated last week or the week before,list reports updated last week or the week before,list reports updated last week or the week before,"{""entityType"":""Report"",""statements"":[{""parameters"":{""operatorValue"":""OR""},""statements"":[{""parameters"":{""name"":""ifc.core.updatetime"",""operator"":""relative"",""value"":{""count"":1,""mode"":""previous"",""time_res"":""week""}},""type"":""filter""},{""parameters"":{""name"":""ifc.core.updatetime"",""operator"":""relative"",""value"":{""count"":2,""mode"":""previous"",""time_res"":""week""}},""type"":""filter""}],""type"":""operator""}]}",Report,"[""Report""]",[],False,True,2,"[""ifc.core.updatetime""]","[""relative""]"
357,Find all phones with 'iPhone' in the device name.,find all phones with 'iphone' in the device name.,find all phones with <quoted> in the device name.,"{""entityType"":""Phone"",""statements"":[{""parameters"":{""name"":""ifc.ootb.Participant.deviceName"",""operator"":""contains"",""value"":""iPhone""},""type"":""filter""}]}",Phone,"[""Phone""]",[],False,False,1,"[""ifc.ootb.Participant.deviceName""]","[""contains""]"
358,Which accounts with 500 friends have recently posted about 'artificial intelligence'?,which accounts with 500 friends have recently posted about 'artificial intelligence'?,which accounts with <number> friends have recently posted about <quoted>?,"{""entityType"":""Web Actor"",""statements"":[{""parameters"":{""name"":""ifc.ootb.WebActor.numberOfFriends"",""operator"":""equals"",""value"":500},""type"":""filter""},{""parameters"":{""relationTargetType"":[""Web Activity""],""relationType"":[""relation_Writer""]},""statements"":[{""parameters"":{""name"":""ifc.ootb.WebActivity.text"",""operator"":""similar_to"",""value"":""artificial intelligence""},""type"":""filter""},{""parameters"":{""name"":""ifc.ootb.Orbis.publishDate"",""operator"":""relative"",""value"":{""count"":30,""mode"":""previous"",""time_res"":""day""}},""type"":""filter""}],""type"":""relation""}]}",Web Actor,"[""Web Activity"", ""Web Actor""]","[""Web Activity""]",True,False,3,"[""ifc.ootb.Orbis.publishDate"", ""ifc.ootb.WebActivity.text"", ""ifc.ootb.WebActor.numberOfFriends""]","[""equals"", ""relative"", ""similar_to""]"
360,What calls 30 minutes long were made from suspicious phones to 0549112233?,what calls 30 minutes long were made from suspicious phones to 0549112233?,what calls <number> minutes long were made from suspicious phones to <phone>?,"{""entityType"":""CDR"",""statements"":[{""parameters"":{""name"":""ifc.ootb.CDR.duration"",""operator"":""equals"",""value"":30},""type"":""filter""},{""parameters"":{""name"":""ifc.ootb.CDR.msisdn2"",""operator"":""equals"",""value"":""0549112233""},""type"":""filter""},{""parameters"":{""name"":""ifc.ootb.CDR.type"",""operator"":""equals"",""value"":""Voice""},""type"":""filter""},{""parameters"":{""relationTargetType"":[""Phone""],""relationType"":[""relation_Caller""]},""statements"":[{""parameters"":{""name"":""ifc.ootb.Participant.isSuspicious"",""operator"":""equals"",""value"":true},""type"":""filter""}],""type"":""relation""}]}",CDR,"[""CDR"", ""Phone""]","[""Phone""]",True,False,4,"[""ifc.ootb.CDR.duration"", ""ifc.ootb.CDR.msisdn2"", ""ifc.ootb.CDR.type"", ""ifc.ootb.Participant.isSuspicious""]","[""equals""]"
361,Find Twitter profiles created last month with a sentiment score 0.2,find twitter profiles created last month with a sentiment score 0.2,find twitter profiles created last month with a sentiment score <number>,"{""entityType"":""Web Actor"",""statements"":[{""parameters"":{""name"":""ifc.ootb.Orbis.platform"",""operator"":""equals"",""value"":""twitter""},""type"":""filter""},{""parameters"":{""name"":""ifc.ootb.Orbis.publishDate"",""operator"":""relative"",""value"":{""count"":1,""mode"":""previous"",""time_res"":""month""}},""type"":""filter""},{""parameters"":{""name"":""ifc.ootb.WebActor.sentimentScore"",""operator"":""equals"",""value"":0.2},""type"":""filter""}]}",Web Actor,"[""Web Actor""]",[],False,False,3,"[""ifc.ootb.Orbis.platform"", ""ifc.ootb.Orbis.publishDate"", ""ifc.ootb.WebActor.sentimentScore""]","[""equals"", ""relative""]"
363,Find all posts collected in the previous year that have a sentiment score 0.8,find all posts collected in the previous year that have a sentiment score 0.8,find all posts collected in the previous year that have a sentiment score <number>,"{""entityType"":""Web Activity"",""statements"":[{""parameters"":{""name"":""ifc.ootb.Orbis.collectDate"",""operator"":""relative"",""value"":{""count"":1,""mode"":""previous"",""time_res"":""year""}},""type"":""filter""},{""parameters"":{""name"":""ifc.ootb.WebActivity.sentimentScore"",""operator"":""equals"",""value"":0.8},""type"":""filter""}]}",Web Activity,"[""Web Activity""]",[],False,False,2,"[""ifc.ootb.Orbis.collectDate"", ""ifc.ootb.WebActivity.sentimentScore""]","[""equals"", ""relative""]"
364,Show me all phones that were first active in the last 30 days,show me all phones that were first active in the last 30 days,show me all phones that were first active in the last <number> days,"{""entityType"":""Phone"",""statements"":[{""parameters"":{""name"":""ifc.ootb.Participant.firstActiveDate"",""operator"":""relative"",""value"":{""count"":30,""mode"":""previous"",""time_res"":""day""}},""type"":""filter""}]}",Phone,"[""Phone""]",[],False,False,1,"[""ifc.ootb.Participant.firstActiveDate""]","[""relative""]"
365, calls of  0546222288 from past week,calls of 0546222288 from past week,calls of <phone> from past week,"{""entityType"":""CDR"",""statements"":[{""parameters"":{""name"":""ifc.ootb.CDR.createDateTime"",""operator"":""relative"",""value"":{""count"":1,""mode"":""previous"",""time_res"":""week""}},""type"":""filter""},{""parameters"":{""name"":""ifc.ootb.CDR.type"",""operator"":""equals"",""value"":""Voice""},""type"":""filter""},{""parameters"":{""operatorValue"":""OR""},""statements"":[{""parameters"":{""name"":""ifc.ootb.CDR.msisdn"",""operator"":""equals"",""value"":""0546222288""},""type"":""filter""},{""parameters"":{""name"":""ifc.ootb.CDR.msisdn2"",""operator"":""equals"",""value"":""0546222288""},""type"":""filter""}],""type"":""operator""}]}",CDR,"[""CDR""]",[],False,True,4,"[""ifc.ootb.CDR.createDateTime"", ""ifc.ootb.CDR.msisdn"", ""ifc.ootb.CDR.msisdn2"", ""ifc.ootb.CDR.type""]","[""equals"", ""relative""]"
366,Show all email conversations involving support@service.com or info@company.co.il,show all email conversations involving support@service.com or info@company.co.il,show all email conversations involving <email> or <email>,"{""entityType"":""CDR"",""statements"":[{""parameters"":{""name"":""ifc.ootb.CDR.type"",""operator"":""equals"",""value"":""Email""},""type"":""filter""},{""parameters"":{""operatorValue"":""OR""},""statements"":[{""parameters"":{""name"":""ifc.ootb.CDR.originatorEmailAddress"",""operator"":""equals"",""value"":""support@service.com""},""type"":""filter""},{""parameters"":{""name"":""ifc.ootb.CDR.destinationEmailAddress"",""operator"":""equals"",""value"":""support@service.com""},""type"":""filter""},{""parameters"":{""name"":""ifc.ootb.CDR.originatorEmailAddress"",""operator"":""equals"",""value"":""info@company.co.il""},""type"":""filter""},{""parameters"":{""name"":""ifc.ootb.CDR.destinationEmailAddress"",""operator"":""equals"",""value"":""info@company.co.il""},""type"":""filter""}],""type"":""operator""}]}",CDR,"[""CDR""]",[],False,True,5,"[""ifc.ootb.CDR.destinationEmailAddress"", ""ifc.ootb.CDR.originatorEmailAddress"", ""ifc.ootb.CDR.type""]","[""equals""]"
367,Which suspicious phone had sent calls?,which suspicious phone had sent calls?,which suspicious phone had sent calls?,"{""entityType"":""Phone"",""statements"":[{""parameters"":{""name"":""ifc.ootb.Participant.isSuspicious"",""operator"":""equals"",""value"":true},""type"":""filter""},{""parameters"":{""relationTargetType"":[""CDR""],""relationType"":[""relation_Caller""]},""statements"":[{""parameters"":{""name"":""ifc.ootb.CDR.type"",""operator"":""equals"",""value"":""Voice""},""type"":""filter""}],""type"":""relation""}]}",Phone,"[""CDR"", ""Phone""]","[""CDR""]",True,False,2,"[""ifc.ootb.CDR.type"", ""ifc.ootb.Participant.isSuspicious""]","[""equals""]"
369,Show me all calls with a duration of 30 minutes.,show me all calls with a duration of 30 minutes.,show me all calls with a duration of <number> minutes.,"{""entityType"":""CDR"",""statements"":[{""parameters"":{""name"":""ifc.ootb.CDR.duration"",""operator"":""equals"",""value"":30},""type"":""filter""},{""parameters"":{""name"":""ifc.ootb.CDR.type"",""operator"":""equals"",""value"":""Voice""},""type"":""filter""}]}",CDR,"[""CDR""]",[],False,False,2,"[""ifc.ootb.CDR.duration"", ""ifc.ootb.CDR.type""]","[""equals""]"
370,What are the activities from female web actors who attended Stanford University?,what are the activities from female web actors who attended stanford university?,what are the activities from female web actors who attended stanford university?,"{""entityType"":""Web Activity"",""statements"":[{""parameters"":{""relationTargetType"":[""Web Actor""],""relationType"":[""relation_Writer""]},""statements"":[{""parameters"":{""name"":""ifc.ootb.WebActor.gender"",""operator"":""equals"",""value"":""Female""},""type"":""filter""},{""parameters"":{""name"":""ifc.ootb.WebActor.educationalInstitution"",""operator"":""contains"",""value"":""Stanford University""},""type"":""filter""}],""type"":""relation""}]}",Web Activity,"[""Web Activity"", ""Web Actor""]","[""Web Actor""]",True,False,2,"[""ifc.ootb.WebActor.educationalInstitution"", ""ifc.ootb.WebActor.gender""]","[""contains"", ""equals""]"
373,What calls were blocked from phones that are used by Russian to 0549876543?,what calls were blocked from phones that are used by russian to 0549876543?,what calls were blocked from phones that are used by russian to <phone>?,"{""entityType"":""CDR"",""statements"":[{""parameters"":{""name"":""ifc.ootb.CDR.callStatus"",""operator"":""equals"",""value"":""Blocked""},""type"":""filter""},{""parameters"":{""name"":""ifc.ootb.CDR.msisdn2"",""operator"":""equals"",""value"":""0549876543""},""type"":""filter""},{""parameters"":{""name"":""ifc.ootb.CDR.type"",""operator"":""equals"",""value"":""Voice""},""type"":""filter""},{""parameters"":{""relationTargetType"":[""Phone""],""relationType"":[""relation_Caller""]},""statements"":[{""parameters"":{""name"":""ifc.ootb.Participant.tlidDominantLanguage"",""operator"":""equals"",""value"":""Russian""},""type"":""filter""}],""type"":""relation""}]}",CDR,"[""CDR"", ""Phone""]","[""Phone""]",True,False,4,"[""ifc.ootb.CDR.callStatus"", ""ifc.ootb.CDR.msisdn2"", ""ifc.ootb.CDR.type"", ""ifc.ootb.Participant.tlidDominantLanguage""]","[""equals""]"
375,Get records of all communications from 192.168.1.100 or to 10.0.0.50 in the last 48 hours,get records of all communications from 192.168.1.100 or to 10.0.0.50 in the last 48 hours,get records of all communications from <phone> or to <phone> in the last <number> hours,"{""entityType"":""CDR"",""statements"":[{""parameters"":{""name"":""ifc.ootb.CDR.startTime"",""operator"":""relative"",""value"":{""count"":48,""mode"":""previous"",""time_res"":""hour""}},""type"":""filter""},{""parameters"":{""operatorValue"":""OR""},""statements"":[{""parameters"":{""name"":""ifc.ootb.CDR.ipAddress"",""operator"":""equals"",""value"":""192.168.1.100""},""type"":""filter""},{""parameters"":{""name"":""ifc.ootb.CDR.ipAddress2"",""operator"":""equals"",""value"":""10.0.0.50""},""type"":""filter""}],""type"":""operator""}]}",CDR,"[""CDR""]",[],False,True,3,"[""ifc.ootb.CDR.ipAddress"", ""ifc.ootb.CDR.ipAddress2"", ""ifc.ootb.CDR.startTime""]","[""equals"", ""relative""]"
376,Find SMS messages containing 'meeting' sent from phones with Russian language setting to 0549876543.,find sms messages containing 'meeting' sent from phones with russian language setting to 0549876543.,find sms messages containing <quoted> sent from phones with russian language setting to <phone>.,"{""entityType"":""CDR"",""statements"":[{""parameters"":{""name"":""ifc.ootb.CDR.msisdn2"",""operator"":""equals"",""value"":""0549876543""},""type"":""filter""},{""parameters"":{""name"":""ifc.ootb.CDR.smsText"",""operator"":""contains"",""value"":""meeting""},""type"":""filter""},{""parameters"":{""name"":""ifc.ootb.CDR.type"",""operator"":""equals"",""value"":""Text""},""type"":""filter""},{""parameters"":{""relationTargetType"":[""Phone""],""relationType"":[""relation_Caller""]},""statements"":[{""parameters"":{""name"":""ifc.ootb.Participant.tlidDominantLanguage"",""operator"":""equals"",""value"":""Russian""},""type"":""filter""}],""type"":""relation""}]}",CDR,"[""CDR"", ""Phone""]","[""Phone""]",True,False,4,"[""ifc.ootb.CDR.msisdn2"", ""ifc.ootb.CDR.smsText"", ""ifc.ootb.CDR.type"", ""ifc.ootb.Participant.tlidDominantLanguage""]","[""contains"", ""equals""]"
379,List SMS messages about 'meeting' sent to 0506655668 on 22 March 2024,list sms messages about 'meeting' sent to 0506655668 on 22 march 2024,list sms messages about <quoted> sent to <phone> on <number> march <number>,"{""entityType"":""CDR"",""statements"":[{""parameters"":{""name"":""ifc.ootb.CDR.msisdn2"",""operator"":""equals"",""value"":""0506655668""},""type"":""filter""},{""parameters"":{""name"":""ifc.ootb.CDR.smsText"",""operator"":""contains"",""value"":""meeting""},""type"":""filter""},{""parameters"":{""name"":""ifc.ootb.CDR.startTime"",""operator"":""is"",""value"":""2024-03-22""},""type"":""filter""},{""parameters"":{""name"":""ifc.ootb.CDR.type"",""operator"":""equals"",""value"":""Text""},""type"":""filter""}]}",CDR,"[""CDR""]",[],False,False,4,"[""ifc.ootb.CDR.msisdn2"", ""ifc.ootb.CDR.smsText"", ""ifc.ootb.CDR.startTime"", ""ifc.ootb.CDR.type""]","[""contains"", ""equals"", ""is""]"
380,Find all investigations with the word 'corruption' in the description,find all investigations with the word 'corruption' in the description,find all investigations with the word <quoted> in the description,"{""entityType"":""Investigation"",""statements"":[{""parameters"":{""name"":""ifc.core.description"",""operator"":""contains"",""value"":""corruption""},""type"":""filter""}]}",Investigation,"[""Investigation""]",[],False,False,1,"[""ifc.core.description""]","[""contains""]"
381,List all people with the first name 'Emma' born in the previous 5 years,list all people with the first name 'emma' born in the previous 5 years,list all people with the first name <quoted> born in the previous <number> years,"{""entityType"":""Person"",""statements"":[{""parameters"":{""name"":""ifc.Person.birthDate"",""operator"":""relative"",""value"":{""count"":5,""mode"":""previous"",""time_res"":""year""}},""type"":""filter""},{""parameters"":{""name"":""ifc.Person.firstName"",""operator"":""equals"",""value"":""Emma""},""type"":""filter""}]}",Person,"[""Person""]",[],False,False,2,"[""ifc.Person.birthDate"", ""ifc.Person.firstName""]","[""equals"", ""relative""]"
382,Show me all SMS messages containing the word 'meeting' sent in the past week,show me all sms messages containing the word 'meeting' sent in the past week,show me all sms messages containing the word <quoted> sent in the past week,"{""entityType"":""CDR"",""statements"":[{""parameters"":{""name"":""ifc.ootb.CDR.smsText"",""operator"":""contains"",""value"":""meeting""},""type"":""filter""},{""parameters"":{""name"":""ifc.ootb.CDR.startTime"",""operator"":""relative"",""value"":{""count"":1,""mode"":""previous"",""time_res"":""week""}},""type"":""filter""},{""parameters"":{""name"":""ifc.ootb.CDR.type"",""operator"":""equals"",""value"":""Text""},""type"":""filter""}]}",CDR,"[""CDR""]",[],False,False,3,"[""ifc.ootb.CDR.smsText"", ""ifc.ootb.CDR.startTime"", ""ifc.ootb.CDR.type""]","[""contains"", ""equals"", ""relative""]"
386,Show me all calls that took 30 minutes in the last month.,show me all calls that took 30 minutes in the last month.,show me all calls that took <number> minutes in the last month.,"{""entityType"":""CDR"",""statements"":[{""parameters"":{""name"":""ifc.ootb.CDR.duration"",""operator"":""equals"",""value"":30},""type"":""filter""},{""parameters"":{""name"":""ifc.ootb.CDR.startTime"",""operator"":""relative"",""value"":{""count"":1,""mode"":""previous"",""time_res"":""month""}},""type"":""filter""},{""parameters"":{""name"":""ifc.ootb.CDR.type"",""operator"":""equals"",""value"":""Voice""},""type"":""filter""}]}",CDR,"[""CDR""]",[],False,False,3,"[""ifc.ootb.CDR.duration"", ""ifc.ootb.CDR.startTime"", ""ifc.ootb.CDR.type""]","[""equals"", ""relative""]"
387,Show phones first active in the previous 3 months with Spanish as the phone language,show phones first active in the previous 3 months with spanish as the phone language,show phones first active in the previous <number> months with spanish as the phone language,"{""entityType"":""Phone"",""statements"":[{""parameters"":{""name"":""ifc.ootb.Participant.firstActiveDate"",""operator"":""relative"",""value"":{""count"":3,""mode"":""previous"",""time_res"":""month""}},""type"":""filter""},{""parameters"":{""name"":""ifc.ootb.Participant.tlidDominantLanguage"",""operator"":""equals"",""value"":""spanish""},""type"":""filter""}]}",Phone,"[""Phone""]",[],False,False,2,"[""ifc.ootb.Participant.firstActiveDate"", ""ifc.ootb.Participant.tlidDominantLanguage""]","[""equals"", ""relative""]"
389,"Are there any new insights about the stolen artwork since March 15, 2024?","are there any new insights about the stolen artwork since march 15, 2024?","are there any new insights about the stolen artwork since march <number>, <number>?","{""entityType"":""Insight"",""statements"":[{""parameters"":{""name"":""ifc.core.createtime"",""operator"":""after"",""value"":""2024-03-15""},""type"":""filter""},{""parameters"":{""name"":""text"",""operator"":""contains"",""value"":""stolen artwork""},""type"":""filter""}]}",Insight,"[""Insight""]",[],False,False,2,"[""ifc.core.createtime"", ""text""]","[""after"", ""contains""]"
390,List all Females with the first name 'Olivia' born after 1 September 2010,list all females with the first name 'olivia' born after 1 september 2010,list all females with the first name <quoted> born after <number> september <number>,"{""entityType"":""Person"",""statements"":[{""parameters"":{""name"":""ifc.Person.birthDate"",""operator"":""after"",""value"":""2010-09-01""},""type"":""filter""},{""parameters"":{""name"":""ifc.Person.firstName"",""operator"":""equals"",""value"":""Olivia""},""type"":""filter""},{""parameters"":{""name"":""ifc.Person.gender"",""operator"":""equals"",""value"":""Female""},""type"":""filter""}]}",Person,"[""Person""]",[],False,False,3,"[""ifc.Person.birthDate"", ""ifc.Person.firstName"", ""ifc.Person.gender""]","[""after"", ""equals""]"
391,Find all posts about 'music festivals' shared by profiles that were born in 2008,find all posts about 'music festivals' shared by profiles that were born in 2008,find all posts about <quoted> shared by profiles that were born in <number>,"{""entityType"":""Web Activity"",""statements"":[{""parameters"":{""name"":""ifc.ootb.WebActivity.text"",""operator"":""similar_to"",""value"":""music festivals""},""type"":""filter""},{""parameters"":{""relationTargetType"":[""Web Actor""],""relationType"":[""relation_Writer""]},""statements"":[{""parameters"":{""name"":""ifc.ootb.WebActor.birthDate"",""operator"":""between"",""value"":[""2008-01-01"",""2008-12-31""]},""type"":""filter""}],""type"":""relation""}]}",Web Activity,"[""Web Activity"", ""Web Actor""]","[""Web Actor""]",True,False,2,"[""ifc.ootb.WebActivity.text"", ""ifc.ootb.WebActor.birthDate""]","[""between"", ""similar_to""]"
393,What reports were updated yesterday?,what reports were updated yesterday?,what reports were updated yesterday?,"{""entityType"":""Report"",""statements"":[{""parameters"":{""name"":""ifc.core.updatetime"",""operator"":""relative"",""value"":{""count"":1,""mode"":""previous"",""time_res"":""day""}},""type"":""filter""}]}",Report,"[""Report""]",[],False,False,1,"[""ifc.core.updatetime""]","[""relative""]"
394,sms 0558765432 last week,sms 0558765432 last week,sms <phone> last week,"{""entityType"":""CDR"",""statements"":[{""parameters"":{""name"":""ifc.ootb.CDR.createDateTime"",""operator"":""relative"",""value"":{""count"":1,""mode"":""previous"",""time_res"":""week""}},""type"":""filter""},{""parameters"":{""name"":""ifc.ootb.CDR.type"",""operator"":""equals"",""value"":""Text""},""type"":""filter""},{""parameters"":{""operatorValue"":""OR""},""statements"":[{""parameters"":{""name"":""ifc.ootb.CDR.msisdn"",""operator"":""equals"",""value"":""0558765432""},""type"":""filter""},{""parameters"":{""name"":""ifc.ootb.CDR.msisdn2"",""operator"":""equals"",""value"":""0558765432""},""type"":""filter""}],""type"":""operator""}]}",CDR,"[""CDR""]",[],False,True,4,"[""ifc.ootb.CDR.createDateTime"", ""ifc.ootb.CDR.msisdn"", ""ifc.ootb.CDR.msisdn2"", ""ifc.ootb.CDR.type""]","[""equals"", ""relative""]"
396,"Retrieve any emails with the word 'confidential' in the subject sent from bob@company.com to ariel042cohen@gmail.com since January 1, 2024","retrieve any emails with the word 'confidential' in the subject sent from bob@company.com to ariel042cohen@gmail.com since january 1, 2024","retrieve any emails with the word <quoted> in the subject sent from <email> to <email> since january <number>, <number>","{""entityType"":""CDR"",""statements"":[{""parameters"":{""name"":""ifc.CDR.emailSubject"",""operator"":""contains"",""value"":""confidential""},""type"":""filter""},{""parameters"":{""name"":""ifc.ootb.CDR.destinationEmailAddress"",""operator"":""equals"",""value"":""ariel042cohen@gmail.com""},""type"":""filter""},{""parameters"":{""name"":""ifc.ootb.CDR.originatorEmailAddress"",""operator"":""equals"",""value"":""bob@company.com""},""type"":""filter""},{""parameters"":{""name"":""ifc.ootb.CDR.startTime"",""operator"":""after"",""value"":""2024-01-01""},""type"":""filter""},{""parameters"":{""name"":""ifc.ootb.CDR.type"",""operator"":""equals"",""value"":""Email""},""type"":""filter""}]}",CDR,"[""CDR""]",[],False,False,5,"[""ifc.CDR.emailSubject"", ""ifc.ootb.CDR.destinationEmailAddress"", ""ifc.ootb.CDR.originatorEmailAddress"", ""ifc.ootb.CDR.startTime"", ""ifc.ootb.CDR.type""]","[""after"", ""contains"", ""equals""]"
398,"Show me reports created before June 15, 2024","show me reports created before june 15, 2024","show me reports created before june <number>, <number>","{""entityType"":""Report"",""statements"":[{""parameters"":{""name"":""ifc.core.createtime"",""operator"":""before"",""value"":""2024-06-15""},""type"":""filter""}]}",Report,"[""Report""]",[],False,False,1,"[""ifc.core.createtime""]","[""before""]"
399,Show me all binary sms sent from 0506519105 in the past 48 hours,show me all binary sms sent from 0506519105 in the past 48 hours,show me all binary sms sent from <phone> in the past <number> hours,"{""entityType"":""CDR"",""statements"":[{""parameters"":{""name"":""ifc.ootb.CDR.msisdn"",""operator"":""equals"",""value"":""0506519105""},""type"":""filter""},{""parameters"":{""name"":""ifc.ootb.CDR.smsType"",""operator"":""equals"",""value"":""binary""},""type"":""filter""},{""parameters"":{""name"":""ifc.ootb.CDR.startTime"",""operator"":""relative"",""value"":{""count"":48,""mode"":""previous"",""time_res"":""hour""}},""type"":""filter""},{""parameters"":{""name"":""ifc.ootb.CDR.type"",""operator"":""equals"",""value"":""Text""},""type"":""filter""}]}",CDR,"[""CDR""]",[],False,False,4,"[""ifc.ootb.CDR.msisdn"", ""ifc.ootb.CDR.smsType"", ""ifc.ootb.CDR.startTime"", ""ifc.ootb.CDR.type""]","[""equals"", ""relative""]"
400,Find voice calls made from IMEI 356996055598702 in the previous month,find voice calls made from imei 356996055598702 in the previous month,find voice calls made from imei <phone> in the previous month,"{""entityType"":""CDR"",""statements"":[{""parameters"":{""name"":""ifc.ootb.CDR.imei"",""operator"":""equals"",""value"":""356996055598702""},""type"":""filter""},{""parameters"":{""name"":""ifc.ootb.CDR.startTime"",""operator"":""relative"",""value"":{""count"":1,""mode"":""previous"",""time_res"":""month""}},""type"":""filter""},{""parameters"":{""name"":""ifc.ootb.CDR.type"",""operator"":""equals"",""value"":""Voice""},""type"":""filter""}]}",CDR,"[""CDR""]",[],False,False,3,"[""ifc.ootb.CDR.imei"", ""ifc.ootb.CDR.startTime"", ""ifc.ootb.CDR.type""]","[""equals"", ""relative""]"
402,Show all phones associated with devices named 'iPhone 14 Pro Max',show all phones associated with devices named 'iphone 14 pro max',show all phones associated with devices named <quoted>,"{""entityType"":""Phone"",""statements"":[{""parameters"":{""name"":""ifc.ootb.Participant.deviceName"",""operator"":""equals"",""value"":""iPhone 14 Pro Max""},""type"":""filter""}]}",Phone,"[""Phone""]",[],False,False,1,"[""ifc.ootb.Participant.deviceName""]","[""equals""]"
403,What investigations were created in the past 30 days?,what investigations were created in the past 30 days?,what investigations were created in the past <number> days?,"{""entityType"":""Investigation"",""statements"":[{""parameters"":{""name"":""ifc.core.createtime"",""operator"":""relative"",""value"":{""count"":30,""mode"":""previous"",""time_res"":""day""}},""type"":""filter""}]}",Investigation,"[""Investigation""]",[],False,False,1,"[""ifc.core.createtime""]","[""relative""]"
404,Show emails in Spanish sent from foreign phones  to jsmith@company.com,show emails in spanish sent from foreign phones to jsmith@company.com,show emails in spanish sent from foreign phones to <email>,"{""entityType"":""CDR"",""statements"":[{""parameters"":{""name"":""ifc.ootb.CDR.destinationEmailAddress"",""operator"":""equals"",""value"":""jsmith@company.com""},""type"":""filter""},{""parameters"":{""name"":""ifc.ootb.CDR.mainLanguage"",""operator"":""equals"",""value"":""Spanish""},""type"":""filter""},{""parameters"":{""name"":""ifc.ootb.CDR.type"",""operator"":""equals"",""value"":""Email""},""type"":""filter""},{""parameters"":{""relationTargetType"":[""Phone""],""relationType"":[""relation_Caller""]},""statements"":[{""parameters"":{""name"":""ifc.Phone.type"",""operator"":""equals"",""value"":""Foreign""},""type"":""filter""}],""type"":""relation""}]}",CDR,"[""CDR"", ""Phone""]","[""Phone""]",True,False,4,"[""ifc.Phone.type"", ""ifc.ootb.CDR.destinationEmailAddress"", ""ifc.ootb.CDR.mainLanguage"", ""ifc.ootb.CDR.type""]","[""equals""]"
405,communications with IP 192.168.1.100 or to email support@service.com this week,communications with ip 192.168.1.100 or to email support@service.com this week,communications with ip <phone> or to email <email> this week,"{""entityType"":""CDR"",""statements"":[{""parameters"":{""name"":""ifc.ootb.CDR.startTime"",""operator"":""relative"",""value"":{""count"":1,""mode"":""current"",""time_res"":""week""}},""type"":""filter""},{""parameters"":{""operatorValue"":""OR""},""statements"":[{""parameters"":{""name"":""ifc.ootb.CDR.ipAddress"",""operator"":""equals"",""value"":""192.168.1.100""},""type"":""filter""},{""parameters"":{""name"":""ifc.ootb.CDR.ipAddress2"",""operator"":""equals"",""value"":""192.168.1.100""},""type"":""filter""},{""parameters"":{""name"":""ifc.ootb.CDR.destinationEmailAddress"",""operator"":""equals"",""value"":""support@service.com""},""type"":""filter""}],""type"":""operator""}]}",CDR,"[""CDR""]",[],False,True,4,"[""ifc.ootb.CDR.destinationEmailAddress"", ""ifc.ootb.CDR.ipAddress"", ""ifc.ootb.CDR.ipAddress2"", ""ifc.ootb.CDR.startTime""]","[""equals"", ""relative""]"
407,Show me communication incoming records of the target phones with alias name starting with 'Agent'.,show me communication incoming records of the target phones with alias name starting with 'agent'.,show me communication incoming records of the target phones with alias name starting with <quoted>.,"{""entityType"":""CDR"",""statements"":[{""parameters"":{""relationTargetType"":[""Phone""],""relationType"":[""relation_Callee""]},""statements"":[{""parameters"":{""name"":""ifc.ootb.Participant.isTarget"",""operator"":""equals"",""value"":true},""type"":""filter""},{""parameters"":{""name"":""ifc.ootb.Participant.aliasName"",""operator"":""begins_with"",""value"":""Agent""},""type"":""filter""}],""type"":""relation""}]}",CDR,"[""CDR"", ""Phone""]","[""Phone""]",True,False,2,"[""ifc.ootb.Participant.aliasName"", ""ifc.ootb.Participant.isTarget""]","[""begins_with"", ""equals""]"
408,Show reports that begin with the phrase 'Annual Financial',show reports that begin with the phrase 'annual financial',show reports that begin with the phrase <quoted>,"{""entityType"":""Report"",""statements"":[{""parameters"":{""name"":""text"",""operator"":""begins_with"",""value"":""Annual Financial""},""type"":""filter""}]}",Report,"[""Report""]",[],False,False,1,"[""text""]","[""begins_with""]"
410,Find all posts written by John Smith about bitcoin.,find all posts written by john smith about bitcoin.,find all posts written by john smith about bitcoin.,"{""entityType"":""Web Activity"",""statements"":[{""parameters"":{""name"":""ifc.ootb.WebActivity.text"",""operator"":""contains"",""value"":""bitcoin""},""type"":""filter""},{""parameters"":{""name"":""ifc.ootb.WebActivity.writerFullName"",""operator"":""equals"",""value"":""John Smith""},""type"":""filter""}]}",Web Activity,"[""Web Activity""]",[],False,False,2,"[""ifc.ootb.WebActivity.text"", ""ifc.ootb.WebActivity.writerFullName""]","[""contains"", ""equals""]"
413,Show emails sent from devices marked as suspicious to mail ending with '@company.com'.,show emails sent from devices marked as suspicious to mail ending with '@company.com'.,show emails sent from devices marked as suspicious to mail ending with <quoted>.,"{""entityType"":""CDR"",""statements"":[{""parameters"":{""name"":""ifc.ootb.CDR.destinationEmailAddress"",""operator"":""contains"",""value"":""@company.com""},""type"":""filter""},{""parameters"":{""name"":""ifc.ootb.CDR.type"",""operator"":""equals"",""value"":""Email""},""type"":""filter""},{""parameters"":{""relationTargetType"":[""Phone""],""relationType"":[""relation_Caller""]},""statements"":[{""parameters"":{""name"":""ifc.ootb.Participant.isSuspicious"",""operator"":""equals"",""value"":true},""type"":""filter""}],""type"":""relation""}]}",CDR,"[""CDR"", ""Phone""]","[""Phone""]",True,False,3,"[""ifc.ootb.CDR.destinationEmailAddress"", ""ifc.ootb.CDR.type"", ""ifc.ootb.Participant.isSuspicious""]","[""contains"", ""equals""]"
414,Show landline phones that were last active more than 6 months ago,show landline phones that were last active more than 6 months ago,show landline phones that were last active more than <number> months ago,"{""entityType"":""Phone"",""statements"":[{""parameters"":{""name"":""ifc.Phone.type"",""operator"":""equals"",""value"":""Landline""},""type"":""filter""},{""parameters"":{""name"":""ifc.ootb.Participant.lastActiveDate"",""operator"":""relative"",""value"":{""count"":6,""mode"":""previous"",""time_res"":""month""}},""type"":""filter""}]}",Phone,"[""Phone""]",[],False,False,2,"[""ifc.Phone.type"", ""ifc.ootb.Participant.lastActiveDate""]","[""equals"", ""relative""]"
415,Present all tweets about 'fitness' made by actors who have listed 'personal trainer' as their occupation.,present all tweets about 'fitness' made by actors who have listed 'personal trainer' as their occupation.,present all tweets about <quoted> made by actors who have listed <quoted> as their occupation.,"{""entityType"":""Web Activity"",""statements"":[{""parameters"":{""name"":""ifc.ootb.Orbis.platform"",""operator"":""equals"",""value"":""twitter""},""type"":""filter""},{""parameters"":{""name"":""ifc.ootb.WebActivity.text"",""operator"":""similar_to"",""value"":""fitness""},""type"":""filter""},{""parameters"":{""relationTargetType"":[""Web Actor""],""relationType"":[""relation_Writer""]},""statements"":[{""parameters"":{""name"":""ifc.ootb.WebActor.jobCompanyName"",""operator"":""contains"",""value"":""personal trainer""},""type"":""filter""}],""type"":""relation""}]}",Web Activity,"[""Web Activity"", ""Web Actor""]","[""Web Actor""]",True,False,3,"[""ifc.ootb.Orbis.platform"", ""ifc.ootb.WebActivity.text"", ""ifc.ootb.WebActor.jobCompanyName""]","[""contains"", ""equals"", ""similar_to""]"
416,List all individuals with a passport number that isnt equal to '123' and was born before 1 November 1980,list all individuals with a passport number that isnt equal to '123' and was born before 1 november 1980,list all individuals with a passport number that isnt equal to <quoted> and was born before <number> november <number>,"{""entityType"":""Person"",""statements"":[{""parameters"":{""name"":""ifc.Person.birthDate"",""operator"":""before"",""value"":""1980-11-01""},""type"":""filter""},{""parameters"":{""name"":""ifc.Person.passport"",""operator"":""not_equal"",""value"":""123""},""type"":""filter""}]}",Person,"[""Person""]",[],False,False,2,"[""ifc.Person.birthDate"", ""ifc.Person.passport""]","[""before"", ""not_equal""]"
417,Show me open investigations created  up to 3 months ago,show me open investigations created up to 3 months ago,show me open investigations created up to <number> months ago,"{""entityType"":""Investigation"",""statements"":[{""parameters"":{""name"":""ifc.core.createtime"",""operator"":""relative"",""value"":{""count"":3,""mode"":""previous"",""time_res"":""month""}},""type"":""filter""},{""parameters"":{""name"":""ifc.core.state"",""operator"":""equals"",""value"":""open""},""type"":""filter""}]}",Investigation,"[""Investigation""]",[],False,False,2,"[""ifc.core.createtime"", ""ifc.core.state""]","[""equals"", ""relative""]"
418,What insights were created about the suspect John Smith in the last 24 hours?,what insights were created about the suspect john smith in the last 24 hours?,what insights were created about the suspect john smith in the last <number> hours?,"{""entityType"":""Insight"",""statements"":[{""parameters"":{""name"":""ifc.core.createtime"",""operator"":""relative"",""value"":{""count"":24,""mode"":""previous"",""time_res"":""hour""}},""type"":""filter""},{""parameters"":{""name"":""text"",""operator"":""contains"",""value"":""John Smith""},""type"":""filter""}]}",Insight,"[""Insight""]",[],False,False,2,"[""ifc.core.createtime"", ""text""]","[""contains"", ""relative""]"
419,Show SMS conversations mentioning 'payment' of 0545678901,show sms conversations mentioning 'payment' of 0545678901,show sms conversations mentioning <quoted> of <phone>,"{""entityType"":""CDR"",""statements"":[{""parameters"":{""name"":""ifc.ootb.CDR.smsText"",""operator"":""contains"",""value"":""payment""},""type"":""filter""},{""parameters"":{""name"":""ifc.ootb.CDR.type"",""operator"":""equals"",""value"":""Text""},""type"":""filter""},{""parameters"":{""operatorValue"":""OR""},""statements"":[{""parameters"":{""name"":""ifc.ootb.CDR.msisdn"",""operator"":""equals"",""value"":""0545678901""},""type"":""filter""},{""parameters"":{""name"":""ifc.ootb.CDR.msisdn2"",""operator"":""equals"",""value"":""0545678901""},""type"":""filter""}],""type"":""operator""}]}",CDR,"[""CDR""]",[],False,True,4,"[""ifc.ootb.CDR.msisdn"", ""ifc.ootb.CDR.msisdn2"", ""ifc.ootb.CDR.smsText"", ""ifc.ootb.CDR.type""]","[""contains"", ""equals""]"
420,Show me all web communications from ariel042cohen@gmail.com,show me all web communications from ariel042cohen@gmail.com,show me all web communications from <email>,"{""entityType"":""CDR"",""statements"":[{""parameters"":{""name"":""ifc.ootb.CDR.originatorEmailAddress"",""operator"":""equals"",""value"":""ariel042cohen@gmail.com""},""type"":""filter""},{""parameters"":{""name"":""ifc.ootb.CDR.type"",""operator"":""equals"",""value"":""Web""},""type"":""filter""}]}",CDR,"[""CDR""]",[],False,False,2,"[""ifc.ootb.CDR.originatorEmailAddress"", ""ifc.ootb.CDR.type""]","[""equals""]"
421,Find Twitter accounts with 'openai' in the username that were created in the last 6 months.,find twitter accounts with 'openai' in the username that were created in the last 6 months.,find twitter accounts with <quoted> in the username that were created in the last <number> months.,"{""entityType"":""Web Actor"",""statements"":[{""parameters"":{""name"":""ifc.ootb.Orbis.platform"",""operator"":""equals"",""value"":""twitter""},""type"":""filter""},{""parameters"":{""name"":""ifc.ootb.Orbis.publishDate"",""operator"":""relative"",""value"":{""count"":6,""mode"":""previous"",""time_res"":""month""}},""type"":""filter""},{""parameters"":{""name"":""ifc.ootb.WebActor.title"",""operator"":""contains"",""value"":""openai""},""type"":""filter""}]}",Web Actor,"[""Web Actor""]",[],False,False,3,"[""ifc.ootb.Orbis.platform"", ""ifc.ootb.Orbis.publishDate"", ""ifc.ootb.WebActor.title""]","[""contains"", ""equals"", ""relative""]"
422,Find investigations related to intellectual property theft created in the past 90 days,find investigations related to intellectual property theft created in the past 90 days,find investigations related to intellectual property theft created in the past <number> days,"{""entityType"":""Investigation"",""statements"":[{""parameters"":{""name"":""ifc.core.createtime"",""operator"":""relative"",""value"":{""count"":90,""mode"":""previous"",""time_res"":""day""}},""type"":""filter""},{""parameters"":{""name"":""ifc.core.description"",""operator"":""contains"",""value"":""intellectual property theft""},""type"":""filter""}]}",Investigation,"[""Investigation""]",[],False,False,2,"[""ifc.core.createtime"", ""ifc.core.description""]","[""contains"", ""relative""]"
423,Show me insights where the text includes 'witness statement' or 'eyewitness account',show me insights where the text includes 'witness statement' or 'eyewitness account',show me insights where the text includes <quoted> or <quoted>,"{""entityType"":""Insight"",""statements"":[{""parameters"":{""operatorValue"":""OR""},""statements"":[{""parameters"":{""name"":""text"",""operator"":""contains"",""value"":""witness statement""},""type"":""filter""},{""parameters"":{""name"":""text"",""operator"":""contains"",""value"":""eyewitness account""},""type"":""filter""}],""type"":""operator""}]}",Insight,"[""Insight""]",[],False,True,2,"[""text""]","[""contains""]"
424,List the suspicious phones that communicated with +972559876543 in February 2024,list the suspicious phones that communicated with +972559876543 in february 2024,list the suspicious phones that communicated with +<phone> in february <number>,"{""entityType"":""Phone"",""statements"":[{""parameters"":{""name"":""ifc.ootb.Participant.isSuspicious"",""operator"":""equals"",""value"":true},""type"":""filter""},{""parameters"":{""relationTargetType"":[""CDR""],""relationType"":[""relation_Caller""]},""statements"":[{""parameters"":{""name"":""ifc.ootb.CDR.msisdn2"",""operator"":""equals"",""value"":""+972559876543""},""type"":""filter""},{""parameters"":{""name"":""ifc.ootb.CDR.startTime"",""operator"":""between"",""value"":[""2024-02-01"",""2024-02-29""]},""type"":""filter""}],""type"":""relation""}]}",Phone,"[""CDR"", ""Phone""]","[""CDR""]",True,False,3,"[""ifc.ootb.CDR.msisdn2"", ""ifc.ootb.CDR.startTime"", ""ifc.ootb.Participant.isSuspicious""]","[""between"", ""equals""]"
425,Find Instagram accounts of Females born between 1 January 1990 and 31 December 1999.,find instagram accounts of females born between 1 january 1990 and 31 december 1999.,find instagram accounts of females born between <number> january <number> and <number> december <number>.,"{""entityType"":""Web Actor"",""statements"":[{""parameters"":{""name"":""ifc.ootb.Orbis.platform"",""operator"":""equals"",""value"":""instagram""},""type"":""filter""},{""parameters"":{""name"":""ifc.ootb.WebActor.birthDate"",""operator"":""between"",""value"":[""1990-01-01"",""1999-12-31""]},""type"":""filter""},{""parameters"":{""name"":""ifc.ootb.WebActor.gender"",""operator"":""equals"",""value"":""Female""},""type"":""filter""}]}",Web Actor,"[""Web Actor""]",[],False,False,3,"[""ifc.ootb.Orbis.platform"", ""ifc.ootb.WebActor.birthDate"", ""ifc.ootb.WebActor.gender""]","[""between"", ""equals""]"
426,"List web posts from March 1, 2024 or March 2, 2024 with hashtags #election or #vote","list web posts from march 1, 2024 or march 2, 2024 with hashtags #election or #vote","list web posts from march <number>, <number> or march <number>, <number> with hashtags #election or #vote","{""entityType"":""Web Activity"",""statements"":[{""parameters"":{""operatorValue"":""OR""},""statements"":[{""parameters"":{""name"":""ifc.ootb.Orbis.publishDate"",""operator"":""is"",""value"":""2024-03-01""},""type"":""filter""},{""parameters"":{""name"":""ifc.ootb.Orbis.publishDate"",""operator"":""is"",""value"":""2024-03-02""},""type"":""filter""}],""type"":""operator""},{""parameters"":{""operatorValue"":""OR""},""statements"":[{""parameters"":{""name"":""ifc.ootb.Orbis.hashtags"",""operator"":""contains"",""value"":""#election""},""type"":""filter""},{""parameters"":{""name"":""ifc.ootb.Orbis.hashtags"",""operator"":""contains"",""value"":""#vote""},""type"":""filter""}],""type"":""operator""}]}",Web Activity,"[""Web Activity""]",[],False,True,4,"[""ifc.ootb.Orbis.hashtags"", ""ifc.ootb.Orbis.publishDate""]","[""contains"", ""is""]"
427,Find all emails sent from johndoe@gmail.com using phones marked as suspicious,find all emails sent from johndoe@gmail.com using phones marked as suspicious,find all emails sent from <email> using phones marked as suspicious,"{""entityType"":""CDR"",""statements"":[{""parameters"":{""name"":""ifc.ootb.CDR.originatorEmailAddress"",""operator"":""equals"",""value"":""johndoe@gmail.com""},""type"":""filter""},{""parameters"":{""name"":""ifc.ootb.CDR.type"",""operator"":""equals"",""value"":""Email""},""type"":""filter""},{""parameters"":{""relationTargetType"":[""Phone""],""relationType"":[""relation_Caller""]},""statements"":[{""parameters"":{""name"":""ifc.ootb.Participant.isSuspicious"",""operator"":""equals"",""value"":true},""type"":""filter""}],""type"":""relation""}]}",CDR,"[""CDR"", ""Phone""]","[""Phone""]",True,False,3,"[""ifc.ootb.CDR.originatorEmailAddress"", ""ifc.ootb.CDR.type"", ""ifc.ootb.Participant.isSuspicious""]","[""equals""]"
428,Find all males born on 15 August 1995,find all males born on 15 august 1995,find all males born on <number> august <number>,"{""entityType"":""Person"",""statements"":[{""parameters"":{""name"":""ifc.Person.birthDate"",""operator"":""is"",""value"":""1995-08-15""},""type"":""filter""},{""parameters"":{""name"":""ifc.Person.gender"",""operator"":""equals"",""value"":""Male""},""type"":""filter""}]}",Person,"[""Person""]",[],False,False,2,"[""ifc.Person.birthDate"", ""ifc.Person.gender""]","[""equals"", ""is""]"
429,Retrieve all voice calls intercepted based on criteria 'high priority' yesterday.,retrieve all voice calls intercepted based on criteria 'high priority' yesterday.,retrieve all voice calls intercepted based on criteria <quoted> yesterday.,"{""entityType"":""CDR"",""statements"":[{""parameters"":{""name"":""ifc.CDR.interceptionCriteria"",""operator"":""equals"",""value"":""high priority""},""type"":""filter""},{""parameters"":{""name"":""ifc.ootb.CDR.startTime"",""operator"":""relative"",""value"":{""count"":1,""mode"":""previous"",""time_res"":""day""}},""type"":""filter""},{""parameters"":{""name"":""ifc.ootb.CDR.type"",""operator"":""equals"",""value"":""Voice""},""type"":""filter""}]}",CDR,"[""CDR""]",[],False,False,3,"[""ifc.CDR.interceptionCriteria"", ""ifc.ootb.CDR.startTime"", ""ifc.ootb.CDR.type""]","[""equals"", ""relative""]"
431,Find all emails with the subject line containing 'urgent' sent yesterday.,find all emails with the subject line containing 'urgent' sent yesterday.,find all emails with the subject line containing <quoted> sent yesterday.,"{""entityType"":""CDR"",""statements"":[{""parameters"":{""name"":""ifc.CDR.emailSubject"",""operator"":""contains"",""value"":""urgent""},""type"":""filter""},{""parameters"":{""name"":""ifc.ootb.CDR.startTime"",""operator"":""relative"",""value"":{""count"":1,""mode"":""previous"",""time_res"":""day""}},""type"":""filter""},{""parameters"":{""name"":""ifc.ootb.CDR.type"",""operator"":""equals"",""value"":""Email""},""type"":""filter""}]}",CDR,"[""CDR""]",[],False,False,3,"[""ifc.CDR.emailSubject"", ""ifc.ootb.CDR.startTime"", ""ifc.ootb.CDR.type""]","[""contains"", ""equals"", ""relative""]"
433,What calls from phone number 0543037210 were blocked?,what calls from phone number 0543037210 were blocked?,what calls from phone number <phone> were blocked?,"{""entityType"":""CDR"",""statements"":[{""parameters"":{""name"":""ifc.ootb.CDR.callStatus"",""operator"":""equals"",""value"":""Blocked""},""type"":""filter""},{""parameters"":{""name"":""ifc.ootb.CDR.msisdn"",""operator"":""equals"",""value"":""0543037210""},""type"":""filter""},{""parameters"":{""name"":""ifc.ootb.CDR.type"",""operator"":""equals"",""value"":""Voice""},""type"":""filter""}]}",CDR,"[""CDR""]",[],False,False,3,"[""ifc.ootb.CDR.callStatus"", ""ifc.ootb.CDR.msisdn"", ""ifc.ootb.CDR.type""]","[""equals""]"
435,Find any individuals with the passport number containing 'AB123',find any individuals with the passport number containing 'ab123',find any individuals with the passport number containing <quoted>,"{""entityType"":""Person"",""statements"":[{""parameters"":{""name"":""ifc.Person.passport"",""operator"":""contains"",""value"":""AB123""},""type"":""filter""}]}",Person,"[""Person""]",[],False,False,1,"[""ifc.Person.passport""]","[""contains""]"
436,Retrieve Instagram accounts that have 5000 followers,retrieve instagram accounts that have 5000 followers,retrieve instagram accounts that have <number> followers,"{""entityType"":""Web Actor"",""statements"":[{""parameters"":{""name"":""ifc.ootb.Orbis.platform"",""operator"":""equals"",""value"":""instagram""},""type"":""filter""},{""parameters"":{""name"":""ifc.ootb.WebActor.numberOfFollowers"",""operator"":""equals"",""value"":5000},""type"":""filter""}]}",Web Actor,"[""Web Actor""]",[],False,False,2,"[""ifc.ootb.Orbis.platform"", ""ifc.ootb.WebActor.numberOfFollowers""]","[""equals""]"
439,"Identify posts shared 100 times, created by actors who work at Google.","identify posts shared 100 times, created by actors who work at google.","identify posts shared <number> times, created by actors who work at google.","{""entityType"":""Web Activity"",""statements"":[{""parameters"":{""name"":""ifc.ootb.WebActivity.numberShares"",""operator"":""equals"",""value"":100},""type"":""filter""},{""parameters"":{""relationTargetType"":[""Web Actor""],""relationType"":[""relation_Writer""]},""statements"":[{""parameters"":{""name"":""ifc.ootb.WebActor.jobCompanyName"",""operator"":""contains"",""value"":""Google""},""type"":""filter""}],""type"":""relation""}]}",Web Activity,"[""Web Activity"", ""Web Actor""]","[""Web Actor""]",True,False,2,"[""ifc.ootb.WebActivity.numberShares"", ""ifc.ootb.WebActor.jobCompanyName""]","[""contains"", ""equals""]"
440,"Show reports updated on December 25, 2023","show reports updated on december 25, 2023","show reports updated on december <number>, <number>","{""entityType"":""Report"",""statements"":[{""parameters"":{""name"":""ifc.core.updatetime"",""operator"":""is"",""value"":""2023-12-25""},""type"":""filter""}]}",Report,"[""Report""]",[],False,False,1,"[""ifc.core.updatetime""]","[""is""]"
441,Show me all posts collected on 14 February 2024 that have the hashtag #valentinesday.,show me all posts collected on 14 february 2024 that have the hashtag #valentinesday.,show me all posts collected on <number> february <number> that have the hashtag #valentinesday.,"{""entityType"":""Web Activity"",""statements"":[{""parameters"":{""name"":""ifc.ootb.Orbis.collectDate"",""operator"":""is"",""value"":""2024-02-14""},""type"":""filter""},{""parameters"":{""name"":""ifc.ootb.Orbis.hashtags"",""operator"":""contains"",""value"":""#valentinesday""},""type"":""filter""}]}",Web Activity,"[""Web Activity""]",[],False,False,2,"[""ifc.ootb.Orbis.collectDate"", ""ifc.ootb.Orbis.hashtags""]","[""contains"", ""is""]"
443,Find all reports that contain the word 'cybersecurity',find all reports that contain the word 'cybersecurity',find all reports that contain the word <quoted>,"{""entityType"":""Report"",""statements"":[{""parameters"":{""name"":""text"",""operator"":""contains"",""value"":""cybersecurity""},""type"":""filter""}]}",Report,"[""Report""]",[],False,False,1,"[""text""]","[""contains""]"
444,Find any males with the occupation 'Lawyer' born after 1 January 1975,find any males with the occupation 'lawyer' born after 1 january 1975,find any males with the occupation <quoted> born after <number> january <number>,"{""entityType"":""Person"",""statements"":[{""parameters"":{""name"":""ifc.Person.birthDate"",""operator"":""after"",""value"":""1975-01-01""},""type"":""filter""},{""parameters"":{""name"":""ifc.Person.gender"",""operator"":""equals"",""value"":""Male""},""type"":""filter""},{""parameters"":{""name"":""ifc.Person.occupation"",""operator"":""equals"",""value"":""Lawyer""},""type"":""filter""}]}",Person,"[""Person""]",[],False,False,3,"[""ifc.Person.birthDate"", ""ifc.Person.gender"", ""ifc.Person.occupation""]","[""after"", ""equals""]"
445,Find all calls to suspicious phones in the past 3 months.,find all calls to suspicious phones in the past 3 months.,find all calls to suspicious phones in the past <number> months.,"{""entityType"":""CDR"",""statements"":[{""parameters"":{""name"":""ifc.ootb.CDR.startTime"",""operator"":""relative"",""value"":{""count"":3,""mode"":""previous"",""time_res"":""month""}},""type"":""filter""},{""parameters"":{""name"":""ifc.ootb.CDR.type"",""operator"":""equals"",""value"":""Voice""},""type"":""filter""},{""parameters"":{""relationTargetType"":[""Phone""],""relationType"":[""relation_Callee""]},""statements"":[{""parameters"":{""name"":""ifc.ootb.Participant.isSuspicious"",""operator"":""equals"",""value"":true},""type"":""filter""}],""type"":""relation""}]}",CDR,"[""CDR"", ""Phone""]","[""Phone""]",True,False,3,"[""ifc.ootb.CDR.startTime"", ""ifc.ootb.CDR.type"", ""ifc.ootb.Participant.isSuspicious""]","[""equals"", ""relative""]"
449,Get investigations that either have a state of closed or were created between 1 January 2024 and 15 January 2024,get investigations that either have a state of closed or were created between 1 january 2024 and 15 january 2024,get investigations that either have a state of closed or were created between <number> january <number> and <number> january <number>,"{""entityType"":""Investigation"",""statements"":[{""parameters"":{""operatorValue"":""OR""},""statements"":[{""parameters"":{""name"":""ifc.core.state"",""operator"":""equals"",""value"":""closed""},""type"":""filter""},{""parameters"":{""name"":""ifc.core.createtime"",""operator"":""between"",""value"":[""2024-01-01"",""2024-01-15""]},""type"":""filter""}],""type"":""operator""}]}",Investigation,"[""Investigation""]",[],False,True,2,"[""ifc.core.createtime"", ""ifc.core.state""]","[""between"", ""equals""]"
450,Show successful incoming calls to 0506519105 yesterday.,show successful incoming calls to 0506519105 yesterday.,show successful incoming calls to <phone> yesterday.,"{""entityType"":""CDR"",""statements"":[{""parameters"":{""name"":""ifc.ootb.CDR.callStatus"",""operator"":""equals"",""value"":""Successful""},""type"":""filter""},{""parameters"":{""name"":""ifc.ootb.CDR.direction"",""operator"":""equals"",""value"":""incoming""},""type"":""filter""},{""parameters"":{""name"":""ifc.ootb.CDR.msisdn2"",""operator"":""equals"",""value"":""0506519105""},""type"":""filter""},{""parameters"":{""name"":""ifc.ootb.CDR.startTime"",""operator"":""relative"",""value"":{""count"":1,""mode"":""previous"",""time_res"":""day""}},""type"":""filter""},{""parameters"":{""name"":""ifc.ootb.CDR.type"",""operator"":""equals"",""value"":""Voice""},""type"":""filter""}]}",CDR,"[""CDR""]",[],False,False,5,"[""ifc.ootb.CDR.callStatus"", ""ifc.ootb.CDR.direction"", ""ifc.ootb.CDR.msisdn2"", ""ifc.ootb.CDR.startTime"", ""ifc.ootb.CDR.type""]","[""equals"", ""relative""]"
451,List all cases opened in the past 30 days,list all cases opened in the past 30 days,list all cases opened in the past <number> days,"{""entityType"":""Investigation"",""statements"":[{""parameters"":{""name"":""ifc.core.createtime"",""operator"":""relative"",""value"":{""count"":30,""mode"":""previous"",""time_res"":""day""}},""type"":""filter""}]}",Investigation,"[""Investigation""]",[],False,False,1,"[""ifc.core.createtime""]","[""relative""]"
452,Show me all individuals with the occupation 'teacher' born after 1 January 1975,show me all individuals with the occupation 'teacher' born after 1 january 1975,show me all individuals with the occupation <quoted> born after <number> january <number>,"{""entityType"":""Person"",""statements"":[{""parameters"":{""name"":""ifc.Person.birthDate"",""operator"":""after"",""value"":""1975-01-01""},""type"":""filter""},{""parameters"":{""name"":""ifc.Person.occupation"",""operator"":""equals"",""value"":""teacher""},""type"":""filter""}]}",Person,"[""Person""]",[],False,False,2,"[""ifc.Person.birthDate"", ""ifc.Person.occupation""]","[""after"", ""equals""]"
454,What calls of 1 minute long were made to 0506519105 in the past 6 days?,what calls of 1 minute long were made to 0506519105 in the past 6 days?,what calls of <number> minute long were made to <phone> in the past <number> days?,"{""entityType"":""CDR"",""statements"":[{""parameters"":{""name"":""ifc.ootb.CDR.duration"",""operator"":""equals"",""value"":1},""type"":""filter""},{""parameters"":{""name"":""ifc.ootb.CDR.msisdn2"",""operator"":""equals"",""value"":""0506519105""},""type"":""filter""},{""parameters"":{""name"":""ifc.ootb.CDR.startTime"",""operator"":""relative"",""value"":{""count"":6,""mode"":""previous"",""time_res"":""day""}},""type"":""filter""},{""parameters"":{""name"":""ifc.ootb.CDR.type"",""operator"":""equals"",""value"":""Voice""},""type"":""filter""}]}",CDR,"[""CDR""]",[],False,False,4,"[""ifc.ootb.CDR.duration"", ""ifc.ootb.CDR.msisdn2"", ""ifc.ootb.CDR.startTime"", ""ifc.ootb.CDR.type""]","[""equals"", ""relative""]"
456,List all web activities published in the past 3 months that have a positive sentiment.,list all web activities published in the past 3 months that have a positive sentiment.,list all web activities published in the past <number> months that have a positive sentiment.,"{""entityType"":""Web Activity"",""statements"":[{""parameters"":{""name"":""ifc.ootb.Orbis.publishDate"",""operator"":""relative"",""value"":{""count"":3,""mode"":""previous"",""time_res"":""month""}},""type"":""filter""},{""parameters"":{""name"":""ifc.ootb.WebActivity.sentiment"",""operator"":""equals"",""value"":""Positive""},""type"":""filter""}]}",Web Activity,"[""Web Activity""]",[],False,False,2,"[""ifc.ootb.Orbis.publishDate"", ""ifc.ootb.WebActivity.sentiment""]","[""equals"", ""relative""]"
457,Find Facebook accounts that have 'bitcoin' in their description and liked 100 pages,find facebook accounts that have 'bitcoin' in their description and liked 100 pages,find facebook accounts that have <quoted> in their description and liked <number> pages,"{""entityType"":""Web Actor"",""statements"":[{""parameters"":{""name"":""ifc.ootb.Orbis.platform"",""operator"":""equals"",""value"":""facebook""},""type"":""filter""},{""parameters"":{""name"":""ifc.ootb.WebActor.about"",""operator"":""contains"",""value"":""bitcoin""},""type"":""filter""},{""parameters"":{""name"":""ifc.ootb.WebActor.numberPagesLiked"",""operator"":""equals"",""value"":100},""type"":""filter""}]}",Web Actor,"[""Web Actor""]",[],False,False,3,"[""ifc.ootb.Orbis.platform"", ""ifc.ootb.WebActor.about"", ""ifc.ootb.WebActor.numberPagesLiked""]","[""contains"", ""equals""]"
458,Show posts about 'politics' published by actors who studied at Harvard University.,show posts about 'politics' published by actors who studied at harvard university.,show posts about <quoted> published by actors who studied at harvard university.,"{""entityType"":""Web Activity"",""statements"":[{""parameters"":{""name"":""ifc.ootb.WebActivity.text"",""operator"":""similar_to"",""value"":""politics""},""type"":""filter""},{""parameters"":{""relationTargetType"":[""Web Actor""],""relationType"":[""relation_Writer""]},""statements"":[{""parameters"":{""name"":""ifc.ootb.WebActor.educationalInstitution"",""operator"":""contains"",""value"":""Harvard University""},""type"":""filter""}],""type"":""relation""}]}",Web Activity,"[""Web Activity"", ""Web Actor""]","[""Web Actor""]",True,False,2,"[""ifc.ootb.WebActivity.text"", ""ifc.ootb.WebActor.educationalInstitution""]","[""contains"", ""similar_to""]"
461,Show me  investigations about individuals named Moshe Cohen or David Levy,show me investigations about individuals named moshe cohen or david levy,show me investigations about individuals named moshe cohen or david levy,"{""entityType"":""Investigation"",""statements"":[{""parameters"":{""operatorValue"":""OR""},""statements"":[{""parameters"":{""name"":""ifc.core.description"",""operator"":""contains"",""value"":""Moshe Cohen""},""type"":""filter""},{""parameters"":{""name"":""ifc.core.description"",""operator"":""contains"",""value"":""David Levy""},""type"":""filter""}],""type"":""operator""}]}",Investigation,"[""Investigation""]",[],False,True,2,"[""ifc.core.description""]","[""contains""]"
462,Find calls that were redirected or technology 2G for numbers 0544567890 or 0523456789,find calls that were redirected or technology 2g for numbers 0544567890 or 0523456789,find calls that were redirected or technology 2g for numbers <phone> or <phone>,"{""entityType"":""CDR"",""statements"":[{""parameters"":{""operatorValue"":""OR""},""statements"":[{""parameters"":{""name"":""ifc.ootb.CDR.callStatus"",""operator"":""equals"",""value"":""Redirected""},""type"":""filter""},{""parameters"":{""name"":""ifc.ootb.CDR.technology"",""operator"":""equals"",""value"":""2G""},""type"":""filter""}],""type"":""operator""},{""parameters"":{""operatorValue"":""OR""},""statements"":[{""parameters"":{""name"":""ifc.ootb.CDR.msisdn"",""operator"":""equals"",""value"":""0544567890""},""type"":""filter""},{""parameters"":{""name"":""ifc.ootb.CDR.msisdn2"",""operator"":""equals"",""value"":""0544567890""},""type"":""filter""},{""parameters"":{""name"":""ifc.ootb.CDR.msisdn"",""operator"":""equals"",""value"":""0523456789""},""type"":""filter""},{""parameters"":{""name"":""ifc.ootb.CDR.msisdn2"",""operator"":""equals"",""value"":""0523456789""},""type"":""filter""}],""type"":""operator""}]}",CDR,"[""CDR""]",[],False,True,6,"[""ifc.ootb.CDR.callStatus"", ""ifc.ootb.CDR.msisdn"", ""ifc.ootb.CDR.msisdn2"", ""ifc.ootb.CDR.technology""]","[""equals""]"
463,Show me all Web communications to IP address 172.16.0.1 originating from ariel042cohen@gmail.com in the past week,show me all web communications to ip address 172.16.0.1 originating from ariel042cohen@gmail.com in the past week,show me all web communications to ip address <phone> originating from <email> in the past week,"{""entityType"":""CDR"",""statements"":[{""parameters"":{""name"":""ifc.ootb.CDR.ipAddress2"",""operator"":""equals"",""value"":""172.16.0.1""},""type"":""filter""},{""parameters"":{""name"":""ifc.ootb.CDR.originatorEmailAddress"",""operator"":""equals"",""value"":""ariel042cohen@gmail.com""},""type"":""filter""},{""parameters"":{""name"":""ifc.ootb.CDR.startTime"",""operator"":""relative"",""value"":{""count"":1,""mode"":""previous"",""time_res"":""week""}},""type"":""filter""},{""parameters"":{""name"":""ifc.ootb.CDR.type"",""operator"":""equals"",""value"":""Web""},""type"":""filter""}]}",CDR,"[""CDR""]",[],False,False,4,"[""ifc.ootb.CDR.ipAddress2"", ""ifc.ootb.CDR.originatorEmailAddress"", ""ifc.ootb.CDR.startTime"", ""ifc.ootb.CDR.type""]","[""equals"", ""relative""]"
464,Show me insights from the second half of November 2023.,show me insights from the second half of november 2023.,show me insights from the second half of november <number>.,"{""entityType"":""Insight"",""statements"":[{""parameters"":{""name"":""ifc.core.createtime"",""operator"":""between"",""value"":[""2023-11-16"",""2023-11-30""]},""type"":""filter""}]}",Insight,"[""Insight""]",[],False,False,1,"[""ifc.core.createtime""]","[""between""]"
465,Which profiles with 'writer' in their bio have shared posts containing book recommendations?,which profiles with 'writer' in their bio have shared posts containing book recommendations?,which profiles with <quoted> in their bio have shared posts containing book recommendations?,"{""entityType"":""Web Actor"",""statements"":[{""parameters"":{""name"":""ifc.ootb.WebActor.about"",""operator"":""contains"",""value"":""writer""},""type"":""filter""},{""parameters"":{""relationTargetType"":[""Web Activity""],""relationType"":[""relation_Writer""]},""statements"":[{""parameters"":{""name"":""ifc.ootb.WebActivity.text"",""operator"":""similar_to"",""value"":""book recommendations""},""type"":""filter""}],""type"":""relation""}]}",Web Actor,"[""Web Activity"", ""Web Actor""]","[""Web Activity""]",True,False,2,"[""ifc.ootb.WebActivity.text"", ""ifc.ootb.WebActor.about""]","[""contains"", ""similar_to""]"
466,What calls from phone number 0543037210 were not blocked?,what calls from phone number 0543037210 were not blocked?,what calls from phone number <phone> were not blocked?,"{""entityType"":""CDR"",""statements"":[{""parameters"":{""name"":""ifc.ootb.CDR.callStatus"",""operator"":""not_equal"",""value"":""Blocked""},""type"":""filter""},{""parameters"":{""name"":""ifc.ootb.CDR.msisdn"",""operator"":""equals"",""value"":""0543037210""},""type"":""filter""},{""parameters"":{""name"":""ifc.ootb.CDR.type"",""operator"":""equals"",""value"":""Voice""},""type"":""filter""}]}",CDR,"[""CDR""]",[],False,False,3,"[""ifc.ootb.CDR.callStatus"", ""ifc.ootb.CDR.msisdn"", ""ifc.ootb.CDR.type""]","[""equals"", ""not_equal""]"
467,phone with imsi 210987654321098,phone with imsi 210987654321098,phone with imsi <phone>,"{""entityType"":""Phone"",""statements"":[{""parameters"":{""name"":""ifc.ootb.Phone.IMSI"",""operator"":""equals"",""value"":""210987654321098""},""type"":""filter""}]}",Phone,"[""Phone""]",[],False,False,1,"[""ifc.ootb.Phone.IMSI""]","[""equals""]"
470,Find posts containing 'football' shared by actors named David,find posts containing 'football' shared by actors named david,find posts containing <quoted> shared by actors named david,"{""entityType"":""Web Activity"",""statements"":[{""parameters"":{""name"":""ifc.ootb.WebActivity.text"",""operator"":""contains"",""value"":""football""},""type"":""filter""},{""parameters"":{""relationTargetType"":[""Web Actor""],""relationType"":[""relation_Writer""]},""statements"":[{""parameters"":{""name"":""ifc.ootb.WebActor.firstName"",""operator"":""equals"",""value"":""David""},""type"":""filter""}],""type"":""relation""}]}",Web Activity,"[""Web Activity"", ""Web Actor""]","[""Web Actor""]",True,False,2,"[""ifc.ootb.WebActivity.text"", ""ifc.ootb.WebActor.firstName""]","[""contains"", ""equals""]"
471,"Retrieve all Instagram posts from the previous month that have  10,000 likes","retrieve all instagram posts from the previous month that have 10,000 likes","retrieve all instagram posts from the previous month that have <number>,<number> likes","{""entityType"":""Web Activity"",""statements"":[{""parameters"":{""name"":""ifc.ootb.Orbis.platform"",""operator"":""equals"",""value"":""instagram""},""type"":""filter""},{""parameters"":{""name"":""ifc.ootb.Orbis.publishDate"",""operator"":""relative"",""value"":{""count"":1,""mode"":""previous"",""time_res"":""month""}},""type"":""filter""},{""parameters"":{""name"":""ifc.ootb.WebActivity.numberOfLikes"",""operator"":""equals"",""value"":10000},""type"":""filter""}]}",Web Activity,"[""Web Activity""]",[],False,False,3,"[""ifc.ootb.Orbis.platform"", ""ifc.ootb.Orbis.publishDate"", ""ifc.ootb.WebActivity.numberOfLikes""]","[""equals"", ""relative""]"
472,List all insights about the potential organized crime connections in this case.,list all insights about the potential organized crime connections in this case.,list all insights about the potential organized crime connections in this case.,"{""entityType"":""Insight"",""statements"":[{""parameters"":{""name"":""text"",""operator"":""contains"",""value"":""organized crime connections""},""type"":""filter""}]}",Insight,"[""Insight""]",[],False,False,1,"[""text""]","[""contains""]"
473,Find high priority investigations related to 'drug smuggling',find high priority investigations related to 'drug smuggling',find high priority investigations related to <quoted>,"{""entityType"":""Investigation"",""statements"":[{""parameters"":{""name"":""ifc.core.description"",""operator"":""contains"",""value"":""drug smuggling""},""type"":""filter""},{""parameters"":{""name"":""ifc.core.priority"",""operator"":""equals"",""value"":""High""},""type"":""filter""}]}",Investigation,"[""Investigation""]",[],False,False,2,"[""ifc.core.description"", ""ifc.core.priority""]","[""contains"", ""equals""]"
476,Find LinkedIn profiles that mention 'hacking' in their about section and have 50 connections,find linkedin profiles that mention 'hacking' in their about section and have 50 connections,find linkedin profiles that mention <quoted> in their about section and have <number> connections,"{""entityType"":""Web Actor"",""statements"":[{""parameters"":{""name"":""ifc.ootb.Orbis.platform"",""operator"":""equals"",""value"":""linkedin""},""type"":""filter""},{""parameters"":{""name"":""ifc.ootb.WebActor.about"",""operator"":""contains"",""value"":""hacking""},""type"":""filter""},{""parameters"":{""name"":""ifc.ootb.WebActor.numberOfFriends"",""operator"":""equals"",""value"":50},""type"":""filter""}]}",Web Actor,"[""Web Actor""]",[],False,False,3,"[""ifc.ootb.Orbis.platform"", ""ifc.ootb.WebActor.about"", ""ifc.ootb.WebActor.numberOfFriends""]","[""contains"", ""equals""]"
478,What foreign phones were active in the last 30 days?,what foreign phones were active in the last 30 days?,what foreign phones were active in the last <number> days?,"{""entityType"":""Phone"",""statements"":[{""parameters"":{""name"":""ifc.Phone.type"",""operator"":""equals"",""value"":""Foreign""},""type"":""filter""},{""parameters"":{""name"":""ifc.ootb.Participant.lastActiveDate"",""operator"":""relative"",""value"":{""count"":30,""mode"":""previous"",""time_res"":""day""}},""type"":""filter""}]}",Phone,"[""Phone""]",[],False,False,2,"[""ifc.Phone.type"", ""ifc.ootb.Participant.lastActiveDate""]","[""equals"", ""relative""]"
479,Find insights discussing potential leads created in the last 3 days.,find insights discussing potential leads created in the last 3 days.,find insights discussing potential leads created in the last <number> days.,"{""entityType"":""Insight"",""statements"":[{""parameters"":{""name"":""ifc.core.createtime"",""operator"":""relative"",""value"":{""count"":3,""mode"":""previous"",""time_res"":""day""}},""type"":""filter""},{""parameters"":{""name"":""text"",""operator"":""contains"",""value"":""potential leads""},""type"":""filter""}]}",Insight,"[""Insight""]",[],False,False,2,"[""ifc.core.createtime"", ""text""]","[""contains"", ""relative""]"
481,calls of 0543037210,calls of 0543037210,calls of <phone>,"{""entityType"":""CDR"",""statements"":[{""parameters"":{""name"":""ifc.ootb.CDR.type"",""operator"":""equals"",""value"":""Voice""},""type"":""filter""},{""parameters"":{""operatorValue"":""OR""},""statements"":[{""parameters"":{""name"":""ifc.ootb.CDR.msisdn"",""operator"":""equals"",""value"":""0543037210""},""type"":""filter""},{""parameters"":{""name"":""ifc.ootb.CDR.msisdn2"",""operator"":""equals"",""value"":""0543037210""},""type"":""filter""}],""type"":""operator""}]}",CDR,"[""CDR""]",[],False,True,3,"[""ifc.ootb.CDR.msisdn"", ""ifc.ootb.CDR.msisdn2"", ""ifc.ootb.CDR.type""]","[""equals""]"
482,Find phones with an IMEI containing '9876543',find phones with an imei containing '9876543',find phones with an imei containing <quoted>,"{""entityType"":""Phone"",""statements"":[{""parameters"":{""name"":""ifc.ootb.Phone.IMEI"",""operator"":""contains"",""value"":""9876543""},""type"":""filter""}]}",Phone,"[""Phone""]",[],False,False,1,"[""ifc.ootb.Phone.IMEI""]","[""contains""]"
483,Find the details for phones with IMEI 356938035643809 or 490154203237518,find the details for phones with imei 356938035643809 or 490154203237518,find the details for phones with imei <phone> or <phone>,"{""entityType"":""Phone"",""statements"":[{""parameters"":{""operatorValue"":""OR""},""statements"":[{""parameters"":{""name"":""ifc.ootb.Phone.IMEI"",""operator"":""equals"",""value"":""356938035643809""},""type"":""filter""},{""parameters"":{""name"":""ifc.ootb.Phone.IMEI"",""operator"":""equals"",""value"":""490154203237518""},""type"":""filter""}],""type"":""operator""}]}",Phone,"[""Phone""]",[],False,True,2,"[""ifc.ootb.Phone.IMEI""]","[""equals""]"
486,List Instagram accounts with 'newyork' in their homepage that have 500 activities,list instagram accounts with 'newyork' in their homepage that have 500 activities,list instagram accounts with <quoted> in their homepage that have <number> activities,"{""entityType"":""Web Actor"",""statements"":[{""parameters"":{""name"":""ifc.ootb.Orbis.platform"",""operator"":""equals"",""value"":""instagram""},""type"":""filter""},{""parameters"":{""name"":""ifc.ootb.WebActor.homepage"",""operator"":""contains"",""value"":""newyork""},""type"":""filter""},{""parameters"":{""name"":""ifc.ootb.WebActor.numberActivities"",""operator"":""equals"",""value"":500},""type"":""filter""}]}",Web Actor,"[""Web Actor""]",[],False,False,3,"[""ifc.ootb.Orbis.platform"", ""ifc.ootb.WebActor.homepage"", ""ifc.ootb.WebActor.numberActivities""]","[""contains"", ""equals""]"
490,List web actors who have either 'Harvard University' or 'Stanford University' as their educational institution,list web actors who have either 'harvard university' or 'stanford university' as their educational institution,list web actors who have either <quoted> or <quoted> as their educational institution,"{""entityType"":""Web Actor"",""statements"":[{""parameters"":{""operatorValue"":""OR""},""statements"":[{""parameters"":{""name"":""ifc.ootb.WebActor.educationalInstitution"",""operator"":""contains"",""value"":""Harvard University""},""type"":""filter""},{""parameters"":{""name"":""ifc.ootb.WebActor.educationalInstitution"",""operator"":""contains"",""value"":""Stanford University""},""type"":""filter""}],""type"":""operator""}]}",Web Actor,"[""Web Actor""]",[],False,True,2,"[""ifc.ootb.WebActor.educationalInstitution""]","[""contains""]"
492,Retrieve any calls made from a device on the Orange network to 0523739993 that were passed to voicemail in the last 12 hours,retrieve any calls made from a device on the orange network to 0523739993 that were passed to voicemail in the last 12 hours,retrieve any calls made from a device on the orange network to <phone> that were passed to voicemail in the last <number> hours,"{""entityType"":""CDR"",""statements"":[{""parameters"":{""name"":""ifc.ootb.CDR.callStatus"",""operator"":""equals"",""value"":""Redirected""},""type"":""filter""},{""parameters"":{""name"":""ifc.ootb.CDR.msisdn2"",""operator"":""equals"",""value"":""0523739993""},""type"":""filter""},{""parameters"":{""name"":""ifc.ootb.CDR.orignatorNetworkName"",""operator"":""equals"",""value"":""Orange""},""type"":""filter""},{""parameters"":{""name"":""ifc.ootb.CDR.startTime"",""operator"":""relative"",""value"":{""count"":12,""mode"":""previous"",""time_res"":""hour""}},""type"":""filter""},{""parameters"":{""name"":""ifc.ootb.CDR.type"",""operator"":""equals"",""value"":""Voice""},""type"":""filter""}]}",CDR,"[""CDR""]",[],False,False,5,"[""ifc.ootb.CDR.callStatus"", ""ifc.ootb.CDR.msisdn2"", ""ifc.ootb.CDR.orignatorNetworkName"", ""ifc.ootb.CDR.startTime"", ""ifc.ootb.CDR.type""]","[""equals"", ""relative""]"
493,Show successful calls from 0545678901 or to 0529876543 in March 2024,show successful calls from 0545678901 or to 0529876543 in march 2024,show successful calls from <phone> or to <phone> in march <number>,"{""entityType"":""CDR"",""statements"":[{""parameters"":{""name"":""ifc.ootb.CDR.callStatus"",""operator"":""equals"",""value"":""Successful""},""type"":""filter""},{""parameters"":{""name"":""ifc.ootb.CDR.createDateTime"",""operator"":""between"",""value"":[""2024-03-01"",""2024-03-31""]},""type"":""filter""},{""parameters"":{""name"":""ifc.ootb.CDR.type"",""operator"":""equals"",""value"":""Voice""},""type"":""filter""},{""parameters"":{""operatorValue"":""OR""},""statements"":[{""parameters"":{""name"":""ifc.ootb.CDR.msisdn"",""operator"":""equals"",""value"":""0545678901""},""type"":""filter""},{""parameters"":{""name"":""ifc.ootb.CDR.msisdn2"",""operator"":""equals"",""value"":""0529876543""},""type"":""filter""}],""type"":""operator""}]}",CDR,"[""CDR""]",[],False,True,5,"[""ifc.ootb.CDR.callStatus"", ""ifc.ootb.CDR.createDateTime"", ""ifc.ootb.CDR.msisdn"", ""ifc.ootb.CDR.msisdn2"", ""ifc.ootb.CDR.type""]","[""between"", ""equals""]"
495,Find any emails with 'Urgent Request' in the subject line sent from dani@gmail.com to bob@company.com in the past 6 hours,find any emails with 'urgent request' in the subject line sent from dani@gmail.com to bob@company.com in the past 6 hours,find any emails with <quoted> in the subject line sent from <email> to <email> in the past <number> hours,"{""entityType"":""CDR"",""statements"":[{""parameters"":{""name"":""ifc.CDR.emailSubject"",""operator"":""contains"",""value"":""Urgent Request""},""type"":""filter""},{""parameters"":{""name"":""ifc.ootb.CDR.destinationEmailAddress"",""operator"":""equals"",""value"":""bob@company.com""},""type"":""filter""},{""parameters"":{""name"":""ifc.ootb.CDR.originatorEmailAddress"",""operator"":""equals"",""value"":""dani@gmail.com""},""type"":""filter""},{""parameters"":{""name"":""ifc.ootb.CDR.startTime"",""operator"":""relative"",""value"":{""count"":6,""mode"":""previous"",""time_res"":""hour""}},""type"":""filter""},{""parameters"":{""name"":""ifc.ootb.CDR.type"",""operator"":""equals"",""value"":""Email""},""type"":""filter""}]}",CDR,"[""CDR""]",[],False,False,5,"[""ifc.CDR.emailSubject"", ""ifc.ootb.CDR.destinationEmailAddress"", ""ifc.ootb.CDR.originatorEmailAddress"", ""ifc.ootb.CDR.startTime"", ""ifc.ootb.CDR.type""]","[""contains"", ""equals"", ""relative""]"
496,Find all open investigations involving organized crime,find all open investigations involving organized crime,find all open investigations involving organized crime,"{""entityType"":""Investigation"",""statements"":[{""parameters"":{""name"":""ifc.core.description"",""operator"":""contains"",""value"":""organized crime""},""type"":""filter""},{""parameters"":{""name"":""ifc.core.state"",""operator"":""equals"",""value"":""open""},""type"":""filter""}]}",Investigation,"[""Investigation""]",[],False,False,2,"[""ifc.core.description"", ""ifc.core.state""]","[""contains"", ""equals""]"
497,List SMS messages containing 'urgent' sent to 0506655668 past week,list sms messages containing 'urgent' sent to 0506655668 past week,list sms messages containing <quoted> sent to <phone> past week,"{""entityType"":""CDR"",""statements"":[{""parameters"":{""name"":""ifc.ootb.CDR.msisdn2"",""operator"":""equals"",""value"":""0506655668""},""type"":""filter""},{""parameters"":{""name"":""ifc.ootb.CDR.smsText"",""operator"":""contains"",""value"":""urgent""},""type"":""filter""},{""parameters"":{""name"":""ifc.ootb.CDR.startTime"",""operator"":""relative"",""value"":{""count"":1,""mode"":""previous"",""time_res"":""week""}},""type"":""filter""},{""parameters"":{""name"":""ifc.ootb.CDR.type"",""operator"":""equals"",""value"":""Text""},""type"":""filter""}]}",CDR,"[""CDR""]",[],False,False,4,"[""ifc.ootb.CDR.msisdn2"", ""ifc.ootb.CDR.smsText"", ""ifc.ootb.CDR.startTime"", ""ifc.ootb.CDR.type""]","[""contains"", ""equals"", ""relative""]"
500,Find reports about 'suspicious financial transactions',find reports about 'suspicious financial transactions',find reports about <quoted>,"{""entityType"":""Report"",""statements"":[{""parameters"":{""name"":""text"",""operator"":""similar_to"",""value"":""suspicious financial transactions""},""type"":""filter""}]}",Report,"[""Report""]",[],False,False,1,"[""text""]","[""similar_to""]"
501,Show me all individuals born on 15 August 1988,show me all individuals born on 15 august 1988,show me all individuals born on <number> august <number>,"{""entityType"":""Person"",""statements"":[{""parameters"":{""name"":""ifc.Person.birthDate"",""operator"":""is"",""value"":""1988-08-15""},""type"":""filter""}]}",Person,"[""Person""]",[],False,False,1,"[""ifc.Person.birthDate""]","[""is""]"
502,Show me the high priority investigations opened since 1 January 2024,show me the high priority investigations opened since 1 january 2024,show me the high priority investigations opened since <number> january <number>,"{""entityType"":""Investigation"",""statements"":[{""parameters"":{""name"":""ifc.core.createtime"",""operator"":""after"",""value"":""2024-01-01""},""type"":""filter""},{""parameters"":{""name"":""ifc.core.priority"",""operator"":""equals"",""value"":""High""},""type"":""filter""}]}",Investigation,"[""Investigation""]",[],False,False,2,"[""ifc.core.createtime"", ""ifc.core.priority""]","[""after"", ""equals""]"
503,Find reports containing information about the witness 'Jane Doe',find reports containing information about the witness 'jane doe',find reports containing information about the witness <quoted>,"{""entityType"":""Report"",""statements"":[{""parameters"":{""name"":""text"",""operator"":""contains"",""value"":""Jane Doe""},""type"":""filter""}]}",Report,"[""Report""]",[],False,False,1,"[""text""]","[""contains""]"
504,List investigations created between 2 March 2024 and 14 March 2024,list investigations created between 2 march 2024 and 14 march 2024,list investigations created between <number> march <number> and <number> march <number>,"{""entityType"":""Investigation"",""statements"":[{""parameters"":{""name"":""ifc.core.createtime"",""operator"":""between"",""value"":[""2024-03-02"",""2024-03-14""]},""type"":""filter""}]}",Investigation,"[""Investigation""]",[],False,False,1,"[""ifc.core.createtime""]","[""between""]"
506,Find the phone details for IMSI 310150123456789.,find the phone details for imsi 310150123456789.,find the phone details for imsi <phone>.,"{""entityType"":""Phone"",""statements"":[{""parameters"":{""name"":""ifc.ootb.Phone.IMSI"",""operator"":""equals"",""value"":""310150123456789""},""type"":""filter""}]}",Phone,"[""Phone""]",[],False,False,1,"[""ifc.ootb.Phone.IMSI""]","[""equals""]"
507,Retrieve all Females with the last name 'Davis' and occupation 'Nurse',retrieve all females with the last name 'davis' and occupation 'nurse',retrieve all females with the last name <quoted> and occupation <quoted>,"{""entityType"":""Person"",""statements"":[{""parameters"":{""name"":""ifc.Person.gender"",""operator"":""equals"",""value"":""Female""},""type"":""filter""},{""parameters"":{""name"":""ifc.Person.lastName"",""operator"":""equals"",""value"":""Davis""},""type"":""filter""},{""parameters"":{""name"":""ifc.Person.occupation"",""operator"":""equals"",""value"":""Nurse""},""type"":""filter""}]}",Person,"[""Person""]",[],False,False,3,"[""ifc.Person.gender"", ""ifc.Person.lastName"", ""ifc.Person.occupation""]","[""equals""]"
509,Show me calls from 0506519105 that   4G technology in the last 12 days,show me calls from 0506519105 that 4g technology in the last 12 days,show me calls from <phone> that 4g technology in the last <number> days,"{""entityType"":""CDR"",""statements"":[{""parameters"":{""name"":""ifc.ootb.CDR.msisdn"",""operator"":""equals"",""value"":""0506519105""},""type"":""filter""},{""parameters"":{""name"":""ifc.ootb.CDR.startTime"",""operator"":""relative"",""value"":{""count"":12,""mode"":""previous"",""time_res"":""day""}},""type"":""filter""},{""parameters"":{""name"":""ifc.ootb.CDR.technology"",""operator"":""equals"",""value"":""4G""},""type"":""filter""},{""parameters"":{""name"":""ifc.ootb.CDR.type"",""operator"":""equals"",""value"":""Voice""},""type"":""filter""}]}",CDR,"[""CDR""]",[],False,False,4,"[""ifc.ootb.CDR.msisdn"", ""ifc.ootb.CDR.startTime"", ""ifc.ootb.CDR.technology"", ""ifc.ootb.CDR.type""]","[""equals"", ""relative""]"
514,Find all communications in the last week from landline phones  to jsmith@company.com,find all communications in the last week from landline phones to jsmith@company.com,find all communications in the last week from landline phones to <email>,"{""entityType"":""CDR"",""statements"":[{""parameters"":{""name"":""ifc.ootb.CDR.destinationEmailAddress"",""operator"":""equals"",""value"":""jsmith@company.com""},""type"":""filter""},{""parameters"":{""name"":""ifc.ootb.CDR.startTime"",""operator"":""relative"",""value"":{""count"":7,""mode"":""previous"",""time_res"":""day""}},""type"":""filter""},{""parameters"":{""relationTargetType"":[""Phone""],""relationType"":[""relation_Caller""]},""statements"":[{""parameters"":{""name"":""ifc.Phone.type"",""operator"":""equals"",""value"":""Landline""},""type"":""filter""}],""type"":""relation""}]}",CDR,"[""CDR"", ""Phone""]","[""Phone""]",True,False,3,"[""ifc.Phone.type"", ""ifc.ootb.CDR.destinationEmailAddress"", ""ifc.ootb.CDR.startTime""]","[""equals"", ""relative""]"
516,Show me all web activities collected between 15 March 2024 and 20 March 2024.,show me all web activities collected between 15 march 2024 and 20 march 2024.,show me all web activities collected between <number> march <number> and <number> march <number>.,"{""entityType"":""Web Activity"",""statements"":[{""parameters"":{""name"":""ifc.ootb.Orbis.collectDate"",""operator"":""between"",""value"":[""2024-03-15"",""2024-03-20""]},""type"":""filter""}]}",Web Activity,"[""Web Activity""]",[],False,False,1,"[""ifc.ootb.Orbis.collectDate""]","[""between""]"
518,Show me all investigations that are currently in progress,show me all investigations that are currently in progress,show me all investigations that are currently in progress,"{""entityType"":""Investigation"",""statements"":[{""parameters"":{""name"":""ifc.core.state"",""operator"":""equals"",""value"":""open""},""type"":""filter""}]}",Investigation,"[""Investigation""]",[],False,False,1,"[""ifc.core.state""]","[""equals""]"
519,Show me all negative sentiment activities posted by males,show me all negative sentiment activities posted by males,show me all negative sentiment activities posted by males,"{""entityType"":""Web Activity"",""statements"":[{""parameters"":{""name"":""ifc.ootb.WebActivity.sentiment"",""operator"":""equals"",""value"":""Negative""},""type"":""filter""},{""parameters"":{""relationTargetType"":[""Web Actor""],""relationType"":[""relation_Writer""]},""statements"":[{""parameters"":{""name"":""ifc.ootb.WebActor.gender"",""operator"":""equals"",""value"":""Male""},""type"":""filter""}],""type"":""relation""}]}",Web Activity,"[""Web Activity"", ""Web Actor""]","[""Web Actor""]",True,False,2,"[""ifc.ootb.WebActivity.sentiment"", ""ifc.ootb.WebActor.gender""]","[""equals""]"
520,all landline phones,all landline phones,all landline phones,"{""entityType"":""Phone"",""statements"":[{""parameters"":{""name"":""ifc.Phone.type"",""operator"":""equals"",""value"":""Landline""},""type"":""filter""}]}",Phone,"[""Phone""]",[],False,False,1,"[""ifc.Phone.type""]","[""equals""]"
521,Get records where SMS protocol was 'binary' or 'text' for number 0545678901 last month,get records where sms protocol was 'binary' or 'text' for number 0545678901 last month,get records where sms protocol was <quoted> or <quoted> for number <phone> last month,"{""entityType"":""CDR"",""statements"":[{""parameters"":{""name"":""ifc.ootb.CDR.createDateTime"",""operator"":""relative"",""value"":{""count"":1,""mode"":""previous"",""time_res"":""month""}},""type"":""filter""},{""parameters"":{""name"":""ifc.ootb.CDR.type"",""operator"":""equals"",""value"":""Text""},""type"":""filter""},{""parameters"":{""operatorValue"":""OR""},""statements"":[{""parameters"":{""name"":""ifc.ootb.CDR.smsProtocol"",""operator"":""equals"",""value"":""binary""},""type"":""filter""},{""parameters"":{""name"":""ifc.ootb.CDR.smsProtocol"",""operator"":""equals"",""value"":""text""},""type"":""filter""}],""type"":""operator""},{""parameters"":{""operatorValue"":""OR""},""statements"":[{""parameters"":{""name"":""ifc.ootb.CDR.msisdn"",""operator"":""equals"",""value"":""0545678901""},""type"":""filter""},{""parameters"":{""name"":""ifc.ootb.CDR.msisdn2"",""operator"":""equals"",""value"":""0545678901""},""type"":""filter""}],""type"":""operator""}]}",CDR,"[""CDR""]",[],False,True,6,"[""ifc.ootb.CDR.createDateTime"", ""ifc.ootb.CDR.msisdn"", ""ifc.ootb.CDR.msisdn2"", ""ifc.ootb.CDR.smsProtocol"", ""ifc.ootb.CDR.type""]","[""equals"", ""relative""]"
522,Find reports containing  'Acme Corporation',find reports containing 'acme corporation',find reports containing <quoted>,"{""entityType"":""Report"",""statements"":[{""parameters"":{""name"":""text"",""operator"":""contains"",""value"":""Acme Corporation""},""type"":""filter""}]}",Report,"[""Report""]",[],False,False,1,"[""text""]","[""contains""]"
525,What calls were made to phones with the alias 'John Doe'?,what calls were made to phones with the alias 'john doe'?,what calls were made to phones with the alias <quoted>?,"{""entityType"":""CDR"",""statements"":[{""parameters"":{""name"":""ifc.ootb.CDR.type"",""operator"":""equals"",""value"":""Voice""},""type"":""filter""},{""parameters"":{""relationTargetType"":[""Phone""],""relationType"":[""relation_Callee""]},""statements"":[{""parameters"":{""name"":""ifc.ootb.Participant.aliasName"",""operator"":""equals"",""value"":""John Doe""},""type"":""filter""}],""type"":""relation""}]}",CDR,"[""CDR"", ""Phone""]","[""Phone""]",True,False,2,"[""ifc.ootb.CDR.type"", ""ifc.ootb.Participant.aliasName""]","[""equals""]"
527,Find reports that mention 'confidential',find reports that mention 'confidential',find reports that mention <quoted>,"{""entityType"":""Report"",""statements"":[{""parameters"":{""name"":""text"",""operator"":""contains"",""value"":""confidential""},""type"":""filter""}]}",Report,"[""Report""]",[],False,False,1,"[""text""]","[""contains""]"
529,List all SMS messages containing the word 'meeting' sent in the last 48 hours.,list all sms messages containing the word 'meeting' sent in the last 48 hours.,list all sms messages containing the word <quoted> sent in the last <number> hours.,"{""entityType"":""CDR"",""statements"":[{""parameters"":{""name"":""ifc.ootb.CDR.smsText"",""operator"":""contains"",""value"":""meeting""},""type"":""filter""},{""parameters"":{""name"":""ifc.ootb.CDR.startTime"",""operator"":""relative"",""value"":{""count"":48,""mode"":""previous"",""time_res"":""hour""}},""type"":""filter""},{""parameters"":{""name"":""ifc.ootb.CDR.type"",""operator"":""equals"",""value"":""Text""},""type"":""filter""}]}",CDR,"[""CDR""]",[],False,False,3,"[""ifc.ootb.CDR.smsText"", ""ifc.ootb.CDR.startTime"", ""ifc.ootb.CDR.type""]","[""contains"", ""equals"", ""relative""]"
530,List reports created in the first week of March 2024,list reports created in the first week of march 2024,list reports created in the first week of march <number>,"{""entityType"":""Report"",""statements"":[{""parameters"":{""name"":""ifc.core.createtime"",""operator"":""between"",""value"":[""2024-03-01"",""2024-03-07""]},""type"":""filter""}]}",Report,"[""Report""]",[],False,False,1,"[""ifc.core.createtime""]","[""between""]"
531,Which proiles  that works in google have posted about 'blockchain' technology?,which proiles that works in google have posted about 'blockchain' technology?,which proiles that works in google have posted about <quoted> technology?,"{""entityType"":""Web Actor"",""statements"":[{""parameters"":{""name"":""ifc.ootb.WebActor.jobCompanyName"",""operator"":""contains"",""value"":""google""},""type"":""filter""},{""parameters"":{""relationTargetType"":[""Web Activity""],""relationType"":[""relation_Writer""]},""statements"":[{""parameters"":{""name"":""ifc.ootb.WebActivity.text"",""operator"":""contains"",""value"":""blockchain""},""type"":""filter""}],""type"":""relation""}]}",Web Actor,"[""Web Activity"", ""Web Actor""]","[""Web Activity""]",True,False,2,"[""ifc.ootb.WebActivity.text"", ""ifc.ootb.WebActor.jobCompanyName""]","[""contains""]"
532,Show me investigations created yesterday,show me investigations created yesterday,show me investigations created yesterday,"{""entityType"":""Investigation"",""statements"":[{""parameters"":{""name"":""ifc.core.createtime"",""operator"":""relative"",""value"":{""count"":1,""mode"":""previous"",""time_res"":""day""}},""type"":""filter""}]}",Investigation,"[""Investigation""]",[],False,False,1,"[""ifc.core.createtime""]","[""relative""]"
533,What open investigations are related to 'extortion'?,what open investigations are related to 'extortion'?,what open investigations are related to <quoted>?,"{""entityType"":""Investigation"",""statements"":[{""parameters"":{""name"":""ifc.core.description"",""operator"":""contains"",""value"":""extortion""},""type"":""filter""},{""parameters"":{""name"":""ifc.core.state"",""operator"":""equals"",""value"":""open""},""type"":""filter""}]}",Investigation,"[""Investigation""]",[],False,False,2,"[""ifc.core.description"", ""ifc.core.state""]","[""contains"", ""equals""]"
534,emails of  0546222288,emails of 0546222288,emails of <phone>,"{""entityType"":""CDR"",""statements"":[{""parameters"":{""name"":""ifc.ootb.CDR.type"",""operator"":""equals"",""value"":""Email""},""type"":""filter""},{""parameters"":{""operatorValue"":""OR""},""statements"":[{""parameters"":{""name"":""ifc.ootb.CDR.msisdn"",""operator"":""equals"",""value"":""0546222288""},""type"":""filter""},{""parameters"":{""name"":""ifc.ootb.CDR.msisdn2"",""operator"":""equals"",""value"":""0546222288""},""type"":""filter""}],""type"":""operator""}]}",CDR,"[""CDR""]",[],False,True,3,"[""ifc.ootb.CDR.msisdn"", ""ifc.ootb.CDR.msisdn2"", ""ifc.ootb.CDR.type""]","[""equals""]"
535,Find Facebook profiles with the last name 'Garcia' who have liked  100 pages.,find facebook profiles with the last name 'garcia' who have liked 100 pages.,find facebook profiles with the last name <quoted> who have liked <number> pages.,"{""entityType"":""Web Actor"",""statements"":[{""parameters"":{""name"":""ifc.ootb.Orbis.platform"",""operator"":""equals"",""value"":""facebook""},""type"":""filter""},{""parameters"":{""name"":""ifc.ootb.WebActor.lastName"",""operator"":""equals"",""value"":""Garcia""},""type"":""filter""},{""parameters"":{""name"":""ifc.ootb.WebActor.numberPagesLiked"",""operator"":""equals"",""value"":100},""type"":""filter""}]}",Web Actor,"[""Web Actor""]",[],False,False,3,"[""ifc.ootb.Orbis.platform"", ""ifc.ootb.WebActor.lastName"", ""ifc.ootb.WebActor.numberPagesLiked""]","[""equals""]"
537,What calls were blocked from 0506519105 in the last 48 hours?,what calls were blocked from 0506519105 in the last 48 hours?,what calls were blocked from <phone> in the last <number> hours?,"{""entityType"":""CDR"",""statements"":[{""parameters"":{""name"":""ifc.ootb.CDR.callStatus"",""operator"":""equals"",""value"":""Blocked""},""type"":""filter""},{""parameters"":{""name"":""ifc.ootb.CDR.msisdn"",""operator"":""equals"",""value"":""0506519105""},""type"":""filter""},{""parameters"":{""name"":""ifc.ootb.CDR.startTime"",""operator"":""relative"",""value"":{""count"":48,""mode"":""previous"",""time_res"":""hour""}},""type"":""filter""},{""parameters"":{""name"":""ifc.ootb.CDR.type"",""operator"":""equals"",""value"":""Voice""},""type"":""filter""}]}",CDR,"[""CDR""]",[],False,False,4,"[""ifc.ootb.CDR.callStatus"", ""ifc.ootb.CDR.msisdn"", ""ifc.ootb.CDR.startTime"", ""ifc.ootb.CDR.type""]","[""equals"", ""relative""]"
539,Find all successful calls made to +972543037210 in the past week.,find all successful calls made to +972543037210 in the past week.,find all successful calls made to +<phone> in the past week.,"{""entityType"":""CDR"",""statements"":[{""parameters"":{""name"":""ifc.ootb.CDR.callStatus"",""operator"":""equals"",""value"":""Successful""},""type"":""filter""},{""parameters"":{""name"":""ifc.ootb.CDR.msisdn2"",""operator"":""equals"",""value"":""+972543037210""},""type"":""filter""},{""parameters"":{""name"":""ifc.ootb.CDR.startTime"",""operator"":""relative"",""value"":{""count"":1,""mode"":""previous"",""time_res"":""week""}},""type"":""filter""},{""parameters"":{""name"":""ifc.ootb.CDR.type"",""operator"":""equals"",""value"":""Voice""},""type"":""filter""}]}",CDR,"[""CDR""]",[],False,False,4,"[""ifc.ootb.CDR.callStatus"", ""ifc.ootb.CDR.msisdn2"", ""ifc.ootb.CDR.startTime"", ""ifc.ootb.CDR.type""]","[""equals"", ""relative""]"
540,Show me investigations due between 1 April 2024 and 30 April 2024,show me investigations due between 1 april 2024 and 30 april 2024,show me investigations due between <number> april <number> and <number> april <number>,"{""entityType"":""Investigation"",""statements"":[{""parameters"":{""name"":""ifc.core.dueTime"",""operator"":""between"",""value"":[""2024-04-01"",""2024-04-30""]},""type"":""filter""}]}",Investigation,"[""Investigation""]",[],False,False,1,"[""ifc.core.dueTime""]","[""between""]"
541,Show me all failed calls from device with IMEI 356996055598702 in February 2024.,show me all failed calls from device with imei 356996055598702 in february 2024.,show me all failed calls from device with imei <phone> in february <number>.,"{""entityType"":""CDR"",""statements"":[{""parameters"":{""name"":""ifc.ootb.CDR.callStatus"",""operator"":""equals"",""value"":""Failed""},""type"":""filter""},{""parameters"":{""name"":""ifc.ootb.CDR.imei"",""operator"":""equals"",""value"":""356996055598702""},""type"":""filter""},{""parameters"":{""name"":""ifc.ootb.CDR.startTime"",""operator"":""between"",""value"":[""2024-02-01"",""2024-02-29""]},""type"":""filter""},{""parameters"":{""name"":""ifc.ootb.CDR.type"",""operator"":""equals"",""value"":""Voice""},""type"":""filter""}]}",CDR,"[""CDR""]",[],False,False,4,"[""ifc.ootb.CDR.callStatus"", ""ifc.ootb.CDR.imei"", ""ifc.ootb.CDR.startTime"", ""ifc.ootb.CDR.type""]","[""between"", ""equals""]"
542,Retrieve all individuals with the last name 'Johnson' and first name starting with 'M',retrieve all individuals with the last name 'johnson' and first name starting with 'm',retrieve all individuals with the last name <quoted> and first name starting with <quoted>,"{""entityType"":""Person"",""statements"":[{""parameters"":{""name"":""ifc.Person.firstName"",""operator"":""begins_with"",""value"":""M""},""type"":""filter""},{""parameters"":{""name"":""ifc.Person.lastName"",""operator"":""equals"",""value"":""Johnson""},""type"":""filter""}]}",Person,"[""Person""]",[],False,False,2,"[""ifc.Person.firstName"", ""ifc.Person.lastName""]","[""begins_with"", ""equals""]"
543,"Find reports created after April 10, 2024","find reports created after april 10, 2024","find reports created after april <number>, <number>","{""entityType"":""Report"",""statements"":[{""parameters"":{""name"":""ifc.core.createtime"",""operator"":""after"",""value"":""2024-04-10""},""type"":""filter""}]}",Report,"[""Report""]",[],False,False,1,"[""ifc.core.createtime""]","[""after""]"
545,show cases with a due date in the second quarter of 2024,show cases with a due date in the second quarter of 2024,show cases with a due date in the second quarter of <number>,"{""entityType"":""Investigation"",""statements"":[{""parameters"":{""name"":""ifc.core.dueTime"",""operator"":""between"",""value"":[""2024-04-01"",""2024-06-30""]},""type"":""filter""}]}",Investigation,"[""Investigation""]",[],False,False,1,"[""ifc.core.dueTime""]","[""between""]"
546,Find all SMS messages containing the word 'meeting' sent from 0549876543 to target phones in the past week,find all sms messages containing the word 'meeting' sent from 0549876543 to target phones in the past week,find all sms messages containing the word <quoted> sent from <phone> to target phones in the past week,"{""entityType"":""CDR"",""statements"":[{""parameters"":{""name"":""ifc.ootb.CDR.msisdn"",""operator"":""equals"",""value"":""0549876543""},""type"":""filter""},{""parameters"":{""name"":""ifc.ootb.CDR.smsText"",""operator"":""contains"",""value"":""meeting""},""type"":""filter""},{""parameters"":{""name"":""ifc.ootb.CDR.startTime"",""operator"":""relative"",""value"":{""count"":1,""mode"":""previous"",""time_res"":""week""}},""type"":""filter""},{""parameters"":{""name"":""ifc.ootb.CDR.type"",""operator"":""equals"",""value"":""Text""},""type"":""filter""},{""parameters"":{""relationTargetType"":[""Phone""],""relationType"":[""relation_Caller""]},""statements"":[{""parameters"":{""name"":""ifc.ootb.Participant.isTarget"",""operator"":""equals"",""value"":true},""type"":""filter""}],""type"":""relation""}]}",CDR,"[""CDR"", ""Phone""]","[""Phone""]",True,False,5,"[""ifc.ootb.CDR.msisdn"", ""ifc.ootb.CDR.smsText"", ""ifc.ootb.CDR.startTime"", ""ifc.ootb.CDR.type"", ""ifc.ootb.Participant.isTarget""]","[""contains"", ""equals"", ""relative""]"
547,Show me people with a first name of 'Michael' or 'David',show me people with a first name of 'michael' or 'david',show me people with a first name of <quoted> or <quoted>,"{""entityType"":""Person"",""statements"":[{""parameters"":{""operatorValue"":""OR""},""statements"":[{""parameters"":{""name"":""ifc.Person.firstName"",""operator"":""equals"",""value"":""Michael""},""type"":""filter""},{""parameters"":{""name"":""ifc.Person.firstName"",""operator"":""equals"",""value"":""David""},""type"":""filter""}],""type"":""operator""}]}",Person,"[""Person""]",[],False,True,2,"[""ifc.Person.firstName""]","[""equals""]"
548,Show me the details for phones with MSISDN 0543037210 or 0526789012,show me the details for phones with msisdn 0543037210 or 0526789012,show me the details for phones with msisdn <phone> or <phone>,"{""entityType"":""Phone"",""statements"":[{""parameters"":{""operatorValue"":""OR""},""statements"":[{""parameters"":{""name"":""ifc.ootb.Phone.MSISDN"",""operator"":""equals"",""value"":""0543037210""},""type"":""filter""},{""parameters"":{""name"":""ifc.ootb.Phone.MSISDN"",""operator"":""equals"",""value"":""0526789012""},""type"":""filter""}],""type"":""operator""}]}",Phone,"[""Phone""]",[],False,True,2,"[""ifc.ootb.Phone.MSISDN""]","[""equals""]"
549,List all phones that were first active in the previous month,list all phones that were first active in the previous month,list all phones that were first active in the previous month,"{""entityType"":""Phone"",""statements"":[{""parameters"":{""name"":""ifc.ootb.Participant.firstActiveDate"",""operator"":""relative"",""value"":{""count"":1,""mode"":""previous"",""time_res"":""month""}},""type"":""filter""}]}",Phone,"[""Phone""]",[],False,False,1,"[""ifc.ootb.Participant.firstActiveDate""]","[""relative""]"
550,What investigations were created on 1 March 2024?,what investigations were created on 1 march 2024?,what investigations were created on <number> march <number>?,"{""entityType"":""Investigation"",""statements"":[{""parameters"":{""name"":""ifc.core.createtime"",""operator"":""is"",""value"":""2024-03-01""},""type"":""filter""}]}",Investigation,"[""Investigation""]",[],False,False,1,"[""ifc.core.createtime""]","[""is""]"
551,Show me the suspicious phones that made calls to +1-555-987-6543.,show me the suspicious phones that made calls to +1-555-987-6543.,show me the suspicious phones that made calls to +<phone>.,"{""entityType"":""Phone"",""statements"":[{""parameters"":{""name"":""ifc.ootb.Participant.isSuspicious"",""operator"":""equals"",""value"":true},""type"":""filter""},{""parameters"":{""relationTargetType"":[""CDR""],""relationType"":[""relation_Caller""]},""statements"":[{""parameters"":{""name"":""ifc.ootb.CDR.msisdn2"",""operator"":""equals"",""value"":""+1-555-987-6543""},""type"":""filter""},{""parameters"":{""name"":""ifc.ootb.CDR.type"",""operator"":""equals"",""value"":""Voice""},""type"":""filter""}],""type"":""relation""}]}",Phone,"[""CDR"", ""Phone""]","[""CDR""]",True,False,3,"[""ifc.ootb.CDR.msisdn2"", ""ifc.ootb.CDR.type"", ""ifc.ootb.Participant.isSuspicious""]","[""equals""]"
552,Show me Facebook profiles that have 'doctor' in their job title and were born before 1 March 1980,show me facebook profiles that have 'doctor' in their job title and were born before 1 march 1980,show me facebook profiles that have <quoted> in their job title and were born before <number> march <number>,"{""entityType"":""Web Actor"",""statements"":[{""parameters"":{""name"":""ifc.ootb.Orbis.platform"",""operator"":""equals"",""value"":""facebook""},""type"":""filter""},{""parameters"":{""name"":""ifc.ootb.WebActor.birthDate"",""operator"":""before"",""value"":""1980-03-01""},""type"":""filter""},{""parameters"":{""name"":""ifc.ootb.WebActor.jobCompanyName"",""operator"":""contains"",""value"":""doctor""},""type"":""filter""}]}",Web Actor,"[""Web Actor""]",[],False,False,3,"[""ifc.ootb.Orbis.platform"", ""ifc.ootb.WebActor.birthDate"", ""ifc.ootb.WebActor.jobCompanyName""]","[""before"", ""contains"", ""equals""]"
553,Which web activities containing 'http' in the text were published by profiles with 50 pages liked?,which web activities containing 'http' in the text were published by profiles with 50 pages liked?,which web activities containing <quoted> in the text were published by profiles with <number> pages liked?,"{""entityType"":""Web Activity"",""statements"":[{""parameters"":{""name"":""ifc.ootb.WebActivity.text"",""operator"":""contains"",""value"":""http""},""type"":""filter""},{""parameters"":{""relationTargetType"":[""Web Actor""],""relationType"":[""relation_Writer""]},""statements"":[{""parameters"":{""name"":""ifc.ootb.WebActor.numberPagesLiked"",""operator"":""equals"",""value"":50},""type"":""filter""}],""type"":""relation""}]}",Web Activity,"[""Web Activity"", ""Web Actor""]","[""Web Actor""]",True,False,2,"[""ifc.ootb.WebActivity.text"", ""ifc.ootb.WebActor.numberPagesLiked""]","[""contains"", ""equals""]"
554,Find all mobile phones with IMSI 425031234567890 or 425039876543210,find all mobile phones with imsi 425031234567890 or 425039876543210,find all mobile phones with imsi <phone> or <phone>,"{""entityType"":""Phone"",""statements"":[{""parameters"":{""name"":""ifc.Phone.type"",""operator"":""equals"",""value"":""Mobile""},""type"":""filter""},{""parameters"":{""operatorValue"":""OR""},""statements"":[{""parameters"":{""name"":""ifc.ootb.Phone.IMSI"",""operator"":""equals"",""value"":""425031234567890""},""type"":""filter""},{""parameters"":{""name"":""ifc.ootb.Phone.IMSI"",""operator"":""equals"",""value"":""425039876543210""},""type"":""filter""}],""type"":""operator""}]}",Phone,"[""Phone""]",[],False,True,3,"[""ifc.Phone.type"", ""ifc.ootb.Phone.IMSI""]","[""equals""]"
555,Pull up reports discussing either 'customer feedback' or 'sales performance' in the full text,pull up reports discussing either 'customer feedback' or 'sales performance' in the full text,pull up reports discussing either <quoted> or <quoted> in the full text,"{""entityType"":""Report"",""statements"":[{""parameters"":{""operatorValue"":""OR""},""statements"":[{""parameters"":{""name"":""text"",""operator"":""contains"",""value"":""customer feedback""},""type"":""filter""},{""parameters"":{""name"":""text"",""operator"":""contains"",""value"":""sales performance""},""type"":""filter""}],""type"":""operator""}]}",Report,"[""Report""]",[],False,True,2,"[""text""]","[""contains""]"
556,What posts related to 'sustainable fashion' were made by actors with 500 followers?,what posts related to 'sustainable fashion' were made by actors with 500 followers?,what posts related to <quoted> were made by actors with <number> followers?,"{""entityType"":""Web Activity"",""statements"":[{""parameters"":{""name"":""ifc.ootb.WebActivity.text"",""operator"":""similar_to"",""value"":""sustainable fashion""},""type"":""filter""},{""parameters"":{""relationTargetType"":[""Web Actor""],""relationType"":[""relation_Writer""]},""statements"":[{""parameters"":{""name"":""ifc.ootb.WebActor.numberOfFollowers"",""operator"":""equals"",""value"":500},""type"":""filter""}],""type"":""relation""}]}",Web Activity,"[""Web Activity"", ""Web Actor""]","[""Web Actor""]",True,False,2,"[""ifc.ootb.WebActivity.text"", ""ifc.ootb.WebActor.numberOfFollowers""]","[""equals"", ""similar_to""]"
557,Find all phones that were first active between 1 January 2024 and 31 January 2024,find all phones that were first active between 1 january 2024 and 31 january 2024,find all phones that were first active between <number> january <number> and <number> january <number>,"{""entityType"":""Phone"",""statements"":[{""parameters"":{""name"":""ifc.ootb.Participant.firstActiveDate"",""operator"":""between"",""value"":[""2024-01-01"",""2024-01-31""]},""type"":""filter""}]}",Phone,"[""Phone""]",[],False,False,1,"[""ifc.ootb.Participant.firstActiveDate""]","[""between""]"
558,Find all investigations about 'fraud' opened in 2024,find all investigations about 'fraud' opened in 2024,find all investigations about <quoted> opened in <number>,"{""entityType"":""Investigation"",""statements"":[{""parameters"":{""name"":""ifc.core.createtime"",""operator"":""between"",""value"":[""2024-01-01"",""2024-12-31""]},""type"":""filter""},{""parameters"":{""name"":""ifc.core.description"",""operator"":""contains"",""value"":""fraud""},""type"":""filter""}]}",Investigation,"[""Investigation""]",[],False,False,2,"[""ifc.core.createtime"", ""ifc.core.description""]","[""between"", ""contains""]"
559,Pull up reports that discuss either 'customer feedback' or 'sales performance' in the full text,pull up reports that discuss either 'customer feedback' or 'sales performance' in the full text,pull up reports that discuss either <quoted> or <quoted> in the full text,"{""entityType"":""Report"",""statements"":[{""parameters"":{""operatorValue"":""OR""},""statements"":[{""parameters"":{""name"":""text"",""operator"":""contains"",""value"":""customer feedback""},""type"":""filter""},{""parameters"":{""name"":""text"",""operator"":""contains"",""value"":""sales performance""},""type"":""filter""}],""type"":""operator""}]}",Report,"[""Report""]",[],False,True,2,"[""text""]","[""contains""]"
561,Retrieve all SMS messages in Spanish sent to +16431646 last week.,retrieve all sms messages in spanish sent to +16431646 last week.,retrieve all sms messages in spanish sent to +<phone> last week.,"{""entityType"":""CDR"",""statements"":[{""parameters"":{""name"":""ifc.ootb.CDR.mainLanguage"",""operator"":""equals"",""value"":""spanish""},""type"":""filter""},{""parameters"":{""name"":""ifc.ootb.CDR.msisdn2"",""operator"":""equals"",""value"":""+16431646""},""type"":""filter""},{""parameters"":{""name"":""ifc.ootb.CDR.startTime"",""operator"":""relative"",""value"":{""count"":1,""mode"":""previous"",""time_res"":""week""}},""type"":""filter""},{""parameters"":{""name"":""ifc.ootb.CDR.type"",""operator"":""equals"",""value"":""Text""},""type"":""filter""}]}",CDR,"[""CDR""]",[],False,False,4,"[""ifc.ootb.CDR.mainLanguage"", ""ifc.ootb.CDR.msisdn2"", ""ifc.ootb.CDR.startTime"", ""ifc.ootb.CDR.type""]","[""equals"", ""relative""]"
562,Show me investigations that are either high priority or were created in the past week,show me investigations that are either high priority or were created in the past week,show me investigations that are either high priority or were created in the past week,"{""entityType"":""Investigation"",""statements"":[{""parameters"":{""operatorValue"":""OR""},""statements"":[{""parameters"":{""name"":""ifc.core.priority"",""operator"":""equals"",""value"":""High""},""type"":""filter""},{""parameters"":{""name"":""ifc.core.createtime"",""operator"":""relative"",""value"":{""count"":1,""mode"":""previous"",""time_res"":""week""}},""type"":""filter""}],""type"":""operator""}]}",Investigation,"[""Investigation""]",[],False,True,2,"[""ifc.core.createtime"", ""ifc.core.priority""]","[""equals"", ""relative""]"
563,Find all TikTok videos posted in the last 5 days from IP 10.0.0.1,find all tiktok videos posted in the last 5 days from ip 10.0.0.1,find all tiktok videos posted in the last <number> days from ip <phone>,"{""entityType"":""Web Activity"",""statements"":[{""parameters"":{""name"":""ifc.ootb.Orbis.ipAddress"",""operator"":""equals"",""value"":""10.0.0.1""},""type"":""filter""},{""parameters"":{""name"":""ifc.ootb.Orbis.platform"",""operator"":""equals"",""value"":""tiktok""},""type"":""filter""},{""parameters"":{""name"":""ifc.ootb.Orbis.publishDate"",""operator"":""relative"",""value"":{""count"":5,""mode"":""previous"",""time_res"":""day""}},""type"":""filter""}]}",Web Activity,"[""Web Activity""]",[],False,False,3,"[""ifc.ootb.Orbis.ipAddress"", ""ifc.ootb.Orbis.platform"", ""ifc.ootb.Orbis.publishDate""]","[""equals"", ""relative""]"
564,List all posts across all platforms in March 2024 written in Spanish,list all posts across all platforms in march 2024 written in spanish,list all posts across all platforms in march <number> written in spanish,"{""entityType"":""Web Activity"",""statements"":[{""parameters"":{""name"":""ifc.ootb.Orbis.publishDate"",""operator"":""between"",""value"":[""2024-03-01"",""2024-03-31""]},""type"":""filter""},{""parameters"":{""name"":""ifc.ootb.WebActivity.mainLanguage"",""operator"":""equals"",""value"":""spanish""},""type"":""filter""}]}",Web Activity,"[""Web Activity""]",[],False,False,2,"[""ifc.ootb.Orbis.publishDate"", ""ifc.ootb.WebActivity.mainLanguage""]","[""between"", ""equals""]"
565,Find emails with attachments sent from phones associated with alias name 'John' to johndoe@gmail.com.,find emails with attachments sent from phones associated with alias name 'john' to johndoe@gmail.com.,find emails with attachments sent from phones associated with alias name <quoted> to <email>.,"{""entityType"":""CDR"",""statements"":[{""parameters"":{""name"":""ifc.ootb.CDR.destinationEmailAddress"",""operator"":""equals"",""value"":""johndoe@gmail.com""},""type"":""filter""},{""parameters"":{""name"":""ifc.ootb.CDR.isAttachment"",""operator"":""equals"",""value"":true},""type"":""filter""},{""parameters"":{""name"":""ifc.ootb.CDR.type"",""operator"":""equals"",""value"":""Email""},""type"":""filter""},{""parameters"":{""relationTargetType"":[""Phone""],""relationType"":[""relation_Caller""]},""statements"":[{""parameters"":{""name"":""ifc.ootb.Participant.aliasName"",""operator"":""equals"",""value"":""John""},""type"":""filter""}],""type"":""relation""}]}",CDR,"[""CDR"", ""Phone""]","[""Phone""]",True,False,4,"[""ifc.ootb.CDR.destinationEmailAddress"", ""ifc.ootb.CDR.isAttachment"", ""ifc.ootb.CDR.type"", ""ifc.ootb.Participant.aliasName""]","[""equals""]"
566,Show me all posts on Twitter in the last 24 hours from IP address 192.168.0.1,show me all posts on twitter in the last 24 hours from ip address 192.168.0.1,show me all posts on twitter in the last <number> hours from ip address <phone>,"{""entityType"":""Web Activity"",""statements"":[{""parameters"":{""name"":""ifc.ootb.Orbis.ipAddress"",""operator"":""equals"",""value"":""192.168.0.1""},""type"":""filter""},{""parameters"":{""name"":""ifc.ootb.Orbis.platform"",""operator"":""equals"",""value"":""twitter""},""type"":""filter""},{""parameters"":{""name"":""ifc.ootb.Orbis.publishDate"",""operator"":""relative"",""value"":{""count"":24,""mode"":""previous"",""time_res"":""hour""}},""type"":""filter""}]}",Web Activity,"[""Web Activity""]",[],False,False,3,"[""ifc.ootb.Orbis.ipAddress"", ""ifc.ootb.Orbis.platform"", ""ifc.ootb.Orbis.publishDate""]","[""equals"", ""relative""]"
567,Retrieve all Females born on 14 of February 1956,retrieve all females born on 14 of february 1956,retrieve all females born on <number> of february <number>,"{""entityType"":""Person"",""statements"":[{""parameters"":{""name"":""ifc.Person.birthDate"",""operator"":""is"",""value"":""1956-02-14""},""type"":""filter""},{""parameters"":{""name"":""ifc.Person.gender"",""operator"":""equals"",""value"":""Female""},""type"":""filter""}]}",Person,"[""Person""]",[],False,False,2,"[""ifc.Person.birthDate"", ""ifc.Person.gender""]","[""equals"", ""is""]"
568,Show me the landline phones active in the past week.,show me the landline phones active in the past week.,show me the landline phones active in the past week.,"{""entityType"":""Phone"",""statements"":[{""parameters"":{""name"":""ifc.Phone.type"",""operator"":""equals"",""value"":""Landline""},""type"":""filter""},{""parameters"":{""name"":""ifc.ootb.Participant.lastActiveDate"",""operator"":""relative"",""value"":{""count"":1,""mode"":""previous"",""time_res"":""week""}},""type"":""filter""}]}",Phone,"[""Phone""]",[],False,False,2,"[""ifc.Phone.type"", ""ifc.ootb.Participant.lastActiveDate""]","[""equals"", ""relative""]"
569,List foreign phones that were first active in February 2024,list foreign phones that were first active in february 2024,list foreign phones that were first active in february <number>,"{""entityType"":""Phone"",""statements"":[{""parameters"":{""name"":""ifc.Phone.type"",""operator"":""equals"",""value"":""Foreign""},""type"":""filter""},{""parameters"":{""name"":""ifc.ootb.Participant.firstActiveDate"",""operator"":""between"",""value"":[""2024-02-01"",""2024-02-29""]},""type"":""filter""}]}",Phone,"[""Phone""]",[],False,False,2,"[""ifc.Phone.type"", ""ifc.ootb.Participant.firstActiveDate""]","[""between"", ""equals""]"
570,"Show me reports created on April 1, 2024 or April 10, 2024","show me reports created on april 1, 2024 or april 10, 2024","show me reports created on april <number>, <number> or april <number>, <number>","{""entityType"":""Report"",""statements"":[{""parameters"":{""operatorValue"":""OR""},""statements"":[{""parameters"":{""name"":""ifc.core.createtime"",""operator"":""is"",""value"":""2024-04-01""},""type"":""filter""},{""parameters"":{""name"":""ifc.core.createtime"",""operator"":""is"",""value"":""2024-04-10""},""type"":""filter""}],""type"":""operator""}]}",Report,"[""Report""]",[],False,True,2,"[""ifc.core.createtime""]","[""is""]"
571,cases related to cybercrime,cases related to cybercrime,cases related to cybercrime,"{""entityType"":""Investigation"",""statements"":[{""parameters"":{""name"":""ifc.core.description"",""operator"":""contains"",""value"":""cybercrime""},""type"":""filter""}]}",Investigation,"[""Investigation""]",[],False,False,1,"[""ifc.core.description""]","[""contains""]"
572,List reports created on 16 March 2024,list reports created on 16 march 2024,list reports created on <number> march <number>,"{""entityType"":""Report"",""statements"":[{""parameters"":{""name"":""ifc.core.createtime"",""operator"":""is"",""value"":""2024-03-16""},""type"":""filter""}]}",Report,"[""Report""]",[],False,False,1,"[""ifc.core.createtime""]","[""is""]"
573,Show me Pinterest profiles that have liked  1000 pages.,show me pinterest profiles that have liked 1000 pages.,show me pinterest profiles that have liked <number> pages.,"{""entityType"":""Web Actor"",""statements"":[{""parameters"":{""name"":""ifc.ootb.Orbis.platform"",""operator"":""equals"",""value"":""pinterest""},""type"":""filter""},{""parameters"":{""name"":""ifc.ootb.WebActor.numberPagesLiked"",""operator"":""equals"",""value"":1000},""type"":""filter""}]}",Web Actor,"[""Web Actor""]",[],False,False,2,"[""ifc.ootb.Orbis.platform"", ""ifc.ootb.WebActor.numberPagesLiked""]","[""equals""]"
574,"Show me profiles published on either February 14, 2024 or February 28, 2024 with a sentiment of 'Positive' or 'Negative'","show me profiles published on either february 14, 2024 or february 28, 2024 with a sentiment of 'positive' or 'negative'","show me profiles published on either february <number>, <number> or february <number>, <number> with a sentiment of <quoted> or <quoted>","{""entityType"":""Web Actor"",""statements"":[{""parameters"":{""operatorValue"":""OR""},""statements"":[{""parameters"":{""name"":""ifc.ootb.Orbis.publishDate"",""operator"":""is"",""value"":""2024-02-14""},""type"":""filter""},{""parameters"":{""name"":""ifc.ootb.Orbis.publishDate"",""operator"":""is"",""value"":""2024-02-28""},""type"":""filter""}],""type"":""operator""},{""parameters"":{""operatorValue"":""OR""},""statements"":[{""parameters"":{""name"":""ifc.ootb.WebActor.sentiment"",""operator"":""equals"",""value"":""Positive""},""type"":""filter""},{""parameters"":{""name"":""ifc.ootb.WebActor.sentiment"",""operator"":""equals"",""value"":""Negative""},""type"":""filter""}],""type"":""operator""}]}",Web Actor,"[""Web Actor""]",[],False,True,4,"[""ifc.ootb.Orbis.publishDate"", ""ifc.ootb.WebActor.sentiment""]","[""equals"", ""is""]"
575,Find voice calls with IMSI 35699605559871102 as the receiver the past month,find voice calls with imsi 35699605559871102 as the receiver the past month,find voice calls with imsi <phone> as the receiver the past month,"{""entityType"":""CDR"",""statements"":[{""parameters"":{""name"":""ifc.ootb.CDR.imsi2"",""operator"":""equals"",""value"":""35699605559871102""},""type"":""filter""},{""parameters"":{""name"":""ifc.ootb.CDR.startTime"",""operator"":""relative"",""value"":{""count"":1,""mode"":""previous"",""time_res"":""month""}},""type"":""filter""},{""parameters"":{""name"":""ifc.ootb.CDR.type"",""operator"":""equals"",""value"":""Voice""},""type"":""filter""}]}",CDR,"[""CDR""]",[],False,False,3,"[""ifc.ootb.CDR.imsi2"", ""ifc.ootb.CDR.startTime"", ""ifc.ootb.CDR.type""]","[""equals"", ""relative""]"
576,Find closed investigations that mention 'insider trading',find closed investigations that mention 'insider trading',find closed investigations that mention <quoted>,"{""entityType"":""Investigation"",""statements"":[{""parameters"":{""name"":""ifc.core.description"",""operator"":""contains"",""value"":""insider trading""},""type"":""filter""},{""parameters"":{""name"":""ifc.core.state"",""operator"":""equals"",""value"":""closed""},""type"":""filter""}]}",Investigation,"[""Investigation""]",[],False,False,2,"[""ifc.core.description"", ""ifc.core.state""]","[""contains"", ""equals""]"
577,Retrieve all 3G calls of 1 minute made from 0506655668 to 0523739993 in the last 18 days,retrieve all 3g calls of 1 minute made from 0506655668 to 0523739993 in the last 18 days,retrieve all 3g calls of <number> minute made from <phone> to <phone> in the last <number> days,"{""entityType"":""CDR"",""statements"":[{""parameters"":{""name"":""ifc.ootb.CDR.duration"",""operator"":""equals"",""value"":1},""type"":""filter""},{""parameters"":{""name"":""ifc.ootb.CDR.msisdn"",""operator"":""equals"",""value"":""0506655668""},""type"":""filter""},{""parameters"":{""name"":""ifc.ootb.CDR.msisdn2"",""operator"":""equals"",""value"":""0523739993""},""type"":""filter""},{""parameters"":{""name"":""ifc.ootb.CDR.startTime"",""operator"":""relative"",""value"":{""count"":18,""mode"":""previous"",""time_res"":""day""}},""type"":""filter""},{""parameters"":{""name"":""ifc.ootb.CDR.technology"",""operator"":""equals"",""value"":""3G""},""type"":""filter""},{""parameters"":{""name"":""ifc.ootb.CDR.type"",""operator"":""equals"",""value"":""Voice""},""type"":""filter""}]}",CDR,"[""CDR""]",[],False,False,6,"[""ifc.ootb.CDR.duration"", ""ifc.ootb.CDR.msisdn"", ""ifc.ootb.CDR.msisdn2"", ""ifc.ootb.CDR.startTime"", ""ifc.ootb.CDR.technology"", ""ifc.ootb.CDR.type""]","[""equals"", ""relative""]"
578,Are there insights mentioning the informant's codename 'Falcon' in the past 2 weeks?,are there insights mentioning the informant's codename 'falcon' in the past 2 weeks?,are there insights mentioning the informant<quoted>falcon' in the past <number> weeks?,"{""entityType"":""Insight"",""statements"":[{""parameters"":{""name"":""ifc.core.createtime"",""operator"":""relative"",""value"":{""count"":2,""mode"":""previous"",""time_res"":""week""}},""type"":""filter""},{""parameters"":{""name"":""text"",""operator"":""contains"",""value"":""Falcon""},""type"":""filter""}]}",Insight,"[""Insight""]",[],False,False,2,"[""ifc.core.createtime"", ""text""]","[""contains"", ""relative""]"
579,What calls from phones with Hebrew settings to 0549112233 happened on 20 April 2024?,what calls from phones with hebrew settings to 0549112233 happened on 20 april 2024?,what calls from phones with hebrew settings to <phone> happened on <number> april <number>?,"{""entityType"":""CDR"",""statements"":[{""parameters"":{""name"":""ifc.ootb.CDR.msisdn2"",""operator"":""equals"",""value"":""0549112233""},""type"":""filter""},{""parameters"":{""name"":""ifc.ootb.CDR.startTime"",""operator"":""is"",""value"":""2024-04-20""},""type"":""filter""},{""parameters"":{""name"":""ifc.ootb.CDR.type"",""operator"":""equals"",""value"":""Voice""},""type"":""filter""},{""parameters"":{""relationTargetType"":[""Phone""],""relationType"":[""relation_Caller""]},""statements"":[{""parameters"":{""name"":""ifc.ootb.Participant.tlidDominantLanguage"",""operator"":""equals"",""value"":""Hebrew""},""type"":""filter""}],""type"":""relation""}]}",CDR,"[""CDR"", ""Phone""]","[""Phone""]",True,False,4,"[""ifc.ootb.CDR.msisdn2"", ""ifc.ootb.CDR.startTime"", ""ifc.ootb.CDR.type"", ""ifc.ootb.Participant.tlidDominantLanguage""]","[""equals"", ""is""]"
580,Show me all visa applications with 'rejected' status in the last 14 days,show me all visa applications with 'rejected' status in the last 14 days,show me all visa applications with <quoted> status in the last <number> days,"{""entityType"":""EVisa Request"",""statements"":[{""parameters"":{""name"":""ifc.EVisaRequest.demandDate"",""operator"":""relative"",""value"":{""count"":14,""mode"":""previous"",""time_res"":""day""}},""type"":""filter""},{""parameters"":{""name"":""ifc.EVisaRequest.state"",""operator"":""equals"",""value"":""rejected""},""type"":""filter""}]}",EVisa Request,"[""EVisa Request""]",[],False,False,2,"[""ifc.EVisaRequest.demandDate"", ""ifc.EVisaRequest.state""]","[""equals"", ""relative""]"
583,List high priority investigations created last week,list high priority investigations created last week,list high priority investigations created last week,"{""entityType"":""Investigation"",""statements"":[{""parameters"":{""name"":""ifc.core.createtime"",""operator"":""relative"",""value"":{""count"":1,""mode"":""previous"",""time_res"":""week""}},""type"":""filter""},{""parameters"":{""name"":""ifc.core.priority"",""operator"":""equals"",""value"":""High""},""type"":""filter""}]}",Investigation,"[""Investigation""]",[],False,False,2,"[""ifc.core.createtime"", ""ifc.core.priority""]","[""equals"", ""relative""]"
584,List SMS messages about 'meeting canceled' sent on 12 March 2024.,list sms messages about 'meeting canceled' sent on 12 march 2024.,list sms messages about <quoted> sent on <number> march <number>.,"{""entityType"":""CDR"",""statements"":[{""parameters"":{""name"":""ifc.ootb.CDR.smsText"",""operator"":""contains"",""value"":""meeting canceled""},""type"":""filter""},{""parameters"":{""name"":""ifc.ootb.CDR.startTime"",""operator"":""is"",""value"":""2024-03-12""},""type"":""filter""},{""parameters"":{""name"":""ifc.ootb.CDR.type"",""operator"":""equals"",""value"":""Text""},""type"":""filter""}]}",CDR,"[""CDR""]",[],False,False,3,"[""ifc.ootb.CDR.smsText"", ""ifc.ootb.CDR.startTime"", ""ifc.ootb.CDR.type""]","[""contains"", ""equals"", ""is""]"
585,Find reports that contain the word 'draft',find reports that contain the word 'draft',find reports that contain the word <quoted>,"{""entityType"":""Report"",""statements"":[{""parameters"":{""name"":""text"",""operator"":""contains"",""value"":""draft""},""type"":""filter""}]}",Report,"[""Report""]",[],False,False,1,"[""text""]","[""contains""]"
586,Identify individuals who are either 'teachers' or 'engineers' by occupation,identify individuals who are either 'teachers' or 'engineers' by occupation,identify individuals who are either <quoted> or <quoted> by occupation,"{""entityType"":""Person"",""statements"":[{""parameters"":{""operatorValue"":""OR""},""statements"":[{""parameters"":{""name"":""ifc.Person.occupation"",""operator"":""equals"",""value"":""teacher""},""type"":""filter""},{""parameters"":{""name"":""ifc.Person.occupation"",""operator"":""equals"",""value"":""engineer""},""type"":""filter""}],""type"":""operator""}]}",Person,"[""Person""]",[],False,True,2,"[""ifc.Person.occupation""]","[""equals""]"
588,Retrieve all emails with attachments sent from john@company.com since 1 March 2024.,retrieve all emails with attachments sent from john@company.com since 1 march 2024.,retrieve all emails with attachments sent from <email> since <number> march <number>.,"{""entityType"":""CDR"",""statements"":[{""parameters"":{""name"":""ifc.ootb.CDR.isAttachment"",""operator"":""equals"",""value"":true},""type"":""filter""},{""parameters"":{""name"":""ifc.ootb.CDR.originatorEmailAddress"",""operator"":""equals"",""value"":""john@company.com""},""type"":""filter""},{""parameters"":{""name"":""ifc.ootb.CDR.startTime"",""operator"":""after"",""value"":""2024-03-01""},""type"":""filter""},{""parameters"":{""name"":""ifc.ootb.CDR.type"",""operator"":""equals"",""value"":""Email""},""type"":""filter""}]}",CDR,"[""CDR""]",[],False,False,4,"[""ifc.ootb.CDR.isAttachment"", ""ifc.ootb.CDR.originatorEmailAddress"", ""ifc.ootb.CDR.startTime"", ""ifc.ootb.CDR.type""]","[""after"", ""equals""]"
590,Which actors with a .edu email address have posted about 'graduation'?,which actors with a .edu email address have posted about 'graduation'?,which actors with a .edu email address have posted about <quoted>?,"{""entityType"":""Web Actor"",""statements"":[{""parameters"":{""name"":""ifc.ootb.WebActor.leadingEmail"",""operator"":""contains"",""value"":"".edu""},""type"":""filter""},{""parameters"":{""relationTargetType"":[""Web Activity""],""relationType"":[""relation_Writer""]},""statements"":[{""parameters"":{""name"":""ifc.ootb.WebActivity.text"",""operator"":""contains"",""value"":""graduation""},""type"":""filter""}],""type"":""relation""}]}",Web Actor,"[""Web Activity"", ""Web Actor""]","[""Web Activity""]",True,False,2,"[""ifc.ootb.WebActivity.text"", ""ifc.ootb.WebActor.leadingEmail""]","[""contains""]"
592,Show reports created in q1 of 2024,show reports created in q1 of 2024,show reports created in q1 of <number>,"{""entityType"":""Report"",""statements"":[{""parameters"":{""name"":""ifc.core.createtime"",""operator"":""between"",""value"":[""2024-01-01"",""2024-03-31""]},""type"":""filter""}]}",Report,"[""Report""]",[],False,False,1,"[""ifc.core.createtime""]","[""between""]"
593,Find emails sent to info@company.com or support@business.co.il yesterday,find emails sent to info@company.com or support@business.co.il yesterday,find emails sent to <email> or <email> yesterday,"{""entityType"":""CDR"",""statements"":[{""parameters"":{""name"":""ifc.ootb.CDR.createDateTime"",""operator"":""relative"",""value"":{""count"":1,""mode"":""previous"",""time_res"":""day""}},""type"":""filter""},{""parameters"":{""name"":""ifc.ootb.CDR.type"",""operator"":""equals"",""value"":""Email""},""type"":""filter""},{""parameters"":{""operatorValue"":""OR""},""statements"":[{""parameters"":{""name"":""ifc.ootb.CDR.destinationEmailAddress"",""operator"":""equals"",""value"":""info@company.com""},""type"":""filter""},{""parameters"":{""name"":""ifc.ootb.CDR.destinationEmailAddress"",""operator"":""equals"",""value"":""support@business.co.il""},""type"":""filter""}],""type"":""operator""}]}",CDR,"[""CDR""]",[],False,True,4,"[""ifc.ootb.CDR.createDateTime"", ""ifc.ootb.CDR.destinationEmailAddress"", ""ifc.ootb.CDR.type""]","[""equals"", ""relative""]"
595,Find Twitter profiles created on 1 March 2024 with 'London' in their homepage URL,find twitter profiles created on 1 march 2024 with 'london' in their homepage url,find twitter profiles created on <number> march <number> with <quoted> in their homepage url,"{""entityType"":""Web Actor"",""statements"":[{""parameters"":{""name"":""ifc.ootb.Orbis.platform"",""operator"":""equals"",""value"":""twitter""},""type"":""filter""},{""parameters"":{""name"":""ifc.ootb.Orbis.publishDate"",""operator"":""is"",""value"":""2024-03-01""},""type"":""filter""},{""parameters"":{""name"":""ifc.ootb.WebActor.homepage"",""operator"":""contains"",""value"":""London""},""type"":""filter""}]}",Web Actor,"[""Web Actor""]",[],False,False,3,"[""ifc.ootb.Orbis.platform"", ""ifc.ootb.Orbis.publishDate"", ""ifc.ootb.WebActor.homepage""]","[""contains"", ""equals"", ""is""]"
596,Display investigations that either have a regular priority or were due last month,display investigations that either have a regular priority or were due last month,display investigations that either have a regular priority or were due last month,"{""entityType"":""Investigation"",""statements"":[{""parameters"":{""operatorValue"":""OR""},""statements"":[{""parameters"":{""name"":""ifc.core.priority"",""operator"":""equals"",""value"":""Regular""},""type"":""filter""},{""parameters"":{""name"":""ifc.core.dueTime"",""operator"":""relative"",""value"":{""count"":1,""mode"":""previous"",""time_res"":""month""}},""type"":""filter""}],""type"":""operator""}]}",Investigation,"[""Investigation""]",[],False,True,2,"[""ifc.core.dueTime"", ""ifc.core.priority""]","[""equals"", ""relative""]"
598,Show me all emails with attachments sent to bob@company.com today,show me all emails with attachments sent to bob@company.com today,show me all emails with attachments sent to <email> today,"{""entityType"":""CDR"",""statements"":[{""parameters"":{""name"":""ifc.ootb.CDR.createDateTime"",""operator"":""relative"",""value"":{""count"":1,""mode"":""current"",""time_res"":""day""}},""type"":""filter""},{""parameters"":{""name"":""ifc.ootb.CDR.destinationEmailAddress"",""operator"":""equals"",""value"":""bob@company.com""},""type"":""filter""},{""parameters"":{""name"":""ifc.ootb.CDR.isAttachment"",""operator"":""equals"",""value"":true},""type"":""filter""},{""parameters"":{""name"":""ifc.ootb.CDR.type"",""operator"":""equals"",""value"":""Email""},""type"":""filter""}]}",CDR,"[""CDR""]",[],False,False,4,"[""ifc.ootb.CDR.createDateTime"", ""ifc.ootb.CDR.destinationEmailAddress"", ""ifc.ootb.CDR.isAttachment"", ""ifc.ootb.CDR.type""]","[""equals"", ""relative""]"
599,Find reports with 'data breach' in the text,find reports with 'data breach' in the text,find reports with <quoted> in the text,"{""entityType"":""Report"",""statements"":[{""parameters"":{""name"":""text"",""operator"":""contains"",""value"":""data breach""},""type"":""filter""}]}",Report,"[""Report""]",[],False,False,1,"[""text""]","[""contains""]"
601,"Show me any insights discussing the surveillance footage from March 20-22, 2024.","show me any insights discussing the surveillance footage from march 20-22, 2024.","show me any insights discussing the surveillance footage from march <number>-<number>, <number>.","{""entityType"":""Insight"",""statements"":[{""parameters"":{""name"":""ifc.core.createtime"",""operator"":""between"",""value"":[""2024-03-20"",""2024-03-22""]},""type"":""filter""},{""parameters"":{""name"":""text"",""operator"":""contains"",""value"":""surveillance footage""},""type"":""filter""}]}",Insight,"[""Insight""]",[],False,False,2,"[""ifc.core.createtime"", ""text""]","[""between"", ""contains""]"
602,Show me Facebook accounts with 500 friends that have 'university' in their educational institution,show me facebook accounts with 500 friends that have 'university' in their educational institution,show me facebook accounts with <number> friends that have <quoted> in their educational institution,"{""entityType"":""Web Actor"",""statements"":[{""parameters"":{""name"":""ifc.ootb.Orbis.platform"",""operator"":""equals"",""value"":""facebook""},""type"":""filter""},{""parameters"":{""name"":""ifc.ootb.WebActor.educationalInstitution"",""operator"":""contains"",""value"":""university""},""type"":""filter""},{""parameters"":{""name"":""ifc.ootb.WebActor.numberOfFriends"",""operator"":""equals"",""value"":500},""type"":""filter""}]}",Web Actor,"[""Web Actor""]",[],False,False,3,"[""ifc.ootb.Orbis.platform"", ""ifc.ootb.WebActor.educationalInstitution"", ""ifc.ootb.WebActor.numberOfFriends""]","[""contains"", ""equals""]"
604,Show me all classified communications in the past 30 days,show me all classified communications in the past 30 days,show me all classified communications in the past <number> days,"{""entityType"":""CDR"",""statements"":[{""parameters"":{""name"":""ifc.CDR.isClassified"",""operator"":""equals"",""value"":true},""type"":""filter""},{""parameters"":{""name"":""ifc.ootb.CDR.startTime"",""operator"":""relative"",""value"":{""count"":30,""mode"":""previous"",""time_res"":""day""}},""type"":""filter""}]}",CDR,"[""CDR""]",[],False,False,2,"[""ifc.CDR.isClassified"", ""ifc.ootb.CDR.startTime""]","[""equals"", ""relative""]"
605,Present all Reddit comments made by accounts who have 'gaming' listed as a hobby.,present all reddit comments made by accounts who have 'gaming' listed as a hobby.,present all reddit comments made by accounts who have <quoted> listed as a hobby.,"{""entityType"":""Web Activity"",""statements"":[{""parameters"":{""name"":""ifc.ootb.Orbis.platform"",""operator"":""equals"",""value"":""reddit""},""type"":""filter""},{""parameters"":{""relationTargetType"":[""Web Actor""],""relationType"":[""relation_Writer""]},""statements"":[{""parameters"":{""name"":""ifc.ootb.WebActor.about"",""operator"":""contains"",""value"":""gaming""},""type"":""filter""}],""type"":""relation""}]}",Web Activity,"[""Web Activity"", ""Web Actor""]","[""Web Actor""]",True,False,2,"[""ifc.ootb.Orbis.platform"", ""ifc.ootb.WebActor.about""]","[""contains"", ""equals""]"
606,List investigations related to illegal gambling opened in may 2024,list investigations related to illegal gambling opened in may 2024,list investigations related to illegal gambling opened in may <number>,"{""entityType"":""Investigation"",""statements"":[{""parameters"":{""name"":""ifc.core.createtime"",""operator"":""between"",""value"":[""2024-05-01"",""2024-05-31""]},""type"":""filter""},{""parameters"":{""name"":""ifc.core.description"",""operator"":""contains"",""value"":""illegal gambling""},""type"":""filter""}]}",Investigation,"[""Investigation""]",[],False,False,2,"[""ifc.core.createtime"", ""ifc.core.description""]","[""between"", ""contains""]"
607,What are the insights on the witness protection program from the last month?,what are the insights on the witness protection program from the last month?,what are the insights on the witness protection program from the last month?,"{""entityType"":""Insight"",""statements"":[{""parameters"":{""name"":""ifc.core.createtime"",""operator"":""relative"",""value"":{""count"":1,""mode"":""previous"",""time_res"":""month""}},""type"":""filter""},{""parameters"":{""name"":""text"",""operator"":""contains"",""value"":""witness protection program""},""type"":""filter""}]}",Insight,"[""Insight""]",[],False,False,2,"[""ifc.core.createtime"", ""text""]","[""contains"", ""relative""]"
609,"Show me Instagram profiles published after March 1, 2024.","show me instagram profiles published after march 1, 2024.","show me instagram profiles published after march <number>, <number>.","{""entityType"":""Web Actor"",""statements"":[{""parameters"":{""name"":""ifc.ootb.Orbis.platform"",""operator"":""equals"",""value"":""instagram""},""type"":""filter""},{""parameters"":{""name"":""ifc.ootb.Orbis.publishDate"",""operator"":""after"",""value"":""2024-03-01""},""type"":""filter""}]}",Web Actor,"[""Web Actor""]",[],False,False,2,"[""ifc.ootb.Orbis.platform"", ""ifc.ootb.Orbis.publishDate""]","[""after"", ""equals""]"
611,Show me sms sent from target phones to  0501234567,show me sms sent from target phones to 0501234567,show me sms sent from target phones to <phone>,"{""entityType"":""CDR"",""statements"":[{""parameters"":{""name"":""ifc.ootb.CDR.msisdn2"",""operator"":""equals"",""value"":""0501234567""},""type"":""filter""},{""parameters"":{""name"":""ifc.ootb.CDR.type"",""operator"":""equals"",""value"":""Text""},""type"":""filter""},{""parameters"":{""relationTargetType"":[""Phone""],""relationType"":[""relation_Caller""]},""statements"":[{""parameters"":{""name"":""ifc.ootb.Participant.isTarget"",""operator"":""equals"",""value"":true},""type"":""filter""}],""type"":""relation""}]}",CDR,"[""CDR"", ""Phone""]","[""Phone""]",True,False,3,"[""ifc.ootb.CDR.msisdn2"", ""ifc.ootb.CDR.type"", ""ifc.ootb.Participant.isTarget""]","[""equals""]"
613,Get records of calls from 0549876543 or to 0558765432 that lasted  5 minutes,get records of calls from 0549876543 or to 0558765432 that lasted 5 minutes,get records of calls from <phone> or to <phone> that lasted <number> minutes,"{""entityType"":""CDR"",""statements"":[{""parameters"":{""name"":""ifc.ootb.CDR.duration"",""operator"":""equals"",""value"":5},""type"":""filter""},{""parameters"":{""name"":""ifc.ootb.CDR.type"",""operator"":""equals"",""value"":""Voice""},""type"":""filter""},{""parameters"":{""operatorValue"":""OR""},""statements"":[{""parameters"":{""name"":""ifc.ootb.CDR.msisdn"",""operator"":""equals"",""value"":""0549876543""},""type"":""filter""},{""parameters"":{""name"":""ifc.ootb.CDR.msisdn2"",""operator"":""equals"",""value"":""0558765432""},""type"":""filter""}],""type"":""operator""}]}",CDR,"[""CDR""]",[],False,True,4,"[""ifc.ootb.CDR.duration"", ""ifc.ootb.CDR.msisdn"", ""ifc.ootb.CDR.msisdn2"", ""ifc.ootb.CDR.type""]","[""equals""]"
614,List the phones that were last active on 15 March 2024,list the phones that were last active on 15 march 2024,list the phones that were last active on <number> march <number>,"{""entityType"":""Phone"",""statements"":[{""parameters"":{""name"":""ifc.ootb.Participant.lastActiveDate"",""operator"":""is"",""value"":""2024-03-15""},""type"":""filter""}]}",Phone,"[""Phone""]",[],False,False,1,"[""ifc.ootb.Participant.lastActiveDate""]","[""is""]"
615,Show me all LinkedIn posts published in the past 2 weeks written in German,show me all linkedin posts published in the past 2 weeks written in german,show me all linkedin posts published in the past <number> weeks written in german,"{""entityType"":""Web Activity"",""statements"":[{""parameters"":{""name"":""ifc.ootb.Orbis.platform"",""operator"":""equals"",""value"":""linkedin""},""type"":""filter""},{""parameters"":{""name"":""ifc.ootb.Orbis.publishDate"",""operator"":""relative"",""value"":{""count"":2,""mode"":""previous"",""time_res"":""week""}},""type"":""filter""},{""parameters"":{""name"":""ifc.ootb.WebActivity.mainLanguage"",""operator"":""equals"",""value"":""german""},""type"":""filter""}]}",Web Activity,"[""Web Activity""]",[],False,False,3,"[""ifc.ootb.Orbis.platform"", ""ifc.ootb.Orbis.publishDate"", ""ifc.ootb.WebActivity.mainLanguage""]","[""equals"", ""relative""]"
616,What 4G calls from phones with Arabic settings to 0549876543 happened yesterday?,what 4g calls from phones with arabic settings to 0549876543 happened yesterday?,what 4g calls from phones with arabic settings to <phone> happened yesterday?,"{""entityType"":""CDR"",""statements"":[{""parameters"":{""name"":""ifc.ootb.CDR.msisdn2"",""operator"":""equals"",""value"":""0549876543""},""type"":""filter""},{""parameters"":{""name"":""ifc.ootb.CDR.startTime"",""operator"":""relative"",""value"":{""count"":1,""mode"":""previous"",""time_res"":""day""}},""type"":""filter""},{""parameters"":{""name"":""ifc.ootb.CDR.technology"",""operator"":""equals"",""value"":""4G""},""type"":""filter""},{""parameters"":{""name"":""ifc.ootb.CDR.type"",""operator"":""equals"",""value"":""Voice""},""type"":""filter""},{""parameters"":{""relationTargetType"":[""Phone""],""relationType"":[""relation_Caller""]},""statements"":[{""parameters"":{""name"":""ifc.ootb.Participant.tlidDominantLanguage"",""operator"":""equals"",""value"":""Arabic""},""type"":""filter""}],""type"":""relation""}]}",CDR,"[""CDR"", ""Phone""]","[""Phone""]",True,False,5,"[""ifc.ootb.CDR.msisdn2"", ""ifc.ootb.CDR.startTime"", ""ifc.ootb.CDR.technology"", ""ifc.ootb.CDR.type"", ""ifc.ootb.Participant.tlidDominantLanguage""]","[""equals"", ""relative""]"
617,List all males with a passport number 53627789,list all males with a passport number 53627789,list all males with a passport number <phone>,"{""entityType"":""Person"",""statements"":[{""parameters"":{""name"":""ifc.Person.gender"",""operator"":""equals"",""value"":""Male""},""type"":""filter""},{""parameters"":{""name"":""ifc.Person.passport"",""operator"":""equals"",""value"":""53627789""},""type"":""filter""}]}",Person,"[""Person""]",[],False,False,2,"[""ifc.Person.gender"", ""ifc.Person.passport""]","[""equals""]"
618,Are there any insights that contain 'DNA evidence' or 'fingerprint match' in the content?,are there any insights that contain 'dna evidence' or 'fingerprint match' in the content?,are there any insights that contain <quoted> or <quoted> in the content?,"{""entityType"":""Insight"",""statements"":[{""parameters"":{""operatorValue"":""OR""},""statements"":[{""parameters"":{""name"":""text"",""operator"":""contains"",""value"":""DNA evidence""},""type"":""filter""},{""parameters"":{""name"":""text"",""operator"":""contains"",""value"":""fingerprint match""},""type"":""filter""}],""type"":""operator""}]}",Insight,"[""Insight""]",[],False,True,2,"[""text""]","[""contains""]"
620,What reports were generated in the past 2 weeks?,what reports were generated in the past 2 weeks?,what reports were generated in the past <number> weeks?,"{""entityType"":""Report"",""statements"":[{""parameters"":{""name"":""ifc.core.createtime"",""operator"":""relative"",""value"":{""count"":2,""mode"":""previous"",""time_res"":""week""}},""type"":""filter""}]}",Report,"[""Report""]",[],False,False,1,"[""ifc.core.createtime""]","[""relative""]"
621,Find emails with subject 'Invoice' sent from phones first active in 2022 to jsmith@company.com.,find emails with subject 'invoice' sent from phones first active in 2022 to jsmith@company.com.,find emails with subject <quoted> sent from phones first active in <number> to <email>.,"{""entityType"":""CDR"",""statements"":[{""parameters"":{""name"":""ifc.CDR.emailSubject"",""operator"":""contains"",""value"":""Invoice""},""type"":""filter""},{""parameters"":{""name"":""ifc.ootb.CDR.destinationEmailAddress"",""operator"":""equals"",""value"":""jsmith@company.com""},""type"":""filter""},{""parameters"":{""name"":""ifc.ootb.CDR.type"",""operator"":""equals"",""value"":""Email""},""type"":""filter""},{""parameters"":{""relationTargetType"":[""Phone""],""relationType"":[""relation_Caller""]},""statements"":[{""parameters"":{""name"":""ifc.ootb.Participant.firstActiveDate"",""operator"":""between"",""value"":[""2022-01-01"",""2022-12-31""]},""type"":""filter""}],""type"":""relation""}]}",CDR,"[""CDR"", ""Phone""]","[""Phone""]",True,False,4,"[""ifc.CDR.emailSubject"", ""ifc.ootb.CDR.destinationEmailAddress"", ""ifc.ootb.CDR.type"", ""ifc.ootb.Participant.firstActiveDate""]","[""between"", ""contains"", ""equals""]"
622,What are the Instagram profiles of people named John Smith?,what are the instagram profiles of people named john smith?,what are the instagram profiles of people named john smith?,"{""entityType"":""Web Actor"",""statements"":[{""parameters"":{""name"":""ifc.ootb.Orbis.platform"",""operator"":""equals"",""value"":""instagram""},""type"":""filter""},{""parameters"":{""name"":""ifc.ootb.WebActor.firstName"",""operator"":""equals"",""value"":""John""},""type"":""filter""},{""parameters"":{""name"":""ifc.ootb.WebActor.lastName"",""operator"":""equals"",""value"":""Smith""},""type"":""filter""}]}",Web Actor,"[""Web Actor""]",[],False,False,3,"[""ifc.ootb.Orbis.platform"", ""ifc.ootb.WebActor.firstName"", ""ifc.ootb.WebActor.lastName""]","[""equals""]"
623,calls of  0546222288,calls of 0546222288,calls of <phone>,"{""entityType"":""CDR"",""statements"":[{""parameters"":{""name"":""ifc.ootb.CDR.type"",""operator"":""equals"",""value"":""Voice""},""type"":""filter""},{""parameters"":{""operatorValue"":""OR""},""statements"":[{""parameters"":{""name"":""ifc.ootb.CDR.msisdn"",""operator"":""equals"",""value"":""0546222288""},""type"":""filter""},{""parameters"":{""name"":""ifc.ootb.CDR.msisdn2"",""operator"":""equals"",""value"":""0546222288""},""type"":""filter""}],""type"":""operator""}]}",CDR,"[""CDR""]",[],False,True,3,"[""ifc.ootb.CDR.msisdn"", ""ifc.ootb.CDR.msisdn2"", ""ifc.ootb.CDR.type""]","[""equals""]"
624,Find all communications from 192.168.0.1 on 15 March 2024.,find all communications from 192.168.0.1 on 15 march 2024.,find all communications from <phone> on <number> march <number>.,"{""entityType"":""CDR"",""statements"":[{""parameters"":{""name"":""ifc.ootb.CDR.ipAddress"",""operator"":""equals"",""value"":""192.168.0.1""},""type"":""filter""},{""parameters"":{""name"":""ifc.ootb.CDR.startTime"",""operator"":""is"",""value"":""2024-03-15""},""type"":""filter""}]}",CDR,"[""CDR""]",[],False,False,2,"[""ifc.ootb.CDR.ipAddress"", ""ifc.ootb.CDR.startTime""]","[""equals"", ""is""]"
626,Show me all phones that primarily use French,show me all phones that primarily use french,show me all phones that primarily use french,"{""entityType"":""Phone"",""statements"":[{""parameters"":{""name"":""ifc.ootb.Participant.tlidDominantLanguage"",""operator"":""equals"",""value"":""French""},""type"":""filter""}]}",Phone,"[""Phone""]",[],False,False,1,"[""ifc.ootb.Participant.tlidDominantLanguage""]","[""equals""]"
627,Show me all people born on 1 January 2000,show me all people born on 1 january 2000,show me all people born on <number> january <number>,"{""entityType"":""Person"",""statements"":[{""parameters"":{""name"":""ifc.Person.birthDate"",""operator"":""is"",""value"":""2000-01-01""},""type"":""filter""}]}",Person,"[""Person""]",[],False,False,1,"[""ifc.Person.birthDate""]","[""is""]"
629,Show me reports created in the first week of March 2024,show me reports created in the first week of march 2024,show me reports created in the first week of march <number>,"{""entityType"":""Report"",""statements"":[{""parameters"":{""name"":""ifc.core.createtime"",""operator"":""between"",""value"":[""2024-03-01"",""2024-03-07""]},""type"":""filter""}]}",Report,"[""Report""]",[],False,False,1,"[""ifc.core.createtime""]","[""between""]"
631,Retrieve CDRs with IP 172.16.0.10 or 10.0.0.5 or sent to manager@firm.co.il past week,retrieve cdrs with ip 172.16.0.10 or 10.0.0.5 or sent to manager@firm.co.il past week,retrieve cdrs with ip <phone> or <phone> or sent to <email> past week,"{""entityType"":""CDR"",""statements"":[{""parameters"":{""name"":""ifc.ootb.CDR.createDateTime"",""operator"":""relative"",""value"":{""count"":1,""mode"":""previous"",""time_res"":""week""}},""type"":""filter""},{""parameters"":{""operatorValue"":""OR""},""statements"":[{""parameters"":{""name"":""ifc.ootb.CDR.ipAddress"",""operator"":""equals"",""value"":""172.16.0.10""},""type"":""filter""},{""parameters"":{""name"":""ifc.ootb.CDR.ipAddress"",""operator"":""equals"",""value"":""10.0.0.5""},""type"":""filter""},{""parameters"":{""name"":""ifc.ootb.CDR.ipAddress2"",""operator"":""equals"",""value"":""172.16.0.10""},""type"":""filter""},{""parameters"":{""name"":""ifc.ootb.CDR.ipAddress2"",""operator"":""equals"",""value"":""10.0.0.5""},""type"":""filter""},{""parameters"":{""name"":""ifc.ootb.CDR.destinationEmailAddress"",""operator"":""equals"",""value"":""manager@firm.co.il""},""type"":""filter""}],""type"":""operator""}]}",CDR,"[""CDR""]",[],False,True,6,"[""ifc.ootb.CDR.createDateTime"", ""ifc.ootb.CDR.destinationEmailAddress"", ""ifc.ootb.CDR.ipAddress"", ""ifc.ootb.CDR.ipAddress2""]","[""equals"", ""relative""]"
632,What reports were generated in the previous month?,what reports were generated in the previous month?,what reports were generated in the previous month?,"{""entityType"":""Report"",""statements"":[{""parameters"":{""name"":""ifc.core.createtime"",""operator"":""relative"",""value"":{""count"":1,""mode"":""previous"",""time_res"":""month""}},""type"":""filter""}]}",Report,"[""Report""]",[],False,False,1,"[""ifc.core.createtime""]","[""relative""]"
633,Show me posts about 'travel' written by actors born between 1980 and 1990.,show me posts about 'travel' written by actors born between 1980 and 1990.,show me posts about <quoted> written by actors born between <number> and <number>.,"{""entityType"":""Web Activity"",""statements"":[{""parameters"":{""name"":""ifc.ootb.WebActivity.text"",""operator"":""similar_to"",""value"":""travel""},""type"":""filter""},{""parameters"":{""relationTargetType"":[""Web Actor""],""relationType"":[""relation_Writer""]},""statements"":[{""parameters"":{""name"":""ifc.ootb.WebActor.birthDate"",""operator"":""between"",""value"":[""1980-01-01"",""1990-12-31""]},""type"":""filter""}],""type"":""relation""}]}",Web Activity,"[""Web Activity"", ""Web Actor""]","[""Web Actor""]",True,False,2,"[""ifc.ootb.WebActivity.text"", ""ifc.ootb.WebActor.birthDate""]","[""between"", ""similar_to""]"
634,Find insights discussing nuclear bombs,find insights discussing nuclear bombs,find insights discussing nuclear bombs,"{""entityType"":""Insight"",""statements"":[{""parameters"":{""name"":""text"",""operator"":""contains"",""value"":""nuclear bombs""},""type"":""filter""}]}",Insight,"[""Insight""]",[],False,False,1,"[""text""]","[""contains""]"
635,What emails discussing 'project budget' were sent from ariel042cohen@gmail.com to dani@gmail.com last month?,what emails discussing 'project budget' were sent from ariel042cohen@gmail.com to dani@gmail.com last month?,what emails discussing <quoted> were sent from <email> to <email> last month?,"{""entityType"":""CDR"",""statements"":[{""parameters"":{""name"":""ifc.CDR.emailSubject"",""operator"":""contains"",""value"":""project budget""},""type"":""filter""},{""parameters"":{""name"":""ifc.ootb.CDR.destinationEmailAddress"",""operator"":""equals"",""value"":""dani@gmail.com""},""type"":""filter""},{""parameters"":{""name"":""ifc.ootb.CDR.originatorEmailAddress"",""operator"":""equals"",""value"":""ariel042cohen@gmail.com""},""type"":""filter""},{""parameters"":{""name"":""ifc.ootb.CDR.startTime"",""operator"":""relative"",""value"":{""count"":1,""mode"":""previous"",""time_res"":""month""}},""type"":""filter""},{""parameters"":{""name"":""ifc.ootb.CDR.type"",""operator"":""equals"",""value"":""Email""},""type"":""filter""}]}",CDR,"[""CDR""]",[],False,False,5,"[""ifc.CDR.emailSubject"", ""ifc.ootb.CDR.destinationEmailAddress"", ""ifc.ootb.CDR.originatorEmailAddress"", ""ifc.ootb.CDR.startTime"", ""ifc.ootb.CDR.type""]","[""contains"", ""equals"", ""relative""]"
637,What calls using 4G were made from 0543037210?,what calls using 4g were made from 0543037210?,what calls using 4g were made from <phone>?,"{""entityType"":""CDR"",""statements"":[{""parameters"":{""name"":""ifc.ootb.CDR.msisdn"",""operator"":""equals"",""value"":""0543037210""},""type"":""filter""},{""parameters"":{""name"":""ifc.ootb.CDR.technology"",""operator"":""equals"",""value"":""4G""},""type"":""filter""},{""parameters"":{""name"":""ifc.ootb.CDR.type"",""operator"":""equals"",""value"":""Voice""},""type"":""filter""}]}",CDR,"[""CDR""]",[],False,False,3,"[""ifc.ootb.CDR.msisdn"", ""ifc.ootb.CDR.technology"", ""ifc.ootb.CDR.type""]","[""equals""]"
638,"List Instagram profiles created on 15 February 2024 with 10,000 followers.","list instagram profiles created on 15 february 2024 with 10,000 followers.","list instagram profiles created on <number> february <number> with <number>,<number> followers.","{""entityType"":""Web Actor"",""statements"":[{""parameters"":{""name"":""ifc.ootb.Orbis.platform"",""operator"":""equals"",""value"":""instagram""},""type"":""filter""},{""parameters"":{""name"":""ifc.ootb.Orbis.publishDate"",""operator"":""is"",""value"":""2024-02-15""},""type"":""filter""},{""parameters"":{""name"":""ifc.ootb.WebActor.numberOfFollowers"",""operator"":""equals"",""value"":10000},""type"":""filter""}]}",Web Actor,"[""Web Actor""]",[],False,False,3,"[""ifc.ootb.Orbis.platform"", ""ifc.ootb.Orbis.publishDate"", ""ifc.ootb.WebActor.numberOfFollowers""]","[""equals"", ""is""]"
639,Find calls over WiFi made by IMEI 490154203237518 in the previous 2 weeks,find calls over wifi made by imei 490154203237518 in the previous 2 weeks,find calls over wifi made by imei <phone> in the previous <number> weeks,"{""entityType"":""CDR"",""statements"":[{""parameters"":{""name"":""ifc.ootb.CDR.imei"",""operator"":""equals"",""value"":""490154203237518""},""type"":""filter""},{""parameters"":{""name"":""ifc.ootb.CDR.startTime"",""operator"":""relative"",""value"":{""count"":2,""mode"":""previous"",""time_res"":""week""}},""type"":""filter""},{""parameters"":{""name"":""ifc.ootb.CDR.technology"",""operator"":""equals"",""value"":""WiFi""},""type"":""filter""},{""parameters"":{""name"":""ifc.ootb.CDR.type"",""operator"":""equals"",""value"":""Voice""},""type"":""filter""}]}",CDR,"[""CDR""]",[],False,False,4,"[""ifc.ootb.CDR.imei"", ""ifc.ootb.CDR.startTime"", ""ifc.ootb.CDR.technology"", ""ifc.ootb.CDR.type""]","[""equals"", ""relative""]"
640,Show me emails sent from phones that are used by hebrew speakers,show me emails sent from phones that are used by hebrew speakers,show me emails sent from phones that are used by hebrew speakers,"{""entityType"":""CDR"",""statements"":[{""parameters"":{""name"":""ifc.ootb.CDR.type"",""operator"":""equals"",""value"":""Email""},""type"":""filter""},{""parameters"":{""relationTargetType"":[""Phone""],""relationType"":[""relation_Caller""]},""statements"":[{""parameters"":{""name"":""ifc.ootb.Participant.tlidDominantLanguage"",""operator"":""equals"",""value"":""Hebrew""},""type"":""filter""}],""type"":""relation""}]}",CDR,"[""CDR"", ""Phone""]","[""Phone""]",True,False,2,"[""ifc.ootb.CDR.type"", ""ifc.ootb.Participant.tlidDominantLanguage""]","[""equals""]"
643,Show emails to dani@gmail.com that have PDF attachments.,show emails to dani@gmail.com that have pdf attachments.,show emails to <email> that have pdf attachments.,"{""entityType"":""CDR"",""statements"":[{""parameters"":{""name"":""ifc.ootb.CDR.destinationEmailAddress"",""operator"":""equals"",""value"":""dani@gmail.com""},""type"":""filter""},{""parameters"":{""name"":""ifc.ootb.CDR.isAttachment"",""operator"":""equals"",""value"":true},""type"":""filter""},{""parameters"":{""name"":""ifc.ootb.CDR.type"",""operator"":""equals"",""value"":""Email""},""type"":""filter""}]}",CDR,"[""CDR""]",[],False,False,3,"[""ifc.ootb.CDR.destinationEmailAddress"", ""ifc.ootb.CDR.isAttachment"", ""ifc.ootb.CDR.type""]","[""equals""]"
644,Which phones have the alias name 'John's work phone'?,which phones have the alias name 'john's work phone'?,which phones have the alias name <quoted>s work phone'?,"{""entityType"":""Phone"",""statements"":[{""parameters"":{""name"":""ifc.ootb.Participant.aliasName"",""operator"":""equals"",""value"":""John's work phone""},""type"":""filter""}]}",Phone,"[""Phone""]",[],False,False,1,"[""ifc.ootb.Participant.aliasName""]","[""equals""]"
645,Find reports containing information about 'social engineering',find reports containing information about 'social engineering',find reports containing information about <quoted>,"{""entityType"":""Report"",""statements"":[{""parameters"":{""name"":""text"",""operator"":""contains"",""value"":""social engineering""},""type"":""filter""}]}",Report,"[""Report""]",[],False,False,1,"[""text""]","[""contains""]"
648,List all Instagram posts from March 2024 that have a positive sentiment,list all instagram posts from march 2024 that have a positive sentiment,list all instagram posts from march <number> that have a positive sentiment,"{""entityType"":""Web Activity"",""statements"":[{""parameters"":{""name"":""ifc.ootb.Orbis.platform"",""operator"":""equals"",""value"":""instagram""},""type"":""filter""},{""parameters"":{""name"":""ifc.ootb.Orbis.publishDate"",""operator"":""between"",""value"":[""2024-03-01"",""2024-03-31""]},""type"":""filter""},{""parameters"":{""name"":""ifc.ootb.WebActivity.sentiment"",""operator"":""equals"",""value"":""Positive""},""type"":""filter""}]}",Web Activity,"[""Web Activity""]",[],False,False,3,"[""ifc.ootb.Orbis.platform"", ""ifc.ootb.Orbis.publishDate"", ""ifc.ootb.WebActivity.sentiment""]","[""between"", ""equals""]"
649,List all phones with a dominant language of Arabic.,list all phones with a dominant language of arabic.,list all phones with a dominant language of arabic.,"{""entityType"":""Phone"",""statements"":[{""parameters"":{""name"":""ifc.ootb.Participant.tlidDominantLanguage"",""operator"":""equals"",""value"":""Arabic""},""type"":""filter""}]}",Phone,"[""Phone""]",[],False,False,1,"[""ifc.ootb.Participant.tlidDominantLanguage""]","[""equals""]"
652,Find all male web actors born before 1990.,find all male web actors born before 1990.,find all male web actors born before <number>.,"{""entityType"":""Web Actor"",""statements"":[{""parameters"":{""name"":""ifc.ootb.WebActor.birthDate"",""operator"":""before"",""value"":""1990-01-01""},""type"":""filter""},{""parameters"":{""name"":""ifc.ootb.WebActor.gender"",""operator"":""equals"",""value"":""Male""},""type"":""filter""}]}",Web Actor,"[""Web Actor""]",[],False,False,2,"[""ifc.ootb.WebActor.birthDate"", ""ifc.ootb.WebActor.gender""]","[""before"", ""equals""]"
653,Retrieve all communications in Arabic for case 'DELTA' in the past 48 hours.,retrieve all communications in arabic for case 'delta' in the past 48 hours.,retrieve all communications in arabic for case <quoted> in the past <number> hours.,"{""entityType"":""CDR"",""statements"":[{""parameters"":{""name"":""ifc.CDR.caseCode"",""operator"":""equals"",""value"":""DELTA""},""type"":""filter""},{""parameters"":{""name"":""ifc.ootb.CDR.mainLanguage"",""operator"":""equals"",""value"":""Arabic""},""type"":""filter""},{""parameters"":{""name"":""ifc.ootb.CDR.startTime"",""operator"":""relative"",""value"":{""count"":48,""mode"":""previous"",""time_res"":""hour""}},""type"":""filter""}]}",CDR,"[""CDR""]",[],False,False,3,"[""ifc.CDR.caseCode"", ""ifc.ootb.CDR.mainLanguage"", ""ifc.ootb.CDR.startTime""]","[""equals"", ""relative""]"
654,Show me all calls made using 4G technology to phone 0542164185 that is set on german  on 20 February 2023,show me all calls made using 4g technology to phone 0542164185 that is set on german on 20 february 2023,show me all calls made using 4g technology to phone <phone> that is set on german on <number> february <number>,"{""entityType"":""CDR"",""statements"":[{""parameters"":{""name"":""ifc.ootb.CDR.msisdn"",""operator"":""equals"",""value"":""0542164185""},""type"":""filter""},{""parameters"":{""name"":""ifc.ootb.CDR.startTime"",""operator"":""is"",""value"":""2023-02-20""},""type"":""filter""},{""parameters"":{""name"":""ifc.ootb.CDR.technology"",""operator"":""equals"",""value"":""4G""},""type"":""filter""},{""parameters"":{""name"":""ifc.ootb.CDR.type"",""operator"":""equals"",""value"":""Voice""},""type"":""filter""},{""parameters"":{""relationTargetType"":[""Phone""],""relationType"":[""relation_Callee""]},""statements"":[{""parameters"":{""name"":""ifc.ootb.Participant.tlidDominantLanguage"",""operator"":""equals"",""value"":""German""},""type"":""filter""}],""type"":""relation""}]}",CDR,"[""CDR"", ""Phone""]","[""Phone""]",True,False,5,"[""ifc.ootb.CDR.msisdn"", ""ifc.ootb.CDR.startTime"", ""ifc.ootb.CDR.technology"", ""ifc.ootb.CDR.type"", ""ifc.ootb.Participant.tlidDominantLanguage""]","[""equals"", ""is""]"
657,List all Females with a passport number not equal to 'QWE456',list all females with a passport number not equal to 'qwe456',list all females with a passport number not equal to <quoted>,"{""entityType"":""Person"",""statements"":[{""parameters"":{""name"":""ifc.Person.gender"",""operator"":""equals"",""value"":""Female""},""type"":""filter""},{""parameters"":{""name"":""ifc.Person.passport"",""operator"":""not_equal"",""value"":""QWE456""},""type"":""filter""}]}",Person,"[""Person""]",[],False,False,2,"[""ifc.Person.gender"", ""ifc.Person.passport""]","[""equals"", ""not_equal""]"
659,Identify profiles with dog lover in their profile who have shared videos related to 'pet adoption',identify profiles with dog lover in their profile who have shared videos related to 'pet adoption',identify profiles with dog lover in their profile who have shared videos related to <quoted>,"{""entityType"":""Web Actor"",""statements"":[{""parameters"":{""name"":""ifc.ootb.WebActor.about"",""operator"":""contains"",""value"":""dog lover""},""type"":""filter""},{""parameters"":{""relationTargetType"":[""Web Activity""],""relationType"":[""relation_Writer""]},""statements"":[{""parameters"":{""name"":""ifc.ootb.WebActivity.text"",""operator"":""similar_to"",""value"":""pet adoption""},""type"":""filter""}],""type"":""relation""}]}",Web Actor,"[""Web Activity"", ""Web Actor""]","[""Web Activity""]",True,False,2,"[""ifc.ootb.WebActivity.text"", ""ifc.ootb.WebActor.about""]","[""contains"", ""similar_to""]"
660,What medium priority investigations are currently open?,what medium priority investigations are currently open?,what medium priority investigations are currently open?,"{""entityType"":""Investigation"",""statements"":[{""parameters"":{""name"":""ifc.core.priority"",""operator"":""equals"",""value"":""Medium""},""type"":""filter""},{""parameters"":{""name"":""ifc.core.state"",""operator"":""equals"",""value"":""open""},""type"":""filter""}]}",Investigation,"[""Investigation""]",[],False,False,2,"[""ifc.core.priority"", ""ifc.core.state""]","[""equals""]"
661,Show me Facebook profiles with the first name Sarah that have 500 friends.,show me facebook profiles with the first name sarah that have 500 friends.,show me facebook profiles with the first name sarah that have <number> friends.,"{""entityType"":""Web Actor"",""statements"":[{""parameters"":{""name"":""ifc.ootb.Orbis.platform"",""operator"":""equals"",""value"":""facebook""},""type"":""filter""},{""parameters"":{""name"":""ifc.ootb.WebActor.firstName"",""operator"":""equals"",""value"":""Sarah""},""type"":""filter""},{""parameters"":{""name"":""ifc.ootb.WebActor.numberOfFriends"",""operator"":""equals"",""value"":500},""type"":""filter""}]}",Web Actor,"[""Web Actor""]",[],False,False,3,"[""ifc.ootb.Orbis.platform"", ""ifc.ootb.WebActor.firstName"", ""ifc.ootb.WebActor.numberOfFriends""]","[""equals""]"
662,Find any individuals with the occupation 'Teacher' and last name containing 'Lee',find any individuals with the occupation 'teacher' and last name containing 'lee',find any individuals with the occupation <quoted> and last name containing <quoted>,"{""entityType"":""Person"",""statements"":[{""parameters"":{""name"":""ifc.Person.lastName"",""operator"":""contains"",""value"":""Lee""},""type"":""filter""},{""parameters"":{""name"":""ifc.Person.occupation"",""operator"":""equals"",""value"":""Teacher""},""type"":""filter""}]}",Person,"[""Person""]",[],False,False,2,"[""ifc.Person.lastName"", ""ifc.Person.occupation""]","[""contains"", ""equals""]"
664,Find all posts published on 25 December 2023 that have the word 'christmas' in the title,find all posts published on 25 december 2023 that have the word 'christmas' in the title,find all posts published on <number> december <number> that have the word <quoted> in the title,"{""entityType"":""Web Activity"",""statements"":[{""parameters"":{""name"":""ifc.ootb.Orbis.publishDate"",""operator"":""is"",""value"":""2023-12-25""},""type"":""filter""},{""parameters"":{""name"":""ifc.ootb.WebActivity.title"",""operator"":""contains"",""value"":""christmas""},""type"":""filter""}]}",Web Activity,"[""Web Activity""]",[],False,False,2,"[""ifc.ootb.Orbis.publishDate"", ""ifc.ootb.WebActivity.title""]","[""contains"", ""is""]"
666,What are the details for the phone with object id 98765432109876?,what are the details for the phone with object id 98765432109876?,what are the details for the phone with object id <phone>?,"{""entityType"":""Phone"",""statements"":[{""parameters"":{""name"":""ifc.ootb.Phone.IMSI.objectID"",""operator"":""equals"",""value"":""98765432109876""},""type"":""filter""}]}",Phone,"[""Phone""]",[],False,False,1,"[""ifc.ootb.Phone.IMSI.objectID""]","[""equals""]"
667,Retrieve all Instagram posts from last month that tagged the username @johndoe,retrieve all instagram posts from last month that tagged the username @johndoe,retrieve all instagram posts from last month that tagged the username @johndoe,"{""entityType"":""Web Activity"",""statements"":[{""parameters"":{""name"":""ifc.ootb.Orbis.mentions"",""operator"":""contains"",""value"":""@johndoe""},""type"":""filter""},{""parameters"":{""name"":""ifc.ootb.Orbis.platform"",""operator"":""equals"",""value"":""instagram""},""type"":""filter""},{""parameters"":{""name"":""ifc.ootb.Orbis.publishDate"",""operator"":""relative"",""value"":{""count"":1,""mode"":""previous"",""time_res"":""month""}},""type"":""filter""}]}",Web Activity,"[""Web Activity""]",[],False,False,3,"[""ifc.ootb.Orbis.mentions"", ""ifc.ootb.Orbis.platform"", ""ifc.ootb.Orbis.publishDate""]","[""contains"", ""equals"", ""relative""]"
668,Find all text messages that werent sent to 0506519105 on 10 March 2024.,find all text messages that werent sent to 0506519105 on 10 march 2024.,find all text messages that werent sent to <phone> on <number> march <number>.,"{""entityType"":""CDR"",""statements"":[{""parameters"":{""name"":""ifc.ootb.CDR.msisdn2"",""operator"":""not_equal"",""value"":""0506519105""},""type"":""filter""},{""parameters"":{""name"":""ifc.ootb.CDR.startTime"",""operator"":""is"",""value"":""2024-03-10""},""type"":""filter""},{""parameters"":{""name"":""ifc.ootb.CDR.type"",""operator"":""equals"",""value"":""Text""},""type"":""filter""}]}",CDR,"[""CDR""]",[],False,False,3,"[""ifc.ootb.CDR.msisdn2"", ""ifc.ootb.CDR.startTime"", ""ifc.ootb.CDR.type""]","[""equals"", ""is"", ""not_equal""]"
669,What are the posts from actors with 'new york' mentioned in their homepage URL?,what are the posts from actors with 'new york' mentioned in their homepage url?,what are the posts from actors with <quoted> mentioned in their homepage url?,"{""entityType"":""Web Activity"",""statements"":[{""parameters"":{""relationTargetType"":[""Web Actor""],""relationType"":[""relation_Writer""]},""statements"":[{""parameters"":{""name"":""ifc.ootb.WebActor.homepage"",""operator"":""contains"",""value"":""new york""},""type"":""filter""}],""type"":""relation""}]}",Web Activity,"[""Web Activity"", ""Web Actor""]","[""Web Actor""]",True,False,1,"[""ifc.ootb.WebActor.homepage""]","[""contains""]"
670,Show me positive sentiment posts written by profiles with 'marketing' mentioned in their job title.,show me positive sentiment posts written by profiles with 'marketing' mentioned in their job title.,show me positive sentiment posts written by profiles with <quoted> mentioned in their job title.,"{""entityType"":""Web Activity"",""statements"":[{""parameters"":{""name"":""ifc.ootb.WebActivity.sentiment"",""operator"":""equals"",""value"":""Positive""},""type"":""filter""},{""parameters"":{""relationTargetType"":[""Web Actor""],""relationType"":[""relation_Writer""]},""statements"":[{""parameters"":{""name"":""ifc.ootb.WebActor.jobCompanyName"",""operator"":""contains"",""value"":""marketing""},""type"":""filter""}],""type"":""relation""}]}",Web Activity,"[""Web Activity"", ""Web Actor""]","[""Web Actor""]",True,False,2,"[""ifc.ootb.WebActivity.sentiment"", ""ifc.ootb.WebActor.jobCompanyName""]","[""contains"", ""equals""]"
672,Give me information about phones that were first active on 2023-05-01 or last active on 2024-02-28,give me information about phones that were first active on 2023-05-01 or last active on 2024-02-28,give me information about phones that were first active on <phone> or last active on <phone>,"{""entityType"":""Phone"",""statements"":[{""parameters"":{""operatorValue"":""OR""},""statements"":[{""parameters"":{""name"":""ifc.ootb.Participant.firstActiveDate"",""operator"":""is"",""value"":""2023-05-01""},""type"":""filter""},{""parameters"":{""name"":""ifc.ootb.Participant.lastActiveDate"",""operator"":""is"",""value"":""2024-02-28""},""type"":""filter""}],""type"":""operator""}]}",Phone,"[""Phone""]",[],False,True,2,"[""ifc.ootb.Participant.firstActiveDate"", ""ifc.ootb.Participant.lastActiveDate""]","[""is""]"
675,List investigations about 'human trafficking' created in the last 6 months,list investigations about 'human trafficking' created in the last 6 months,list investigations about <quoted> created in the last <number> months,"{""entityType"":""Investigation"",""statements"":[{""parameters"":{""name"":""ifc.core.createtime"",""operator"":""relative"",""value"":{""count"":6,""mode"":""previous"",""time_res"":""month""}},""type"":""filter""},{""parameters"":{""name"":""ifc.core.description"",""operator"":""contains"",""value"":""human trafficking""},""type"":""filter""}]}",Investigation,"[""Investigation""]",[],False,False,2,"[""ifc.core.createtime"", ""ifc.core.description""]","[""contains"", ""relative""]"
676,Which phones were active for the first time in the previous 3 days?,which phones were active for the first time in the previous 3 days?,which phones were active for the first time in the previous <number> days?,"{""entityType"":""Phone"",""statements"":[{""parameters"":{""name"":""ifc.ootb.Participant.firstActiveDate"",""operator"":""relative"",""value"":{""count"":3,""mode"":""previous"",""time_res"":""day""}},""type"":""filter""}]}",Phone,"[""Phone""]",[],False,False,1,"[""ifc.ootb.Participant.firstActiveDate""]","[""relative""]"
677,List Facebook profiles created in the year 2022 that have 'vegan' in their about section.,list facebook profiles created in the year 2022 that have 'vegan' in their about section.,list facebook profiles created in the year <number> that have <quoted> in their about section.,"{""entityType"":""Web Actor"",""statements"":[{""parameters"":{""name"":""ifc.ootb.Orbis.platform"",""operator"":""equals"",""value"":""facebook""},""type"":""filter""},{""parameters"":{""name"":""ifc.ootb.Orbis.publishDate"",""operator"":""between"",""value"":[""2022-01-01"",""2022-12-31""]},""type"":""filter""},{""parameters"":{""name"":""ifc.ootb.WebActor.about"",""operator"":""contains"",""value"":""vegan""},""type"":""filter""}]}",Web Actor,"[""Web Actor""]",[],False,False,3,"[""ifc.ootb.Orbis.platform"", ""ifc.ootb.Orbis.publishDate"", ""ifc.ootb.WebActor.about""]","[""between"", ""contains"", ""equals""]"
678,Show me all posts from Facebook that contain an email address.,show me all posts from facebook that contain an email address.,show me all posts from facebook that contain an email address.,"{""entityType"":""Web Activity"",""statements"":[{""parameters"":{""name"":""ifc.ootb.Orbis.email"",""operator"":""is_not_empty"",""value"":""""},""type"":""filter""},{""parameters"":{""name"":""ifc.ootb.Orbis.platform"",""operator"":""equals"",""value"":""facebook""},""type"":""filter""}]}",Web Activity,"[""Web Activity""]",[],False,False,2,"[""ifc.ootb.Orbis.email"", ""ifc.ootb.Orbis.platform""]","[""equals"", ""is_not_empty""]"
680,What calls were made from phone number 0543037210 to 0506655668 in the last 3 days?,what calls were made from phone number 0543037210 to 0506655668 in the last 3 days?,what calls were made from phone number <phone> to <phone> in the last <number> days?,"{""entityType"":""CDR"",""statements"":[{""parameters"":{""name"":""ifc.ootb.CDR.msisdn"",""operator"":""equals"",""value"":""0543037210""},""type"":""filter""},{""parameters"":{""name"":""ifc.ootb.CDR.msisdn2"",""operator"":""equals"",""value"":""0506655668""},""type"":""filter""},{""parameters"":{""name"":""ifc.ootb.CDR.startTime"",""operator"":""relative"",""value"":{""count"":3,""mode"":""previous"",""time_res"":""day""}},""type"":""filter""},{""parameters"":{""name"":""ifc.ootb.CDR.type"",""operator"":""equals"",""value"":""Voice""},""type"":""filter""}]}",CDR,"[""CDR""]",[],False,False,4,"[""ifc.ootb.CDR.msisdn"", ""ifc.ootb.CDR.msisdn2"", ""ifc.ootb.CDR.startTime"", ""ifc.ootb.CDR.type""]","[""equals"", ""relative""]"
681,What Twitter profiles have the word 'crypto' in their description?,what twitter profiles have the word 'crypto' in their description?,what twitter profiles have the word <quoted> in their description?,"{""entityType"":""Web Actor"",""statements"":[{""parameters"":{""name"":""ifc.ootb.Orbis.platform"",""operator"":""equals"",""value"":""twitter""},""type"":""filter""},{""parameters"":{""name"":""ifc.ootb.WebActor.about"",""operator"":""contains"",""value"":""crypto""},""type"":""filter""}]}",Web Actor,"[""Web Actor""]",[],False,False,2,"[""ifc.ootb.Orbis.platform"", ""ifc.ootb.WebActor.about""]","[""contains"", ""equals""]"
682,List insights with text mentioning 'John Doe' or 'Jane Smith',list insights with text mentioning 'john doe' or 'jane smith',list insights with text mentioning <quoted> or <quoted>,"{""entityType"":""Insight"",""statements"":[{""parameters"":{""operatorValue"":""OR""},""statements"":[{""parameters"":{""name"":""text"",""operator"":""contains"",""value"":""John Doe""},""type"":""filter""},{""parameters"":{""name"":""text"",""operator"":""contains"",""value"":""Jane Smith""},""type"":""filter""}],""type"":""operator""}]}",Insight,"[""Insight""]",[],False,True,2,"[""text""]","[""contains""]"
683,Find all suspicious phones,find all suspicious phones,find all suspicious phones,"{""entityType"":""Phone"",""statements"":[{""parameters"":{""name"":""ifc.ootb.Participant.isSuspicious"",""operator"":""equals"",""value"":true},""type"":""filter""}]}",Phone,"[""Phone""]",[],False,False,1,"[""ifc.ootb.Participant.isSuspicious""]","[""equals""]"
684,Show me all Twitter posts from March 2024 that contain the hashtag #elections2024,show me all twitter posts from march 2024 that contain the hashtag #elections2024,show me all twitter posts from march <number> that contain the hashtag #elections2024,"{""entityType"":""Web Activity"",""statements"":[{""parameters"":{""name"":""ifc.ootb.Orbis.hashtags"",""operator"":""contains"",""value"":""#elections2024""},""type"":""filter""},{""parameters"":{""name"":""ifc.ootb.Orbis.platform"",""operator"":""equals"",""value"":""twitter""},""type"":""filter""},{""parameters"":{""name"":""ifc.ootb.Orbis.publishDate"",""operator"":""between"",""value"":[""2024-03-01"",""2024-03-31""]},""type"":""filter""}]}",Web Activity,"[""Web Activity""]",[],False,False,3,"[""ifc.ootb.Orbis.hashtags"", ""ifc.ootb.Orbis.platform"", ""ifc.ootb.Orbis.publishDate""]","[""between"", ""contains"", ""equals""]"
686,Show me the details for phone numbers 0506519105 or 0523739993,show me the details for phone numbers 0506519105 or 0523739993,show me the details for phone numbers <phone> or <phone>,"{""entityType"":""Phone"",""statements"":[{""parameters"":{""operatorValue"":""OR""},""statements"":[{""parameters"":{""name"":""ifc.ootb.Phone.MSISDN"",""operator"":""equals"",""value"":""0506519105""},""type"":""filter""},{""parameters"":{""name"":""ifc.ootb.Phone.MSISDN"",""operator"":""equals"",""value"":""0523739993""},""type"":""filter""}],""type"":""operator""}]}",Phone,"[""Phone""]",[],False,True,2,"[""ifc.ootb.Phone.MSISDN""]","[""equals""]"
687,I need to see all communication of imei 490154203237518 from last month,i need to see all communication of imei 490154203237518 from last month,i need to see all communication of imei <phone> from last month,"{""entityType"":""CDR"",""statements"":[{""parameters"":{""name"":""ifc.ootb.CDR.startTime"",""operator"":""relative"",""value"":{""count"":1,""mode"":""previous"",""time_res"":""month""}},""type"":""filter""},{""parameters"":{""operatorValue"":""OR""},""statements"":[{""parameters"":{""name"":""ifc.ootb.CDR.imei"",""operator"":""equals"",""value"":""490154203237518""},""type"":""filter""},{""parameters"":{""name"":""ifc.ootb.CDR.imei2"",""operator"":""equals"",""value"":""490154203237518""},""type"":""filter""}],""type"":""operator""}]}",CDR,"[""CDR""]",[],False,True,3,"[""ifc.ootb.CDR.imei"", ""ifc.ootb.CDR.imei2"", ""ifc.ootb.CDR.startTime""]","[""equals"", ""relative""]"
689,What 5 minutes calls were made from IMSI 35699605559871102 on 10 March 2024?,what 5 minutes calls were made from imsi 35699605559871102 on 10 march 2024?,what <number> minutes calls were made from imsi <phone> on <number> march <number>?,"{""entityType"":""CDR"",""statements"":[{""parameters"":{""name"":""ifc.ootb.CDR.duration"",""operator"":""equals"",""value"":5},""type"":""filter""},{""parameters"":{""name"":""ifc.ootb.CDR.imsi"",""operator"":""equals"",""value"":""35699605559871102""},""type"":""filter""},{""parameters"":{""name"":""ifc.ootb.CDR.startTime"",""operator"":""is"",""value"":""2024-03-10""},""type"":""filter""},{""parameters"":{""name"":""ifc.ootb.CDR.type"",""operator"":""equals"",""value"":""Voice""},""type"":""filter""}]}",CDR,"[""CDR""]",[],False,False,4,"[""ifc.ootb.CDR.duration"", ""ifc.ootb.CDR.imsi"", ""ifc.ootb.CDR.startTime"", ""ifc.ootb.CDR.type""]","[""equals"", ""is""]"
690,Show me all high priority investigations,show me all high priority investigations,show me all high priority investigations,"{""entityType"":""Investigation"",""statements"":[{""parameters"":{""name"":""ifc.core.priority"",""operator"":""equals"",""value"":""High""},""type"":""filter""}]}",Investigation,"[""Investigation""]",[],False,False,1,"[""ifc.core.priority""]","[""equals""]"
693,Find all Samsung Galaxy S21 devices.,find all samsung galaxy s21 devices.,find all samsung galaxy s21 devices.,"{""entityType"":""Phone"",""statements"":[{""parameters"":{""name"":""ifc.ootb.Participant.deviceName"",""operator"":""contains"",""value"":""Samsung Galaxy S21""},""type"":""filter""}]}",Phone,"[""Phone""]",[],False,False,1,"[""ifc.ootb.Participant.deviceName""]","[""contains""]"
695,List SMS messages in English sent to 0543037210.,list sms messages in english sent to 0543037210.,list sms messages in english sent to <phone>.,"{""entityType"":""CDR"",""statements"":[{""parameters"":{""name"":""ifc.ootb.CDR.mainLanguage"",""operator"":""equals"",""value"":""English""},""type"":""filter""},{""parameters"":{""name"":""ifc.ootb.CDR.msisdn2"",""operator"":""equals"",""value"":""0543037210""},""type"":""filter""},{""parameters"":{""name"":""ifc.ootb.CDR.type"",""operator"":""equals"",""value"":""Text""},""type"":""filter""}]}",CDR,"[""CDR""]",[],False,False,3,"[""ifc.ootb.CDR.mainLanguage"", ""ifc.ootb.CDR.msisdn2"", ""ifc.ootb.CDR.type""]","[""equals""]"
696,Show me profiles from Facebook or Instagram that have a sentiment score 0.8 or 0.2,show me profiles from facebook or instagram that have a sentiment score 0.8 or 0.2,show me profiles from facebook or instagram that have a sentiment score <number> or <number>,"{""entityType"":""Web Actor"",""statements"":[{""parameters"":{""operatorValue"":""OR""},""statements"":[{""parameters"":{""name"":""ifc.ootb.Orbis.platform"",""operator"":""equals"",""value"":""Facebook""},""type"":""filter""},{""parameters"":{""name"":""ifc.ootb.Orbis.platform"",""operator"":""equals"",""value"":""Instagram""},""type"":""filter""}],""type"":""operator""},{""parameters"":{""operatorValue"":""OR""},""statements"":[{""parameters"":{""name"":""ifc.ootb.WebActor.sentimentScore"",""operator"":""equals"",""value"":0.8},""type"":""filter""},{""parameters"":{""name"":""ifc.ootb.WebActor.sentimentScore"",""operator"":""equals"",""value"":0.2},""type"":""filter""}],""type"":""operator""}]}",Web Actor,"[""Web Actor""]",[],False,True,4,"[""ifc.ootb.Orbis.platform"", ""ifc.ootb.WebActor.sentimentScore""]","[""equals""]"
697,What are the most recent activities from female which their last name is 'Smith',what are the most recent activities from female which their last name is 'smith',what are the most recent activities from female which their last name is <quoted>,"{""entityType"":""Web Activity"",""statements"":[{""parameters"":{""relationTargetType"":[""Web Actor""],""relationType"":[""relation_Writer""]},""statements"":[{""parameters"":{""name"":""ifc.ootb.WebActor.gender"",""operator"":""equals"",""value"":""Female""},""type"":""filter""},{""parameters"":{""name"":""ifc.ootb.WebActor.lastName"",""operator"":""equals"",""value"":""Smith""},""type"":""filter""}],""type"":""relation""},{""parameters"":{""direction"":""desc"",""name"":""ifc.ootb.Orbis.publishDate""},""type"":""sort""}]}",Web Activity,"[""Web Activity"", ""Web Actor""]","[""Web Actor""]",True,False,2,"[""ifc.ootb.Orbis.publishDate"", ""ifc.ootb.WebActor.gender"", ""ifc.ootb.WebActor.lastName""]","[""equals""]"
698,What calls were recieved by phones first active in 2022?,what calls were recieved by phones first active in 2022?,what calls were recieved by phones first active in <number>?,"{""entityType"":""CDR"",""statements"":[{""parameters"":{""name"":""ifc.ootb.CDR.type"",""operator"":""equals"",""value"":""Voice""},""type"":""filter""},{""parameters"":{""relationTargetType"":[""Phone""],""relationType"":[""relation_Callee""]},""statements"":[{""parameters"":{""name"":""ifc.ootb.Participant.firstActiveDate"",""operator"":""between"",""value"":[""2022-01-01"",""2022-12-31""]},""type"":""filter""}],""type"":""relation""}]}",CDR,"[""CDR"", ""Phone""]","[""Phone""]",True,False,2,"[""ifc.ootb.CDR.type"", ""ifc.ootb.Participant.firstActiveDate""]","[""between"", ""equals""]"
699,Show me insights about the undercover operation conducted last week.,show me insights about the undercover operation conducted last week.,show me insights about the undercover operation conducted last week.,"{""entityType"":""Insight"",""statements"":[{""parameters"":{""name"":""ifc.core.createtime"",""operator"":""relative"",""value"":{""count"":1,""mode"":""previous"",""time_res"":""week""}},""type"":""filter""},{""parameters"":{""name"":""text"",""operator"":""contains"",""value"":""undercover operation""},""type"":""filter""}]}",Insight,"[""Insight""]",[],False,False,2,"[""ifc.core.createtime"", ""text""]","[""contains"", ""relative""]"
701,Show me all calls that lasted 30 minutes in the last month.,show me all calls that lasted 30 minutes in the last month.,show me all calls that lasted <number> minutes in the last month.,"{""entityType"":""CDR"",""statements"":[{""parameters"":{""name"":""ifc.ootb.CDR.duration"",""operator"":""equals"",""value"":30},""type"":""filter""},{""parameters"":{""name"":""ifc.ootb.CDR.startTime"",""operator"":""relative"",""value"":{""count"":1,""mode"":""previous"",""time_res"":""month""}},""type"":""filter""},{""parameters"":{""name"":""ifc.ootb.CDR.type"",""operator"":""equals"",""value"":""Voice""},""type"":""filter""}]}",CDR,"[""CDR""]",[],False,False,3,"[""ifc.ootb.CDR.duration"", ""ifc.ootb.CDR.startTime"", ""ifc.ootb.CDR.type""]","[""equals"", ""relative""]"
702,Retrieve Twitter accounts with 100 activities that contain 'crypto' in their description,retrieve twitter accounts with 100 activities that contain 'crypto' in their description,retrieve twitter accounts with <number> activities that contain <quoted> in their description,"{""entityType"":""Web Actor"",""statements"":[{""parameters"":{""name"":""ifc.ootb.Orbis.platform"",""operator"":""equals"",""value"":""twitter""},""type"":""filter""},{""parameters"":{""name"":""ifc.ootb.WebActor.about"",""operator"":""contains"",""value"":""crypto""},""type"":""filter""},{""parameters"":{""name"":""ifc.ootb.WebActor.numberActivities"",""operator"":""equals"",""value"":100},""type"":""filter""}]}",Web Actor,"[""Web Actor""]",[],False,False,3,"[""ifc.ootb.Orbis.platform"", ""ifc.ootb.WebActor.about"", ""ifc.ootb.WebActor.numberActivities""]","[""contains"", ""equals""]"
703,Find all incoming SMS messages to IMSI 35699605559871102 somewhere between march 27 and march 29 2024.,find all incoming sms messages to imsi 35699605559871102 somewhere between march 27 and march 29 2024.,find all incoming sms messages to imsi <phone> somewhere between march <number> and march <phone>.,"{""entityType"":""CDR"",""statements"":[{""parameters"":{""name"":""ifc.ootb.CDR.imsi2"",""operator"":""equals"",""value"":""35699605559871102""},""type"":""filter""},{""parameters"":{""name"":""ifc.ootb.CDR.startTime"",""operator"":""between"",""value"":[""2024-03-27"",""2024-03-29""]},""type"":""filter""},{""parameters"":{""name"":""ifc.ootb.CDR.type"",""operator"":""equals"",""value"":""Text""},""type"":""filter""}]}",CDR,"[""CDR""]",[],False,False,3,"[""ifc.ootb.CDR.imsi2"", ""ifc.ootb.CDR.startTime"", ""ifc.ootb.CDR.type""]","[""between"", ""equals""]"
705,Retrieve insights containing the keyword 'conspiracy' from the past 6 months.,retrieve insights containing the keyword 'conspiracy' from the past 6 months.,retrieve insights containing the keyword <quoted> from the past <number> months.,"{""entityType"":""Insight"",""statements"":[{""parameters"":{""name"":""ifc.core.createtime"",""operator"":""relative"",""value"":{""count"":6,""mode"":""previous"",""time_res"":""month""}},""type"":""filter""},{""parameters"":{""name"":""text"",""operator"":""contains"",""value"":""conspiracy""},""type"":""filter""}]}",Insight,"[""Insight""]",[],False,False,2,"[""ifc.core.createtime"", ""text""]","[""contains"", ""relative""]"
706,List all web activities published on Snapchat that mention an IP address.,list all web activities published on snapchat that mention an ip address.,list all web activities published on snapchat that mention an ip address.,"{""entityType"":""Web Activity"",""statements"":[{""parameters"":{""name"":""ifc.ootb.Orbis.ipAddress"",""operator"":""is_not_empty"",""value"":""""},""type"":""filter""},{""parameters"":{""name"":""ifc.ootb.Orbis.platform"",""operator"":""equals"",""value"":""snapchat""},""type"":""filter""}]}",Web Activity,"[""Web Activity""]",[],False,False,2,"[""ifc.ootb.Orbis.ipAddress"", ""ifc.ootb.Orbis.platform""]","[""equals"", ""is_not_empty""]"
707,cdr of phone 0543037210,cdr of phone 0543037210,cdr of phone <phone>,"{""entityType"":""CDR"",""statements"":[{""parameters"":{""operatorValue"":""OR""},""statements"":[{""parameters"":{""name"":""ifc.ootb.CDR.msisdn"",""operator"":""equals"",""value"":""0543037210""},""type"":""filter""},{""parameters"":{""name"":""ifc.ootb.CDR.msisdn2"",""operator"":""equals"",""value"":""0543037210""},""type"":""filter""}],""type"":""operator""}]}",CDR,"[""CDR""]",[],False,True,2,"[""ifc.ootb.CDR.msisdn"", ""ifc.ootb.CDR.msisdn2""]","[""equals""]"
708,Show me sms sent from a target phone to 0542164185,show me sms sent from a target phone to 0542164185,show me sms sent from a target phone to <phone>,"{""entityType"":""CDR"",""statements"":[{""parameters"":{""name"":""ifc.ootb.CDR.msisdn2"",""operator"":""equals"",""value"":""0542164185""},""type"":""filter""},{""parameters"":{""name"":""ifc.ootb.CDR.type"",""operator"":""equals"",""value"":""Text""},""type"":""filter""},{""parameters"":{""relationTargetType"":[""Phone""],""relationType"":[""relation_Caller""]},""statements"":[{""parameters"":{""name"":""ifc.ootb.Participant.isTarget"",""operator"":""equals"",""value"":true},""type"":""filter""}],""type"":""relation""}]}",CDR,"[""CDR"", ""Phone""]","[""Phone""]",True,False,3,"[""ifc.ootb.CDR.msisdn2"", ""ifc.ootb.CDR.type"", ""ifc.ootb.Participant.isTarget""]","[""equals""]"
709,Find all investigations related to insider trading,find all investigations related to insider trading,find all investigations related to insider trading,"{""entityType"":""Investigation"",""statements"":[{""parameters"":{""name"":""ifc.core.description"",""operator"":""contains"",""value"":""insider trading""},""type"":""filter""}]}",Investigation,"[""Investigation""]",[],False,False,1,"[""ifc.core.description""]","[""contains""]"
710,Display voice calls lasting 30 minutes to non-target phones,display voice calls lasting 30 minutes to non-target phones,display voice calls lasting <number> minutes to non-target phones,"{""entityType"":""CDR"",""statements"":[{""parameters"":{""name"":""ifc.ootb.CDR.duration"",""operator"":""equals"",""value"":30},""type"":""filter""},{""parameters"":{""name"":""ifc.ootb.CDR.type"",""operator"":""equals"",""value"":""Voice""},""type"":""filter""},{""parameters"":{""relationTargetType"":[""Phone""],""relationType"":[""relation_Callee""]},""statements"":[{""parameters"":{""name"":""ifc.ootb.Participant.isTarget"",""operator"":""equals"",""value"":false},""type"":""filter""}],""type"":""relation""}]}",CDR,"[""CDR"", ""Phone""]","[""Phone""]",True,False,3,"[""ifc.ootb.CDR.duration"", ""ifc.ootb.CDR.type"", ""ifc.ootb.Participant.isTarget""]","[""equals""]"
712,List the phones that were first active on 2022-01-01 or last active on 2023-12-31,list the phones that were first active on 2022-01-01 or last active on 2023-12-31,list the phones that were first active on <phone> or last active on <phone>,"{""entityType"":""Phone"",""statements"":[{""parameters"":{""operatorValue"":""OR""},""statements"":[{""parameters"":{""name"":""ifc.ootb.Participant.firstActiveDate"",""operator"":""is"",""value"":""2022-01-01""},""type"":""filter""},{""parameters"":{""name"":""ifc.ootb.Participant.lastActiveDate"",""operator"":""is"",""value"":""2023-12-31""},""type"":""filter""}],""type"":""operator""}]}",Phone,"[""Phone""]",[],False,True,2,"[""ifc.ootb.Participant.firstActiveDate"", ""ifc.ootb.Participant.lastActiveDate""]","[""is""]"
713,Show phones whose title contains the word 'prepaid',show phones whose title contains the word 'prepaid',show phones whose title contains the word <quoted>,"{""entityType"":""Phone"",""statements"":[{""parameters"":{""name"":""ifc.ootb.Phone.title"",""operator"":""contains"",""value"":""prepaid""},""type"":""filter""}]}",Phone,"[""Phone""]",[],False,False,1,"[""ifc.ootb.Phone.title""]","[""contains""]"
714,Show sms sent on 2023-02-14 from phones with imei 123456789012345 to target phones,show sms sent on 2023-02-14 from phones with imei 123456789012345 to target phones,show sms sent on <phone> from phones with imei <phone> to target phones,"{""entityType"":""CDR"",""statements"":[{""parameters"":{""name"":""ifc.ootb.CDR.imei"",""operator"":""equals"",""value"":""123456789012345""},""type"":""filter""},{""parameters"":{""name"":""ifc.ootb.CDR.startTime"",""operator"":""is"",""value"":""2023-02-14""},""type"":""filter""},{""parameters"":{""name"":""ifc.ootb.CDR.type"",""operator"":""equals"",""value"":""Text""},""type"":""filter""},{""parameters"":{""relationTargetType"":[""Phone""],""relationType"":[""relation_Callee""]},""statements"":[{""parameters"":{""name"":""ifc.ootb.Participant.isTarget"",""operator"":""equals"",""value"":true},""type"":""filter""}],""type"":""relation""}]}",CDR,"[""CDR"", ""Phone""]","[""Phone""]",True,False,4,"[""ifc.ootb.CDR.imei"", ""ifc.ootb.CDR.startTime"", ""ifc.ootb.CDR.type"", ""ifc.ootb.Participant.isTarget""]","[""equals"", ""is""]"
715,Find all open investigations due before 15 April 2024,find all open investigations due before 15 april 2024,find all open investigations due before <number> april <number>,"{""entityType"":""Investigation"",""statements"":[{""parameters"":{""name"":""ifc.core.dueTime"",""operator"":""before"",""value"":""2024-04-15""},""type"":""filter""},{""parameters"":{""name"":""ifc.core.state"",""operator"":""equals"",""value"":""open""},""type"":""filter""}]}",Investigation,"[""Investigation""]",[],False,False,2,"[""ifc.core.dueTime"", ""ifc.core.state""]","[""before"", ""equals""]"
716,Find all posts from last month related to the phone 0542164183,find all posts from last month related to the phone 0542164183,find all posts from last month related to the phone <phone>,"{""entityType"":""Web Activity"",""statements"":[{""parameters"":{""name"":""ifc.ootb.Orbis.phone"",""operator"":""equals"",""value"":""0542164183""},""type"":""filter""},{""parameters"":{""name"":""ifc.ootb.Orbis.publishDate"",""operator"":""relative"",""value"":{""count"":1,""mode"":""previous"",""time_res"":""month""}},""type"":""filter""}]}",Web Activity,"[""Web Activity""]",[],False,False,2,"[""ifc.ootb.Orbis.phone"", ""ifc.ootb.Orbis.publishDate""]","[""equals"", ""relative""]"
717,List all reports created before 1 January 2024,list all reports created before 1 january 2024,list all reports created before <number> january <number>,"{""entityType"":""Report"",""statements"":[{""parameters"":{""name"":""ifc.core.createtime"",""operator"":""before"",""value"":""2024-01-01""},""type"":""filter""}]}",Report,"[""Report""]",[],False,False,1,"[""ifc.core.createtime""]","[""before""]"
720,Find SMS messages containing the word 'meeting' sent from target phones to the number 0526357106.,find sms messages containing the word 'meeting' sent from target phones to the number 0526357106.,find sms messages containing the word <quoted> sent from target phones to the number <phone>.,"{""entityType"":""CDR"",""statements"":[{""parameters"":{""name"":""ifc.ootb.CDR.msisdn2"",""operator"":""equals"",""value"":""0526357106""},""type"":""filter""},{""parameters"":{""name"":""ifc.ootb.CDR.smsText"",""operator"":""contains"",""value"":""meeting""},""type"":""filter""},{""parameters"":{""name"":""ifc.ootb.CDR.type"",""operator"":""equals"",""value"":""Text""},""type"":""filter""},{""parameters"":{""relationTargetType"":[""Phone""],""relationType"":[""relation_Caller""]},""statements"":[{""parameters"":{""name"":""ifc.ootb.Participant.isTarget"",""operator"":""equals"",""value"":true},""type"":""filter""}],""type"":""relation""}]}",CDR,"[""CDR"", ""Phone""]","[""Phone""]",True,False,4,"[""ifc.ootb.CDR.msisdn2"", ""ifc.ootb.CDR.smsText"", ""ifc.ootb.CDR.type"", ""ifc.ootb.Participant.isTarget""]","[""contains"", ""equals""]"
721,Show me web actors who have either 'CEO' or 'Founder' in their job title,show me web actors who have either 'ceo' or 'founder' in their job title,show me web actors who have either <quoted> or <quoted> in their job title,"{""entityType"":""Web Actor"",""statements"":[{""parameters"":{""operatorValue"":""OR""},""statements"":[{""parameters"":{""name"":""ifc.ootb.WebActor.jobCompanyName"",""operator"":""contains"",""value"":""CEO""},""type"":""filter""},{""parameters"":{""name"":""ifc.ootb.WebActor.jobCompanyName"",""operator"":""contains"",""value"":""Founder""},""type"":""filter""}],""type"":""operator""}]}",Web Actor,"[""Web Actor""]",[],False,True,2,"[""ifc.ootb.WebActor.jobCompanyName""]","[""contains""]"
722,List LinkedIn accounts that are following  50 people and have 'engineer' in their about section,list linkedin accounts that are following 50 people and have 'engineer' in their about section,list linkedin accounts that are following <number> people and have <quoted> in their about section,"{""entityType"":""Web Actor"",""statements"":[{""parameters"":{""name"":""ifc.ootb.Orbis.platform"",""operator"":""equals"",""value"":""linkedin""},""type"":""filter""},{""parameters"":{""name"":""ifc.ootb.WebActor.about"",""operator"":""contains"",""value"":""engineer""},""type"":""filter""},{""parameters"":{""name"":""ifc.ootb.WebActor.numberOfFollowing"",""operator"":""equals"",""value"":50},""type"":""filter""}]}",Web Actor,"[""Web Actor""]",[],False,False,3,"[""ifc.ootb.Orbis.platform"", ""ifc.ootb.WebActor.about"", ""ifc.ootb.WebActor.numberOfFollowing""]","[""contains"", ""equals""]"
723,What SMS messages were sent from suspicious phones to 0549876543 containing the word 'urgent'?,what sms messages were sent from suspicious phones to 0549876543 containing the word 'urgent'?,what sms messages were sent from suspicious phones to <phone> containing the word <quoted>?,"{""entityType"":""CDR"",""statements"":[{""parameters"":{""name"":""ifc.ootb.CDR.msisdn2"",""operator"":""equals"",""value"":""0549876543""},""type"":""filter""},{""parameters"":{""name"":""ifc.ootb.CDR.smsText"",""operator"":""contains"",""value"":""urgent""},""type"":""filter""},{""parameters"":{""name"":""ifc.ootb.CDR.type"",""operator"":""equals"",""value"":""Text""},""type"":""filter""},{""parameters"":{""relationTargetType"":[""Phone""],""relationType"":[""relation_Caller""]},""statements"":[{""parameters"":{""name"":""ifc.ootb.Participant.isSuspicious"",""operator"":""equals"",""value"":true},""type"":""filter""}],""type"":""relation""}]}",CDR,"[""CDR"", ""Phone""]","[""Phone""]",True,False,4,"[""ifc.ootb.CDR.msisdn2"", ""ifc.ootb.CDR.smsText"", ""ifc.ootb.CDR.type"", ""ifc.ootb.Participant.isSuspicious""]","[""contains"", ""equals""]"
724,Find all tweets from March 2024 that mention the Muslim religion,find all tweets from march 2024 that mention the muslim religion,find all tweets from march <number> that mention the muslim religion,"{""entityType"":""Web Activity"",""statements"":[{""parameters"":{""name"":""ifc.ootb.Orbis.platform"",""operator"":""equals"",""value"":""twitter""},""type"":""filter""},{""parameters"":{""name"":""ifc.ootb.Orbis.publishDate"",""operator"":""between"",""value"":[""2024-03-01"",""2024-03-31""]},""type"":""filter""},{""parameters"":{""name"":""ifc.ootb.Orbis.religion"",""operator"":""contains"",""value"":""Muslim""},""type"":""filter""}]}",Web Activity,"[""Web Activity""]",[],False,False,3,"[""ifc.ootb.Orbis.platform"", ""ifc.ootb.Orbis.publishDate"", ""ifc.ootb.Orbis.religion""]","[""between"", ""contains"", ""equals""]"
726,Retrieve all voice calls made by 0543037210 that were intercepted based on the 'suspicious activity' criteria in the last 48 hours,retrieve all voice calls made by 0543037210 that were intercepted based on the 'suspicious activity' criteria in the last 48 hours,retrieve all voice calls made by <phone> that were intercepted based on the <quoted> criteria in the last <number> hours,"{""entityType"":""CDR"",""statements"":[{""parameters"":{""name"":""ifc.CDR.interceptionCriteria"",""operator"":""contains"",""value"":""suspicious activity""},""type"":""filter""},{""parameters"":{""name"":""ifc.ootb.CDR.msisdn"",""operator"":""equals"",""value"":""0543037210""},""type"":""filter""},{""parameters"":{""name"":""ifc.ootb.CDR.startTime"",""operator"":""relative"",""value"":{""count"":48,""mode"":""previous"",""time_res"":""hour""}},""type"":""filter""},{""parameters"":{""name"":""ifc.ootb.CDR.type"",""operator"":""equals"",""value"":""Voice""},""type"":""filter""}]}",CDR,"[""CDR""]",[],False,False,4,"[""ifc.CDR.interceptionCriteria"", ""ifc.ootb.CDR.msisdn"", ""ifc.ootb.CDR.startTime"", ""ifc.ootb.CDR.type""]","[""contains"", ""equals"", ""relative""]"
727,Find all mobile phones with IMSI 425031234567890 or 425037890123456,find all mobile phones with imsi 425031234567890 or 425037890123456,find all mobile phones with imsi <phone> or <phone>,"{""entityType"":""Phone"",""statements"":[{""parameters"":{""name"":""ifc.Phone.type"",""operator"":""equals"",""value"":""Mobile""},""type"":""filter""},{""parameters"":{""operatorValue"":""OR""},""statements"":[{""parameters"":{""name"":""ifc.ootb.Phone.IMSI"",""operator"":""equals"",""value"":""425031234567890""},""type"":""filter""},{""parameters"":{""name"":""ifc.ootb.Phone.IMSI"",""operator"":""equals"",""value"":""425037890123456""},""type"":""filter""}],""type"":""operator""}]}",Phone,"[""Phone""]",[],False,True,3,"[""ifc.Phone.type"", ""ifc.ootb.Phone.IMSI""]","[""equals""]"
728,Find all incoming sms to +972506655668 from +16431646 containing 'account number' in the past 24 hours,find all incoming sms to +972506655668 from +16431646 containing 'account number' in the past 24 hours,find all incoming sms to +<phone> from +<phone> containing <quoted> in the past <number> hours,"{""entityType"":""CDR"",""statements"":[{""parameters"":{""name"":""ifc.ootb.CDR.msisdn"",""operator"":""equals"",""value"":""+16431646""},""type"":""filter""},{""parameters"":{""name"":""ifc.ootb.CDR.msisdn2"",""operator"":""equals"",""value"":""+972506655668""},""type"":""filter""},{""parameters"":{""name"":""ifc.ootb.CDR.smsText"",""operator"":""contains"",""value"":""account number""},""type"":""filter""},{""parameters"":{""name"":""ifc.ootb.CDR.startTime"",""operator"":""relative"",""value"":{""count"":24,""mode"":""previous"",""time_res"":""hour""}},""type"":""filter""},{""parameters"":{""name"":""ifc.ootb.CDR.type"",""operator"":""equals"",""value"":""Text""},""type"":""filter""}]}",CDR,"[""CDR""]",[],False,False,5,"[""ifc.ootb.CDR.msisdn"", ""ifc.ootb.CDR.msisdn2"", ""ifc.ootb.CDR.smsText"", ""ifc.ootb.CDR.startTime"", ""ifc.ootb.CDR.type""]","[""contains"", ""equals"", ""relative""]"
729,Show all phones labeled as suspicious.,show all phones labeled as suspicious.,show all phones labeled as suspicious.,"{""entityType"":""Phone"",""statements"":[{""parameters"":{""name"":""ifc.ootb.Participant.isSuspicious"",""operator"":""equals"",""value"":true},""type"":""filter""}]}",Phone,"[""Phone""]",[],False,False,1,"[""ifc.ootb.Participant.isSuspicious""]","[""equals""]"
730,List persons with a passport number that contains '123' or '789',list persons with a passport number that contains '123' or '789',list persons with a passport number that contains <quoted> or <quoted>,"{""entityType"":""Person"",""statements"":[{""parameters"":{""operatorValue"":""OR""},""statements"":[{""parameters"":{""name"":""ifc.Person.passport"",""operator"":""contains"",""value"":""123""},""type"":""filter""},{""parameters"":{""name"":""ifc.Person.passport"",""operator"":""contains"",""value"":""789""},""type"":""filter""}],""type"":""operator""}]}",Person,"[""Person""]",[],False,True,2,"[""ifc.Person.passport""]","[""contains""]"
731,Find all Facebook profiles created in the last 2 weeks that contain the word 'drugs' in their about section,find all facebook profiles created in the last 2 weeks that contain the word 'drugs' in their about section,find all facebook profiles created in the last <number> weeks that contain the word <quoted> in their about section,"{""entityType"":""Web Actor"",""statements"":[{""parameters"":{""name"":""ifc.ootb.Orbis.platform"",""operator"":""equals"",""value"":""facebook""},""type"":""filter""},{""parameters"":{""name"":""ifc.ootb.Orbis.publishDate"",""operator"":""relative"",""value"":{""count"":2,""mode"":""previous"",""time_res"":""week""}},""type"":""filter""},{""parameters"":{""name"":""ifc.ootb.WebActor.about"",""operator"":""contains"",""value"":""drugs""},""type"":""filter""}]}",Web Actor,"[""Web Actor""]",[],False,False,3,"[""ifc.ootb.Orbis.platform"", ""ifc.ootb.Orbis.publishDate"", ""ifc.ootb.WebActor.about""]","[""contains"", ""equals"", ""relative""]"
732,Show me open investigations with 'bribery' in the description,show me open investigations with 'bribery' in the description,show me open investigations with <quoted> in the description,"{""entityType"":""Investigation"",""statements"":[{""parameters"":{""name"":""ifc.core.description"",""operator"":""contains"",""value"":""bribery""},""type"":""filter""},{""parameters"":{""name"":""ifc.core.state"",""operator"":""equals"",""value"":""open""},""type"":""filter""}]}",Investigation,"[""Investigation""]",[],False,False,2,"[""ifc.core.description"", ""ifc.core.state""]","[""contains"", ""equals""]"
733,web posts that have the word attack or bomb,web posts that have the word attack or bomb,web posts that have the word attack or bomb,"{""entityType"":""Web Activity"",""statements"":[{""parameters"":{""operatorValue"":""OR""},""statements"":[{""parameters"":{""name"":""ifc.ootb.WebActivity.text"",""operator"":""contains"",""value"":""attack""},""type"":""filter""},{""parameters"":{""name"":""ifc.ootb.WebActivity.text"",""operator"":""contains"",""value"":""bomb""},""type"":""filter""}],""type"":""operator""}]}",Web Activity,"[""Web Activity""]",[],False,True,2,"[""ifc.ootb.WebActivity.text""]","[""contains""]"
734,What insights are about 'phone records'?,what insights are about 'phone records'?,what insights are about <quoted>?,"{""entityType"":""Insight"",""statements"":[{""parameters"":{""name"":""text"",""operator"":""contains"",""value"":""phone records""},""type"":""filter""}]}",Insight,"[""Insight""]",[],False,False,1,"[""text""]","[""contains""]"
735,List emails with attachments sent from ariel042cohen@gmail.com.,list emails with attachments sent from ariel042cohen@gmail.com.,list emails with attachments sent from <email>.,"{""entityType"":""CDR"",""statements"":[{""parameters"":{""name"":""ifc.ootb.CDR.isAttachment"",""operator"":""equals"",""value"":true},""type"":""filter""},{""parameters"":{""name"":""ifc.ootb.CDR.originatorEmailAddress"",""operator"":""equals"",""value"":""ariel042cohen@gmail.com""},""type"":""filter""},{""parameters"":{""name"":""ifc.ootb.CDR.type"",""operator"":""equals"",""value"":""Email""},""type"":""filter""}]}",CDR,"[""CDR""]",[],False,False,3,"[""ifc.ootb.CDR.isAttachment"", ""ifc.ootb.CDR.originatorEmailAddress"", ""ifc.ootb.CDR.type""]","[""equals""]"
736,Show me the phone with access calling number +1-555-123-4567,show me the phone with access calling number +1-555-123-4567,show me the phone with access calling number +<phone>,"{""entityType"":""Phone"",""statements"":[{""parameters"":{""name"":""ifc.Phone.accessCallingNumber"",""operator"":""equals"",""value"":""+1-555-123-4567""},""type"":""filter""}]}",Phone,"[""Phone""]",[],False,False,1,"[""ifc.Phone.accessCallingNumber""]","[""equals""]"
737,Find Facebook accounts with 'jane' in the first name that have a sentiment score  0.8,find facebook accounts with 'jane' in the first name that have a sentiment score 0.8,find facebook accounts with <quoted> in the first name that have a sentiment score <number>,"{""entityType"":""Web Actor"",""statements"":[{""parameters"":{""name"":""ifc.ootb.Orbis.platform"",""operator"":""equals"",""value"":""facebook""},""type"":""filter""},{""parameters"":{""name"":""ifc.ootb.WebActor.firstName"",""operator"":""contains"",""value"":""jane""},""type"":""filter""},{""parameters"":{""name"":""ifc.ootb.WebActor.sentimentScore"",""operator"":""equals"",""value"":0.8},""type"":""filter""}]}",Web Actor,"[""Web Actor""]",[],False,False,3,"[""ifc.ootb.Orbis.platform"", ""ifc.ootb.WebActor.firstName"", ""ifc.ootb.WebActor.sentimentScore""]","[""contains"", ""equals""]"
739,Show me all calls made using 3G technology in the last 24 hours,show me all calls made using 3g technology in the last 24 hours,show me all calls made using 3g technology in the last <number> hours,"{""entityType"":""CDR"",""statements"":[{""parameters"":{""name"":""ifc.ootb.CDR.startTime"",""operator"":""relative"",""value"":{""count"":24,""mode"":""previous"",""time_res"":""hour""}},""type"":""filter""},{""parameters"":{""name"":""ifc.ootb.CDR.technology"",""operator"":""equals"",""value"":""3G""},""type"":""filter""},{""parameters"":{""name"":""ifc.ootb.CDR.type"",""operator"":""equals"",""value"":""Voice""},""type"":""filter""}]}",CDR,"[""CDR""]",[],False,False,3,"[""ifc.ootb.CDR.startTime"", ""ifc.ootb.CDR.technology"", ""ifc.ootb.CDR.type""]","[""equals"", ""relative""]"
740,List any calls from 0506519105 to 0523739993 that were blocked or failed in the last 30 days,list any calls from 0506519105 to 0523739993 that were blocked or failed in the last 30 days,list any calls from <phone> to <phone> that were blocked or failed in the last <number> days,"{""entityType"":""CDR"",""statements"":[{""parameters"":{""name"":""ifc.ootb.CDR.msisdn"",""operator"":""equals"",""value"":""0506519105""},""type"":""filter""},{""parameters"":{""name"":""ifc.ootb.CDR.msisdn2"",""operator"":""equals"",""value"":""0523739993""},""type"":""filter""},{""parameters"":{""name"":""ifc.ootb.CDR.startTime"",""operator"":""relative"",""value"":{""count"":30,""mode"":""previous"",""time_res"":""day""}},""type"":""filter""},{""parameters"":{""name"":""ifc.ootb.CDR.type"",""operator"":""equals"",""value"":""Voice""},""type"":""filter""},{""parameters"":{""operatorValue"":""OR""},""statements"":[{""parameters"":{""name"":""ifc.ootb.CDR.callStatus"",""operator"":""equals"",""value"":""Blocked""},""type"":""filter""},{""parameters"":{""name"":""ifc.ootb.CDR.callStatus"",""operator"":""equals"",""value"":""Failed""},""type"":""filter""}],""type"":""operator""}]}",CDR,"[""CDR""]",[],False,True,6,"[""ifc.ootb.CDR.callStatus"", ""ifc.ootb.CDR.msisdn"", ""ifc.ootb.CDR.msisdn2"", ""ifc.ootb.CDR.startTime"", ""ifc.ootb.CDR.type""]","[""equals"", ""relative""]"
741,cases created in the first quarter of 2024,cases created in the first quarter of 2024,cases created in the first quarter of <number>,"{""entityType"":""Investigation"",""statements"":[{""parameters"":{""name"":""ifc.core.createtime"",""operator"":""between"",""value"":[""2024-01-01"",""2024-03-31""]},""type"":""filter""}]}",Investigation,"[""Investigation""]",[],False,False,1,"[""ifc.core.createtime""]","[""between""]"
742,What phones were last active in the last  6 months?,what phones were last active in the last 6 months?,what phones were last active in the last <number> months?,"{""entityType"":""Phone"",""statements"":[{""parameters"":{""name"":""ifc.ootb.Participant.lastActiveDate"",""operator"":""relative"",""value"":{""count"":6,""mode"":""previous"",""time_res"":""month""}},""type"":""filter""}]}",Phone,"[""Phone""]",[],False,False,1,"[""ifc.ootb.Participant.lastActiveDate""]","[""relative""]"
743,Find phones with a title containing 'burner'.,find phones with a title containing 'burner'.,find phones with a title containing <quoted>.,"{""entityType"":""Phone"",""statements"":[{""parameters"":{""name"":""ifc.ootb.Phone.title"",""operator"":""contains"",""value"":""burner""},""type"":""filter""}]}",Phone,"[""Phone""]",[],False,False,1,"[""ifc.ootb.Phone.title""]","[""contains""]"
