row_id,question,gold_json,predicted_json,confidence,error_category,diagnostics
5,What phones were last active earlier than 1 December 2023?,"{""entityType"":""Phone"",""statements"":[{""parameters"":{""name"":""ifc.ootb.Participant.lastActiveDate"",""operator"":""before"",""value"":""2023-12-01""},""type"":""filter""}]}","{""entityType"":""Phone"",""statements"":[{""parameters"":{""name"":""ifc.ootb.Participant.lastActiveDate"",""operator"":""before"",""value"":""2023-12-01""},""type"":""filter""}]}",0.63223039753172,correct,"{""hierarchy_score"": 2.067632986004525, ""retrieval_score"": 0.5156633238084667, ""retrieved_row_id"": 742, ""root_probabilities"": {""CDR"": 0.06110872011693703, ""EVisa Request"": 0.03136506208588465, ""Insight"": 0.027182199922107738, ""Investigation"": 0.024783859623617403, ""Person"": 0.0295912467679428, ""Phone"": 0.6949972833827025, ""Report"": 0.030301063442492452, ""Web Activity"": 0.048719501665310264, ""Web Actor"": 0.05195106299300521}}"
8,Present all tweets from accounts with 500 friends that mention the Tesla,"{""entityType"":""Web Activity"",""statements"":[{""parameters"":{""name"":""ifc.ootb.Orbis.platform"",""operator"":""equals"",""value"":""twitter""},""type"":""filter""},{""parameters"":{""name"":""ifc.ootb.WebActivity.text"",""operator"":""contains"",""value"":""Tesla""},""type"":""filter""},{""parameters"":{""relationTargetType"":[""Web Actor""],""relationType"":[""relation_Writer""]},""statements"":[{""parameters"":{""name"":""ifc.ootb.WebActor.numberOfFriends"",""operator"":""equals"",""value"":500},""type"":""filter""}],""type"":""relation""}]}","{""entityType"":""Web Actor"",""statements"":[{""parameters"":{""name"":""ifc.ootb.Orbis.platform"",""operator"":""equals"",""value"":""snapchat""},""type"":""filter""},{""parameters"":{""name"":""ifc.ootb.WebActor.numberOfFriends"",""operator"":""contains"",""value"":500},""type"":""filter""}]}",0.36905259014422265,wrong_root,"{""hierarchy_score"": 1.879660139929569, ""retrieval_score"": 0.44615818896430987, ""retrieved_row_id"": 131, ""root_probabilities"": {""CDR"": 0.09216244963552016, ""EVisa Request"": 0.028075439568517997, ""Insight"": 0.05986886206573252, ""Investigation"": 0.03898329369992725, ""Person"": 0.04638914651724415, ""Phone"": 0.048276494825286065, ""Report"": 0.04054253822371209, ""Web Activity"": 0.3181675846844993, ""Web Actor"": 0.32753419077956036}}"
12,Retrieve reports mentioning 'John Smith' or 'Jane Doe',"{""entityType"":""Report"",""statements"":[{""parameters"":{""operatorValue"":""OR""},""statements"":[{""parameters"":{""name"":""text"",""operator"":""contains"",""value"":""John Smith""},""type"":""filter""},{""parameters"":{""name"":""text"",""operator"":""contains"",""value"":""Jane Doe""},""type"":""filter""}],""type"":""operator""}]}","{""entityType"":""Report"",""statements"":[{""parameters"":{""name"":""text"",""operator"":""contains"",""value"":""Jane Doe""},""type"":""filter""}]}",0.3903159868920103,wrong_structure_or_value,"{""hierarchy_score"": 1.5289589511151536, ""retrieval_score"": 0.32655145787734163, ""retrieved_row_id"": 503, ""root_probabilities"": {""CDR"": 0.08548270350671464, ""EVisa Request"": 0.03346950487151342, ""Insight"": 0.12711122581831952, ""Investigation"": 0.0453066910486124, ""Person"": 0.07589515067439367, ""Phone"": 0.054430019989431144, ""Report"": 0.42465073328452424, ""Web Activity"": 0.07634639686796695, ""Web Actor"": 0.07730757393852397}}"
26,Find Instagram profiles with 100 followers that use Israel phone number,"{""entityType"":""Web Actor"",""statements"":[{""parameters"":{""name"":""ifc.ootb.Orbis.platform"",""operator"":""equals"",""value"":""instagram""},""type"":""filter""},{""parameters"":{""name"":""ifc.ootb.WebActor.leadingPhone"",""operator"":""begins_with"",""value"":""+972""},""type"":""filter""},{""parameters"":{""name"":""ifc.ootb.WebActor.numberOfFollowers"",""operator"":""equals"",""value"":100},""type"":""filter""}]}","{""entityType"":""Web Actor"",""statements"":[{""parameters"":{""name"":""ifc.ootb.Orbis.platform"",""operator"":""equals"",""value"":""instagram""},""type"":""filter""},{""parameters"":{""name"":""ifc.ootb.WebActor.numberOfFollowers"",""operator"":""equals"",""value"":100},""type"":""filter""}]}",0.5126686447251988,wrong_structure_or_value,"{""hierarchy_score"": 1.8059815874828382, ""retrieval_score"": 0.33437685437513615, ""retrieved_row_id"": 436, ""root_probabilities"": {""CDR"": 0.05359233713360697, ""EVisa Request"": 0.021073866850050773, ""Insight"": 0.028601387390932684, ""Investigation"": 0.02368212284673116, ""Person"": 0.04589381645373144, ""Phone"": 0.09266009070236172, ""Report"": 0.027046235753099827, ""Web Activity"": 0.0987782264173299, ""Web Actor"": 0.6086719164521556}}"
50,What calls using 4G were not made from 0543037210?,"{""entityType"":""CDR"",""statements"":[{""parameters"":{""name"":""ifc.ootb.CDR.msisdn"",""operator"":""not_equal"",""value"":""0543037210""},""type"":""filter""},{""parameters"":{""name"":""ifc.ootb.CDR.technology"",""operator"":""equals"",""value"":""4G""},""type"":""filter""},{""parameters"":{""name"":""ifc.ootb.CDR.type"",""operator"":""equals"",""value"":""Voice""},""type"":""filter""}]}","{""entityType"":""CDR"",""statements"":[{""parameters"":{""name"":""ifc.ootb.CDR.msisdn"",""operator"":""equals"",""value"":""0543037210""},""type"":""filter""},{""parameters"":{""name"":""ifc.ootb.CDR.technology"",""operator"":""equals"",""value"":""4G""},""type"":""filter""},{""parameters"":{""name"":""ifc.ootb.CDR.type"",""operator"":""equals"",""value"":""Voice""},""type"":""filter""}]}",0.8157161178397234,wrong_structure_or_value,"{""hierarchy_score"": 1.986129641572012, ""retrieval_score"": 0.897959362865122, ""retrieved_row_id"": 637, ""root_probabilities"": {""CDR"": 0.771431293595278, ""EVisa Request"": 0.017138666326401604, ""Insight"": 0.03014244181183109, ""Investigation"": 0.02347711109012968, ""Person"": 0.022285012904657422, ""Phone"": 0.03735373217098577, ""Report"": 0.025485946236256486, ""Web Activity"": 0.04450725337183304, ""Web Actor"": 0.028178542492626982}}"
56,List all emails from john@company.com to jane@company.com with attachments in February 2024,"{""entityType"":""CDR"",""statements"":[{""parameters"":{""name"":""ifc.ootb.CDR.destinationEmailAddress"",""operator"":""equals"",""value"":""jane@company.com""},""type"":""filter""},{""parameters"":{""name"":""ifc.ootb.CDR.isAttachment"",""operator"":""equals"",""value"":true},""type"":""filter""},{""parameters"":{""name"":""ifc.ootb.CDR.originatorEmailAddress"",""operator"":""equals"",""value"":""john@company.com""},""type"":""filter""},{""parameters"":{""name"":""ifc.ootb.CDR.startTime"",""operator"":""between"",""value"":[""2024-02-01"",""2024-02-29""]},""type"":""filter""},{""parameters"":{""name"":""ifc.ootb.CDR.type"",""operator"":""equals"",""value"":""Email""},""type"":""filter""}]}","{""entityType"":""CDR"",""statements"":[{""parameters"":{""name"":""ifc.ootb.CDR.isAttachment"",""operator"":""equals"",""value"":true},""type"":""filter""},{""parameters"":{""name"":""ifc.ootb.CDR.originatorEmailAddress"",""operator"":""equals"",""value"":""john@company.com""},""type"":""filter""},{""parameters"":{""name"":""ifc.ootb.CDR.startTime"",""operator"":""after"",""value"":""john@company.com""},""type"":""filter""},{""parameters"":{""name"":""ifc.ootb.CDR.type"",""operator"":""equals"",""value"":""Email""},""type"":""filter""}]}",0.6372790543026661,wrong_structure_or_value,"{""hierarchy_score"": 1.8922905281575628, ""retrieval_score"": 0.6114300394507934, ""retrieved_row_id"": 588, ""root_probabilities"": {""CDR"": 0.6511977546075206, ""EVisa Request"": 0.029524659583766405, ""Insight"": 0.03771605806145835, ""Investigation"": 0.03929349753544466, ""Person"": 0.04671067072424549, ""Phone"": 0.04135165265254136, ""Report"": 0.036471745360081666, ""Web Activity"": 0.06444000760372405, ""Web Actor"": 0.05329395387121742}}"
59,incoming calls to the device with imsi 35699605559871102 that were 5 minutes long last month,"{""entityType"":""CDR"",""statements"":[{""parameters"":{""name"":""ifc.ootb.CDR.duration"",""operator"":""equals"",""value"":5},""type"":""filter""},{""parameters"":{""name"":""ifc.ootb.CDR.imsi2"",""operator"":""equals"",""value"":""35699605559871102""},""type"":""filter""},{""parameters"":{""name"":""ifc.ootb.CDR.startTime"",""operator"":""relative"",""value"":{""count"":1,""mode"":""previous"",""time_res"":""month""}},""type"":""filter""},{""parameters"":{""name"":""ifc.ootb.CDR.type"",""operator"":""equals"",""value"":""Voice""},""type"":""filter""}]}","{""entityType"":""CDR"",""statements"":[{""parameters"":{""name"":""ifc.ootb.CDR.imsi"",""operator"":""relative"",""value"":{""count"":1,""mode"":""previous"",""time_res"":""month""}},""type"":""filter""},{""parameters"":{""name"":""ifc.ootb.CDR.imsi2"",""operator"":""equals"",""value"":""35699605559871102""},""type"":""filter""},{""parameters"":{""name"":""ifc.ootb.CDR.startTime"",""operator"":""relative"",""value"":{""count"":1,""mode"":""previous"",""time_res"":""month""}},""type"":""filter""},{""parameters"":{""name"":""ifc.ootb.CDR.type"",""operator"":""equals"",""value"":""Voice""},""type"":""filter""}]}",0.4977476425851311,wrong_structure_or_value,"{""hierarchy_score"": 1.69667854867831, ""retrieval_score"": 0.4427549548897622, ""retrieved_row_id"": 575, ""root_probabilities"": {""CDR"": 0.5273590898057143, ""EVisa Request"": 0.03695770662633018, ""Insight"": 0.050226127554685834, ""Investigation"": 0.0399648195412228, ""Person"": 0.04431157545302663, ""Phone"": 0.13440517469278246, ""Report"": 0.04107621172403216, ""Web Activity"": 0.06779901326291642, ""Web Actor"": 0.05790028133928929}}"
64,List insights with text referring to 'surveillance footage' or 'security camera video',"{""entityType"":""Insight"",""statements"":[{""parameters"":{""operatorValue"":""OR""},""statements"":[{""parameters"":{""name"":""text"",""operator"":""contains"",""value"":""surveillance footage""},""type"":""filter""},{""parameters"":{""name"":""text"",""operator"":""contains"",""value"":""security camera video""},""type"":""filter""}],""type"":""operator""}]}","{""entityType"":""Insight"",""statements"":[{""parameters"":{""name"":""text"",""operator"":""contains"",""value"":""security camera video""},""type"":""filter""},{""parameters"":{""operatorValue"":""OR""},""statements"":[{""parameters"":{""name"":""text"",""operator"":""contains"",""value"":""surveillance footage""},""type"":""filter""},{""parameters"":{""name"":""text"",""operator"":""contains"",""value"":""surveillance footage""},""type"":""filter""}],""type"":""operator""}]}",0.5643394638560983,wrong_structure_or_value,"{""hierarchy_score"": 1.9900775715222387, ""retrieval_score"": 0.48472481180219623, ""retrieved_row_id"": 173, ""root_probabilities"": {""CDR"": 0.07112007759706175, ""EVisa Request"": 0.032917559838998176, ""Insight"": 0.6072088918851226, ""Investigation"": 0.036902583024881225, ""Person"": 0.049184906974044124, ""Phone"": 0.04520808696524744, ""Report"": 0.06187879344776308, ""Web Activity"": 0.04865989379498848, ""Web Actor"": 0.04691920647189314}}"
66,Find all phones with IMEI number starting with '35',"{""entityType"":""Phone"",""statements"":[{""parameters"":{""name"":""ifc.ootb.Phone.IMEI"",""operator"":""begins_with"",""value"":""35""},""type"":""filter""}]}","{""entityType"":""Phone"",""statements"":[{""parameters"":{""name"":""ifc.ootb.Phone.IMEI"",""operator"":""begins_with"",""value"":""35""},""type"":""filter""},{""parameters"":{""name"":""ifc.ootb.Phone.IMEI"",""operator"":""equals"",""value"":""123456789012345""},""type"":""filter""}]}",0.4454169519085377,wrong_structure_or_value,"{""hierarchy_score"": 1.3183762735550622, ""retrieval_score"": 0.3465417888008248, ""retrieved_row_id"": 136, ""root_probabilities"": {""CDR"": 0.15475836061561785, ""EVisa Request"": 0.02969546630774715, ""Insight"": 0.025607976663825516, ""Investigation"": 0.03198566752204722, ""Person"": 0.1272461055545259, ""Phone"": 0.4986574243511524, ""Report"": 0.029412583544106356, ""Web Activity"": 0.06321594330115424, ""Web Actor"": 0.03942047213982365}}"
68,Who was given a 180-day visa in the past year?,"{""entityType"":""EVisa Request"",""statements"":[{""parameters"":{""name"":""ifc.EVisaRequest.visaDuration"",""operator"":""equals"",""value"":180},""type"":""filter""},{""parameters"":{""name"":""ifc.EVisaRequest.visaIssueDate"",""operator"":""relative"",""value"":{""count"":1,""mode"":""previous"",""time_res"":""year""}},""type"":""filter""}]}","{""entityType"":""EVisa Request"",""statements"":[{""parameters"":{""name"":""ifc.EVisaRequest.demandDate"",""operator"":""relative"",""value"":{""count"":1,""mode"":""previous"",""time_res"":""year""}},""type"":""filter""},{""parameters"":{""name"":""ifc.EVisaRequest.state"",""operator"":""equals"",""value"":""rejected""},""type"":""filter""}]}",0.2304262658067952,wrong_structure_or_value,"{""hierarchy_score"": 0.3662497795439894, ""retrieval_score"": 0.15162384703716889, ""retrieved_row_id"": 580, ""root_probabilities"": {""CDR"": 0.14837452852833474, ""EVisa Request"": 0.2728583374519786, ""Insight"": 0.07418686126194919, ""Investigation"": 0.06462429896579147, ""Person"": 0.06182368984903564, ""Phone"": 0.09456225524240915, ""Report"": 0.059902910117981566, ""Web Activity"": 0.13742351691933188, ""Web Actor"": 0.08624360166318765}}"
70,Find all open investigations related to counterfeit goods,"{""entityType"":""Investigation"",""statements"":[{""parameters"":{""name"":""ifc.core.description"",""operator"":""contains"",""value"":""counterfeit goods""},""type"":""filter""},{""parameters"":{""name"":""ifc.core.state"",""operator"":""equals"",""value"":""open""},""type"":""filter""}]}","{""entityType"":""Investigation"",""statements"":[{""parameters"":{""name"":""ifc.core.description"",""operator"":""contains"",""value"":""public corruption""},""type"":""filter""},{""parameters"":{""name"":""ifc.core.state"",""operator"":""equals"",""value"":""open""},""type"":""filter""}]}",0.7950222142104231,wrong_structure_or_value,"{""hierarchy_score"": 2.1775955795017214, ""retrieval_score"": 0.5741245545909153, ""retrieved_row_id"": 353, ""root_probabilities"": {""CDR"": 0.016247880741573382, ""EVisa Request"": 0.006859526226305848, ""Insight"": 0.011706920714939437, ""Investigation"": 0.9139671078516965, ""Person"": 0.008437064022336085, ""Phone"": 0.008935175913887514, ""Report"": 0.007881975064743262, ""Web Activity"": 0.01323162508610859, ""Web Actor"": 0.012732724378409431}}"
73,Show me all phones with arabic activities,"{""entityType"":""Phone"",""statements"":[{""parameters"":{""name"":""ifc.ootb.Participant.tlidDominantLanguage"",""operator"":""equals"",""value"":""Arabic""},""type"":""filter""}]}","{""entityType"":""Phone"",""statements"":[{""parameters"":{""name"":""ifc.ootb.Participant.tlidDominantLanguage"",""operator"":""not_equal"",""value"":""Arabic""},""type"":""filter""}]}",0.60254161136367,wrong_structure_or_value,"{""hierarchy_score"": 1.7632214138287412, ""retrieval_score"": 0.4924086437382286, ""retrieved_row_id"": 112, ""root_probabilities"": {""CDR"": 0.06280008066204304, ""EVisa Request"": 0.015981936571131974, ""Insight"": 0.018595569535908792, ""Investigation"": 0.01936170177402983, ""Person"": 0.03901694136008183, ""Phone"": 0.6618439785465999, ""Report"": 0.016284969646796578, ""Web Activity"": 0.14469414717299917, ""Web Actor"": 0.021420674730408838}}"
78,Show me all successful SMS messages from 0542164185 with Arabic settings since 1 January 2023,"{""entityType"":""CDR"",""statements"":[{""parameters"":{""name"":""ifc.ootb.CDR.callStatus"",""operator"":""equals"",""value"":""Successful""},""type"":""filter""},{""parameters"":{""name"":""ifc.ootb.CDR.msisdn"",""operator"":""equals"",""value"":""0542164185""},""type"":""filter""},{""parameters"":{""name"":""ifc.ootb.CDR.startTime"",""operator"":""after"",""value"":""2023-01-01""},""type"":""filter""},{""parameters"":{""name"":""ifc.ootb.CDR.type"",""operator"":""equals"",""value"":""Text""},""type"":""filter""},{""parameters"":{""relationTargetType"":[""Phone""],""relationType"":[""relation_Callee""]},""statements"":[{""parameters"":{""name"":""ifc.ootb.Participant.tlidDominantLanguage"",""operator"":""contains"",""value"":""Arabic""},""type"":""filter""}],""type"":""relation""}]}","{""entityType"":""CDR"",""statements"":[{""parameters"":{""name"":""ifc.ootb.CDR.msisdn2"",""operator"":""not_equal"",""value"":""0542164185""},""type"":""filter""},{""parameters"":{""name"":""ifc.ootb.CDR.startTime"",""operator"":""is"",""value"":""2023-01-01""},""type"":""filter""},{""parameters"":{""name"":""ifc.ootb.CDR.type"",""operator"":""equals"",""value"":""Text""},""type"":""filter""}]}",0.3717914325262709,wrong_structure_or_value,"{""hierarchy_score"": 1.6780007729896507, ""retrieval_score"": 0.08927786719327585, ""retrieved_row_id"": 668, ""root_probabilities"": {""CDR"": 0.5239141215517297, ""EVisa Request"": 0.06586654091554474, ""Insight"": 0.04982960164827232, ""Investigation"": 0.041772071712499824, ""Person"": 0.07196554278849068, ""Phone"": 0.0780158572273371, ""Report"": 0.03870947048041181, ""Web Activity"": 0.07510399319055738, ""Web Actor"": 0.05482280048515643}}"
80,Show me all individuals with a passport number equal to 'XYZ789',"{""entityType"":""Person"",""statements"":[{""parameters"":{""name"":""ifc.Person.passport"",""operator"":""equals"",""value"":""XYZ789""},""type"":""filter""}]}","{""entityType"":""Person"",""statements"":[{""parameters"":{""name"":""ifc.Person.passport"",""operator"":""contains"",""value"":""A""},""type"":""filter""},{""parameters"":{""name"":""ifc.Person.passport"",""operator"":""contains"",""value"":""XYZ789""},""type"":""filter""}]}",0.708950662377722,wrong_structure_or_value,"{""hierarchy_score"": 2.1042580979882017, ""retrieval_score"": 0.4564353169917246, ""retrieved_row_id"": 435, ""root_probabilities"": {""CDR"": 0.04036664273819994, ""EVisa Request"": 0.011145135056003272, ""Insight"": 0.01402574319641705, ""Investigation"": 0.016625539604615124, ""Person"": 0.8449204637394129, ""Phone"": 0.019719853024192505, ""Report"": 0.014203621790299688, ""Web Activity"": 0.024801630433071705, ""Web Actor"": 0.014191370417787754}}"
94,Retrieve all communications for subcase 'XYZ789' that were in spanish yesterday,"{""entityType"":""CDR"",""statements"":[{""parameters"":{""name"":""ifc.CDR.subcaseCode"",""operator"":""equals"",""value"":""XYZ789""},""type"":""filter""},{""parameters"":{""name"":""ifc.ootb.CDR.mainLanguage"",""operator"":""equals"",""value"":""spanish""},""type"":""filter""},{""parameters"":{""name"":""ifc.ootb.CDR.startTime"",""operator"":""relative"",""value"":{""count"":1,""mode"":""previous"",""time_res"":""day""}},""type"":""filter""}]}","{""entityType"":""CDR"",""statements"":[{""parameters"":{""name"":""ifc.CDR.subcaseCode"",""operator"":""equals"",""value"":""ABC789""},""type"":""filter""},{""parameters"":{""name"":""ifc.ootb.CDR.startTime"",""operator"":""between"",""value"":""XYZ789""},""type"":""filter""}]}",0.5041282853924228,wrong_structure_or_value,"{""hierarchy_score"": 1.7060502308004855, ""retrieval_score"": 0.5546344733194946, ""retrieved_row_id"": 165, ""root_probabilities"": {""CDR"": 0.47693264573938415, ""EVisa Request"": 0.03386219630487559, ""Insight"": 0.05146580693104933, ""Investigation"": 0.06780272177263463, ""Person"": 0.059343060420181976, ""Phone"": 0.07915689167665328, ""Report"": 0.0452340059673464, ""Web Activity"": 0.12557073481819236, ""Web Actor"": 0.06063193636968232}}"
98,List all phones that mostly communicate in either Spanish or French,"{""entityType"":""Phone"",""statements"":[{""parameters"":{""operatorValue"":""OR""},""statements"":[{""parameters"":{""name"":""ifc.ootb.Participant.tlidDominantLanguage"",""operator"":""equals"",""value"":""Spanish""},""type"":""filter""},{""parameters"":{""name"":""ifc.ootb.Participant.tlidDominantLanguage"",""operator"":""equals"",""value"":""French""},""type"":""filter""}],""type"":""operator""}]}","{""entityType"":""Phone"",""statements"":[{""parameters"":{""name"":""ifc.ootb.Participant.tlidDominantLanguage"",""operator"":""equals"",""value"":""spanish""},""type"":""filter""}]}",0.4102518847817752,wrong_structure_or_value,"{""hierarchy_score"": 0.9798346949283723, ""retrieval_score"": 0.35121266411010255, ""retrieved_row_id"": 626, ""root_probabilities"": {""CDR"": 0.17428864381706768, ""EVisa Request"": 0.032457895510448524, ""Insight"": 0.03625943461127445, ""Investigation"": 0.05012299625393534, ""Person"": 0.05503671657738011, ""Phone"": 0.4420422343742143, ""Report"": 0.044086604725559225, ""Web Activity"": 0.10740424942694761, ""Web Actor"": 0.05830122470317268}}"
102,List investigations with descriptions containing 'wire transfer',"{""entityType"":""Investigation"",""statements"":[{""parameters"":{""name"":""ifc.core.description"",""operator"":""contains"",""value"":""wire transfer""},""type"":""filter""}]}","{""entityType"":""Investigation"",""statements"":[{""parameters"":{""name"":""ifc.core.description"",""operator"":""contains"",""value"":""wire transfer""},""type"":""filter""}]}",0.6695741780791353,correct,"{""hierarchy_score"": 2.0673159400510177, ""retrieval_score"": 0.5136971478056298, ""retrieved_row_id"": 349, ""root_probabilities"": {""CDR"": 0.0371035522391784, ""EVisa Request"": 0.019556874180552793, ""Insight"": 0.028927303975073374, ""Investigation"": 0.753507963611023, ""Person"": 0.036294966072960184, ""Phone"": 0.0299541825656478, ""Report"": 0.03309123661063329, ""Web Activity"": 0.028479968023215525, ""Web Actor"": 0.033083952721715625}}"
103,List all calls that were redirected to voicemail in the past 6 days.,"{""entityType"":""CDR"",""statements"":[{""parameters"":{""name"":""ifc.ootb.CDR.callStatus"",""operator"":""equals"",""value"":""Redirected""},""type"":""filter""},{""parameters"":{""name"":""ifc.ootb.CDR.startTime"",""operator"":""relative"",""value"":{""count"":6,""mode"":""previous"",""time_res"":""day""}},""type"":""filter""},{""parameters"":{""name"":""ifc.ootb.CDR.type"",""operator"":""equals"",""value"":""Voice""},""type"":""filter""}]}","{""entityType"":""CDR"",""statements"":[{""parameters"":{""name"":""ifc.ootb.CDR.callStatus"",""operator"":""equals"",""value"":""Redirected""},""type"":""filter""},{""parameters"":{""name"":""ifc.ootb.CDR.msisdn"",""operator"":""equals"",""value"":""+972543037210""},""type"":""filter""},{""parameters"":{""name"":""ifc.ootb.CDR.startTime"",""operator"":""relative"",""value"":{""count"":6,""mode"":""previous"",""time_res"":""day""}},""type"":""filter""},{""parameters"":{""name"":""ifc.ootb.CDR.type"",""operator"":""equals"",""value"":""Voice""},""type"":""filter""}]}",0.5757134253418084,wrong_structure_or_value,"{""hierarchy_score"": 1.5048890448703058, ""retrieval_score"": 0.6797290216765931, ""retrieved_row_id"": 214, ""root_probabilities"": {""CDR"": 0.5197050273153857, ""EVisa Request"": 0.04471312836669678, ""Insight"": 0.05382303021796045, ""Investigation"": 0.059298775175062886, ""Person"": 0.041065416740887595, ""Phone"": 0.06795117218746916, ""Report"": 0.04924676105146321, ""Web Activity"": 0.11028853446743449, ""Web Actor"": 0.0539081544776397}}"
116,List emails from john@gmail.com or sarah@outlook.com with 'urgent' in the subject yesterday,"{""entityType"":""CDR"",""statements"":[{""parameters"":{""name"":""ifc.CDR.emailSubject"",""operator"":""contains"",""value"":""urgent""},""type"":""filter""},{""parameters"":{""name"":""ifc.ootb.CDR.createDateTime"",""operator"":""relative"",""value"":{""count"":1,""mode"":""previous"",""time_res"":""day""}},""type"":""filter""},{""parameters"":{""name"":""ifc.ootb.CDR.type"",""operator"":""equals"",""value"":""Email""},""type"":""filter""},{""parameters"":{""operatorValue"":""OR""},""statements"":[{""parameters"":{""name"":""ifc.ootb.CDR.originatorEmailAddress"",""operator"":""equals"",""value"":""john@gmail.com""},""type"":""filter""},{""parameters"":{""name"":""ifc.ootb.CDR.originatorEmailAddress"",""operator"":""equals"",""value"":""sarah@outlook.com""},""type"":""filter""}],""type"":""operator""}]}","{""entityType"":""CDR"",""statements"":[{""parameters"":{""name"":""ifc.CDR.emailSubject"",""operator"":""contains"",""value"":""urgent""},""type"":""filter""},{""parameters"":{""name"":""ifc.ootb.CDR.originatorEmailAddress"",""operator"":""equals"",""value"":""ariel042cohen@gmail.com""},""type"":""filter""},{""parameters"":{""name"":""ifc.ootb.CDR.type"",""operator"":""equals"",""value"":""Email""},""type"":""filter""}]}",0.6360955687773553,wrong_structure_or_value,"{""hierarchy_score"": 2.0267728821514233, ""retrieval_score"": 0.5670824947145829, ""retrieved_row_id"": 287, ""root_probabilities"": {""CDR"": 0.6732564548111558, ""EVisa Request"": 0.02512722417679212, ""Insight"": 0.044568489752470984, ""Investigation"": 0.03331658324109383, ""Person"": 0.038423522613462324, ""Phone"": 0.04099495480127013, ""Report"": 0.03518260320055034, ""Web Activity"": 0.05809716811883713, ""Web Actor"": 0.051032999284367414}}"
117,Show me all SMS messages sent via the SMPP protocol in the past 24 hours.,"{""entityType"":""CDR"",""statements"":[{""parameters"":{""name"":""ifc.ootb.CDR.smsProtocol"",""operator"":""equals"",""value"":""SMPP""},""type"":""filter""},{""parameters"":{""name"":""ifc.ootb.CDR.startTime"",""operator"":""relative"",""value"":{""count"":24,""mode"":""previous"",""time_res"":""hour""}},""type"":""filter""},{""parameters"":{""name"":""ifc.ootb.CDR.type"",""operator"":""equals"",""value"":""Text""},""type"":""filter""}]}","{""entityType"":""CDR"",""statements"":[{""parameters"":{""name"":""ifc.ootb.CDR.protocol"",""operator"":""relative"",""value"":{""count"":24,""mode"":""previous"",""time_res"":""hour""}},""type"":""filter""},{""parameters"":{""name"":""ifc.ootb.CDR.smsText"",""operator"":""contains"",""value"":""meeting""},""type"":""filter""},{""parameters"":{""name"":""ifc.ootb.CDR.startTime"",""operator"":""relative"",""value"":{""count"":24,""mode"":""previous"",""time_res"":""hour""}},""type"":""filter""},{""parameters"":{""name"":""ifc.ootb.CDR.type"",""operator"":""equals"",""value"":""Text""},""type"":""filter""}]}",0.5280557727703812,wrong_structure_or_value,"{""hierarchy_score"": 1.695539092131749, ""retrieval_score"": 0.39603578440622494, ""retrieved_row_id"": 382, ""root_probabilities"": {""CDR"": 0.5991434588126191, ""EVisa Request"": 0.030599483322571553, ""Insight"": 0.055999075271277524, ""Investigation"": 0.04347199687489573, ""Person"": 0.042303006569099924, ""Phone"": 0.04958003084472334, ""Report"": 0.03633304049798432, ""Web Activity"": 0.0962880931254785, ""Web Actor"": 0.046281814681350085}}"
119,List web actors who attended Stanford University.,"{""entityType"":""Web Actor"",""statements"":[{""parameters"":{""name"":""ifc.ootb.WebActor.educationalInstitution"",""operator"":""contains"",""value"":""Stanford University""},""type"":""filter""}]}","{""entityType"":""Web Activity"",""statements"":[{""parameters"":{""relationTargetType"":[""Web Actor""],""relationType"":[""relation_Writer""]},""statements"":[{""parameters"":{""name"":""ifc.ootb.WebActor.gender"",""operator"":""equals"",""value"":""Female""},""type"":""filter""},{""parameters"":{""name"":""ifc.ootb.WebActor.educationalInstitution"",""operator"":""contains"",""value"":""Stanford University""},""type"":""filter""}],""type"":""relation""}]}",0.45864388894831387,wrong_root,"{""hierarchy_score"": 1.741715138766955, ""retrieval_score"": 0.7233551194741754, ""retrieved_row_id"": 370, ""root_probabilities"": {""CDR"": 0.08937271997965662, ""EVisa Request"": 0.058877422560325306, ""Insight"": 0.05274334109288812, ""Investigation"": 0.0462792919243341, ""Person"": 0.05248619669604424, ""Phone"": 0.0681794092521885, ""Report"": 0.050699661300913315, ""Web Activity"": 0.3161070725113115, ""Web Actor"": 0.2652548846823384}}"
134,"Identify social activities with a positive sentiment score of 0.8, created by account following 1000 accounts","{""entityType"":""Web Activity"",""statements"":[{""parameters"":{""name"":""ifc.ootb.WebActivity.sentiment"",""operator"":""equals"",""value"":""Positive""},""type"":""filter""},{""parameters"":{""name"":""ifc.ootb.WebActivity.sentimentScore"",""operator"":""equals"",""value"":0.8},""type"":""filter""},{""parameters"":{""relationTargetType"":[""Web Actor""],""relationType"":[""relation_Writer""]},""statements"":[{""parameters"":{""name"":""ifc.ootb.WebActor.numberOfFollowing"",""operator"":""equals"",""value"":1000},""type"":""filter""}],""type"":""relation""}]}","{""entityType"":""Web Activity"",""statements"":[{""parameters"":{""name"":""ifc.ootb.Orbis.platform"",""operator"":""equals"",""value"":""instagram""},""type"":""filter""},{""parameters"":{""name"":""ifc.ootb.Orbis.publishDate"",""operator"":""between"",""value"":[""2024-03-01"",""2024-03-31""]},""type"":""filter""},{""parameters"":{""name"":""ifc.ootb.WebActivity.sentiment"",""operator"":""equals"",""value"":""Positive""},""type"":""filter""}]}",0.35033057259894174,wrong_structure_or_value,"{""hierarchy_score"": 1.1188760386309384, ""retrieval_score"": 0.24986258836561273, ""retrieved_row_id"": 648, ""root_probabilities"": {""CDR"": 0.05862150710487268, ""EVisa Request"": 0.024849190373066425, ""Insight"": 0.04394240373276234, ""Investigation"": 0.038601234227538375, ""Person"": 0.042569518444716306, ""Phone"": 0.05160529483739992, ""Report"": 0.045788870904341764, ""Web Activity"": 0.4044287179553496, ""Web Actor"": 0.28959326241995254}}"
169,Find all people with the last name 'Smith' born between 1 January 1980 and 31 December 1989,"{""entityType"":""Person"",""statements"":[{""parameters"":{""name"":""ifc.Person.birthDate"",""operator"":""between"",""value"":[""1980-01-01"",""1989-12-31""]},""type"":""filter""},{""parameters"":{""name"":""ifc.Person.lastName"",""operator"":""equals"",""value"":""Smith""},""type"":""filter""}]}","{""entityType"":""Person"",""statements"":[{""parameters"":{""name"":""ifc.Person.birthDate"",""operator"":""between"",""value"":[""1980-01-01"",""1989-12-31""]},""type"":""filter""}]}",0.5722123242699777,wrong_structure_or_value,"{""hierarchy_score"": 1.9665349729298096, ""retrieval_score"": 0.3859759545803821, ""retrieved_row_id"": 307, ""root_probabilities"": {""CDR"": 0.03529737981706818, ""EVisa Request"": 0.047894234974477166, ""Insight"": 0.022388146166106057, ""Investigation"": 0.034456755474160744, ""Person"": 0.6724934464105291, ""Phone"": 0.04459744962400307, ""Report"": 0.02408056244230414, ""Web Activity"": 0.05083511903489558, ""Web Actor"": 0.0679569060564561}}"
170,show all incoming and outgoing emails of ariel042cohen@gmail from the past week,"{""entityType"":""CDR"",""statements"":[{""parameters"":{""name"":""ifc.ootb.CDR.createDateTime"",""operator"":""relative"",""value"":{""count"":1,""mode"":""previous"",""time_res"":""week""}},""type"":""filter""},{""parameters"":{""operatorValue"":""OR""},""statements"":[{""parameters"":{""name"":""ifc.ootb.CDR.originatorEmailAddress"",""operator"":""equals"",""value"":""ariel042cohen@gmail""},""type"":""filter""},{""parameters"":{""name"":""ifc.ootb.CDR.destinationEmailAddress"",""operator"":""equals"",""value"":""ariel042cohen@gmail""},""type"":""filter""}],""type"":""operator""}]}","{""entityType"":""CDR"",""statements"":[{""parameters"":{""name"":""ifc.ootb.CDR.originatorEmailAddress"",""operator"":""equals"",""value"":""ariel042cohen@gmail.com""},""type"":""filter""},{""parameters"":{""name"":""ifc.ootb.CDR.type"",""operator"":""equals"",""value"":""Web""},""type"":""filter""}]}",0.5360699742550687,wrong_structure_or_value,"{""hierarchy_score"": 1.7343835014225968, ""retrieval_score"": 0.40498119073563676, ""retrieved_row_id"": 420, ""root_probabilities"": {""CDR"": 0.6066562423039937, ""EVisa Request"": 0.028136494469396887, ""Insight"": 0.060077664739857636, ""Investigation"": 0.0423047654038221, ""Person"": 0.04409853802436284, ""Phone"": 0.054840492720499324, ""Report"": 0.04161455698090784, ""Web Activity"": 0.0794669957811232, ""Web Actor"": 0.042804249576036554}}"
180,Find reports with 'ponzi scheme' in the content,"{""entityType"":""Report"",""statements"":[{""parameters"":{""name"":""text"",""operator"":""contains"",""value"":""ponzi scheme""},""type"":""filter""}]}","{""entityType"":""Report"",""statements"":[{""parameters"":{""name"":""text"",""operator"":""contains"",""value"":""ponzi scheme""},""type"":""filter""}]}",0.619746340358835,correct,"{""hierarchy_score"": 1.7844342092447532, ""retrieval_score"": 0.3205021800710388, ""retrieved_row_id"": 599, ""root_probabilities"": {""CDR"": 0.03603411657765284, ""EVisa Request"": 0.014836772266169916, ""Insight"": 0.024521070725012233, ""Investigation"": 0.01882392256781078, ""Person"": 0.0291225854782458, ""Phone"": 0.026767583872361132, ""Report"": 0.780877811283033, ""Web Activity"": 0.03022305523227917, ""Web Actor"": 0.038793081997434836}}"
185,Find all mobile phones that are linked to IMSI 310150123456789,"{""entityType"":""Phone"",""statements"":[{""parameters"":{""name"":""ifc.Phone.type"",""operator"":""equals"",""value"":""Mobile""},""type"":""filter""},{""parameters"":{""name"":""ifc.ootb.Phone.IMSI"",""operator"":""equals"",""value"":""310150123456789""},""type"":""filter""}]}","{""entityType"":""Phone"",""statements"":[{""parameters"":{""name"":""ifc.ootb.Phone.IMSI"",""operator"":""equals"",""value"":""310150123456789""},""type"":""filter""}]}",0.5659177750607013,wrong_structure_or_value,"{""hierarchy_score"": 1.8568279014964943, ""retrieval_score"": 0.4750753540114844, ""retrieved_row_id"": 506, ""root_probabilities"": {""CDR"": 0.10851684928399127, ""EVisa Request"": 0.02473233919863479, ""Insight"": 0.03458128042008084, ""Investigation"": 0.037855675820787374, ""Person"": 0.0364334944031447, ""Phone"": 0.6148329248564335, ""Report"": 0.03114416531052344, ""Web Activity"": 0.061564094128110106, ""Web Actor"": 0.05033917657829392}}"
186,Show me investigations that are either open or were created in the last month,"{""entityType"":""Investigation"",""statements"":[{""parameters"":{""operatorValue"":""OR""},""statements"":[{""parameters"":{""name"":""ifc.core.state"",""operator"":""equals"",""value"":""open""},""type"":""filter""},{""parameters"":{""name"":""ifc.core.createtime"",""operator"":""relative"",""value"":{""count"":1,""mode"":""previous"",""time_res"":""month""}},""type"":""filter""}],""type"":""operator""}]}","{""entityType"":""Investigation"",""statements"":[{""parameters"":{""operatorValue"":""OR""},""statements"":[{""parameters"":{""name"":""ifc.core.state"",""operator"":""equals"",""value"":""open""},""type"":""filter""},{""parameters"":{""name"":""ifc.core.createtime"",""operator"":""relative"",""value"":{""count"":1,""mode"":""previous"",""time_res"":""month""}},""type"":""filter""}],""type"":""operator""}]}",0.8864219047018636,correct,"{""hierarchy_score"": 2.096554808902914, ""retrieval_score"": 0.9247014265779498, ""retrieved_row_id"": 2, ""root_probabilities"": {""CDR"": 0.018059903120575076, ""EVisa Request"": 0.009789149818450365, ""Insight"": 0.021328235575530482, ""Investigation"": 0.865809854460894, ""Person"": 0.012299775990894119, ""Phone"": 0.014081833284418394, ""Report"": 0.0176916429241091, ""Web Activity"": 0.017268564367127127, ""Web Actor"": 0.023671040458001277}}"
191,"Find LinkedIn profiles mentioning 'data science' in their about section, created in the last 6 months","{""entityType"":""Web Actor"",""statements"":[{""parameters"":{""name"":""ifc.ootb.Orbis.platform"",""operator"":""equals"",""value"":""linkedin""},""type"":""filter""},{""parameters"":{""name"":""ifc.ootb.Orbis.publishDate"",""operator"":""relative"",""value"":{""count"":6,""mode"":""previous"",""time_res"":""month""}},""type"":""filter""},{""parameters"":{""name"":""ifc.ootb.WebActor.about"",""operator"":""contains"",""value"":""data science""},""type"":""filter""}]}","{""entityType"":""Web Actor"",""statements"":[{""parameters"":{""name"":""ifc.ootb.Orbis.platform"",""operator"":""equals"",""value"":""linkedin""},""type"":""filter""},{""parameters"":{""name"":""ifc.ootb.Orbis.publishDate"",""operator"":""contains"",""value"":""data science""},""type"":""filter""},{""parameters"":{""name"":""ifc.ootb.WebActor.about"",""operator"":""contains"",""value"":""data science""},""type"":""filter""}]}",0.5491505983647991,wrong_structure_or_value,"{""hierarchy_score"": 1.8497143361328912, ""retrieval_score"": 0.40651640662402094, ""retrieved_row_id"": 731, ""root_probabilities"": {""CDR"": 0.04136635332497306, ""EVisa Request"": 0.02730887883097642, ""Insight"": 0.06348480367918052, ""Investigation"": 0.053425713693220765, ""Person"": 0.020003823080344575, ""Phone"": 0.02971209801640761, ""Report"": 0.05672291272187363, ""Web Activity"": 0.08202179196626681, ""Web Actor"": 0.6259536246867566}}"
211,Find all phones associated with target name John Smith,"{""entityType"":""Phone"",""statements"":[{""parameters"":{""name"":""ifc.ootb.Participant.targetName"",""operator"":""equals"",""value"":""John Smith""},""type"":""filter""}]}","{""entityType"":""Phone"",""statements"":[{""parameters"":{""name"":""ifc.ootb.Participant.targetName"",""operator"":""equals"",""value"":""John Smith""},""type"":""filter""}]}",0.6276207766091291,correct,"{""hierarchy_score"": 2.099692108491704, ""retrieval_score"": 0.8550513311425009, ""retrieved_row_id"": 130, ""root_probabilities"": {""CDR"": 0.15614647073166196, ""EVisa Request"": 0.027792953271349435, ""Insight"": 0.03434655894356215, ""Investigation"": 0.037539881683678826, ""Person"": 0.09178562947224876, ""Phone"": 0.5051581703219289, ""Report"": 0.03403242187622945, ""Web Activity"": 0.05553038711924621, ""Web Actor"": 0.057667526580094434}}"
218,Show me any emails sent from jane@company.com to ariel042cohen@gmail.com with attachments in the past 2 weeks,"{""entityType"":""CDR"",""statements"":[{""parameters"":{""name"":""ifc.ootb.CDR.destinationEmailAddress"",""operator"":""equals"",""value"":""ariel042cohen@gmail.com""},""type"":""filter""},{""parameters"":{""name"":""ifc.ootb.CDR.isAttachment"",""operator"":""equals"",""value"":true},""type"":""filter""},{""parameters"":{""name"":""ifc.ootb.CDR.originatorEmailAddress"",""operator"":""equals"",""value"":""jane@company.com""},""type"":""filter""},{""parameters"":{""name"":""ifc.ootb.CDR.startTime"",""operator"":""relative"",""value"":{""count"":2,""mode"":""previous"",""time_res"":""week""}},""type"":""filter""},{""parameters"":{""name"":""ifc.ootb.CDR.type"",""operator"":""equals"",""value"":""Email""},""type"":""filter""}]}","{""entityType"":""CDR"",""statements"":[{""parameters"":{""name"":""ifc.ootb.CDR.isAttachment"",""operator"":""equals"",""value"":true},""type"":""filter""},{""parameters"":{""name"":""ifc.ootb.CDR.originatorEmailAddress"",""operator"":""equals"",""value"":""ariel042cohen@gmail.com""},""type"":""filter""},{""parameters"":{""name"":""ifc.ootb.CDR.type"",""operator"":""equals"",""value"":""Email""},""type"":""filter""}]}",0.71337039669266,wrong_structure_or_value,"{""hierarchy_score"": 2.026329507936355, ""retrieval_score"": 0.595542305905455, ""retrieved_row_id"": 735, ""root_probabilities"": {""CDR"": 0.7768162917319242, ""EVisa Request"": 0.015690333752220578, ""Insight"": 0.04033903385854893, ""Investigation"": 0.022943838027363, ""Person"": 0.02707430780466616, ""Phone"": 0.024317664487223625, ""Report"": 0.024456910186645347, ""Web Activity"": 0.039134547626373035, ""Web Actor"": 0.029227072525035078}}"
225,Show me reports updated after 20 March 2024,"{""entityType"":""Report"",""statements"":[{""parameters"":{""name"":""ifc.core.updatetime"",""operator"":""after"",""value"":""2024-03-20""},""type"":""filter""}]}","{""entityType"":""Report"",""statements"":[{""parameters"":{""name"":""ifc.core.updatetime"",""operator"":""after"",""value"":""2024-03-20""},""type"":""filter""}]}",0.6581085786365483,correct,"{""hierarchy_score"": 1.807381402542039, ""retrieval_score"": 0.4107448112138374, ""retrieved_row_id"": 255, ""root_probabilities"": {""CDR"": 0.0332994896168545, ""EVisa Request"": 0.018375794777885552, ""Insight"": 0.024281944435790535, ""Investigation"": 0.021570797967231173, ""Person"": 0.024363292079963884, ""Phone"": 0.022672574063597774, ""Report"": 0.7913044534026232, ""Web Activity"": 0.03497898938313404, ""Web Actor"": 0.029152664272919272}}"
226,Identify web actors with a negative sentiment score who have shared posts related to 'politics' in 2023.,"{""entityType"":""Web Actor"",""statements"":[{""parameters"":{""name"":""ifc.ootb.WebActor.sentiment"",""operator"":""equals"",""value"":""Negative""},""type"":""filter""},{""parameters"":{""relationTargetType"":[""Web Activity""],""relationType"":[""relation_Writer""]},""statements"":[{""parameters"":{""name"":""ifc.ootb.WebActivity.text"",""operator"":""similar_to"",""value"":""politics""},""type"":""filter""},{""parameters"":{""name"":""ifc.ootb.Orbis.publishDate"",""operator"":""between"",""value"":[""2023-01-01"",""2023-12-31""]},""type"":""filter""}],""type"":""relation""}]}","{""entityType"":""Web Activity"",""statements"":[{""parameters"":{""name"":""ifc.ootb.WebActivity.sentiment"",""operator"":""equals"",""value"":""politics""},""type"":""filter""},{""parameters"":{""operatorValue"":""OR""},""statements"":[{""parameters"":{""name"":""ifc.ootb.WebActivity.text"",""operator"":""contains"",""value"":""politics""},""type"":""filter""},{""parameters"":{""name"":""ifc.ootb.WebActivity.text"",""operator"":""contains"",""value"":""politics""},""type"":""filter""}],""type"":""operator""}]}",0.45402497798270647,wrong_root,"{""hierarchy_score"": 1.662652502201323, ""retrieval_score"": 0.10394796514984077, ""retrieved_row_id"": 733, ""root_probabilities"": {""CDR"": 0.03397726312400528, ""EVisa Request"": 0.021790042448708004, ""Insight"": 0.03021858722831701, ""Investigation"": 0.03202484903559971, ""Person"": 0.026887347737195075, ""Phone"": 0.03183411934870762, ""Report"": 0.02197792164580266, ""Web Activity"": 0.642527984892711, ""Web Actor"": 0.1587618845389535}}"
242,List reports created in the first quarter of 2024,"{""entityType"":""Report"",""statements"":[{""parameters"":{""name"":""ifc.core.createtime"",""operator"":""between"",""value"":[""2024-01-01"",""2024-03-31""]},""type"":""filter""}]}","{""entityType"":""Report"",""statements"":[{""parameters"":{""name"":""ifc.core.createtime"",""operator"":""between"",""value"":[""2024-03-01"",""2024-03-07""]},""type"":""filter""}]}",0.6676121342843311,wrong_structure_or_value,"{""hierarchy_score"": 2.140010042371545, ""retrieval_score"": 0.61238600505338, ""retrieved_row_id"": 530, ""root_probabilities"": {""CDR"": 0.02593926638310919, ""EVisa Request"": 0.016522009325607833, ""Insight"": 0.052948552355218795, ""Investigation"": 0.09793702445441119, ""Person"": 0.023326086191455566, ""Phone"": 0.024079573978160174, ""Report"": 0.6973492807933047, ""Web Activity"": 0.024076225632270905, ""Web Actor"": 0.03782198088646164}}"
245,Retrieve the details of suspicious phones with IMEI 356938035643809 or 490154203237518,"{""entityType"":""Phone"",""statements"":[{""parameters"":{""name"":""ifc.ootb.Participant.isSuspicious"",""operator"":""equals"",""value"":true},""type"":""filter""},{""parameters"":{""operatorValue"":""OR""},""statements"":[{""parameters"":{""name"":""ifc.ootb.Phone.IMEI"",""operator"":""equals"",""value"":""356938035643809""},""type"":""filter""},{""parameters"":{""name"":""ifc.ootb.Phone.IMEI"",""operator"":""equals"",""value"":""490154203237518""},""type"":""filter""}],""type"":""operator""}]}","{""entityType"":""Phone"",""statements"":[{""parameters"":{""name"":""ifc.ootb.Phone.IMEI"",""operator"":""equals"",""value"":""490154203237518""},""type"":""filter""},{""parameters"":{""operatorValue"":""OR""},""statements"":[{""parameters"":{""name"":""ifc.ootb.Phone.IMEI"",""operator"":""equals"",""value"":""490154203237518""},""type"":""filter""},{""parameters"":{""name"":""ifc.ootb.Phone.IMEI"",""operator"":""equals"",""value"":""490154203237518""},""type"":""filter""}],""type"":""operator""}]}",0.6691812808571542,wrong_structure_or_value,"{""hierarchy_score"": 1.9919086572140157, ""retrieval_score"": 0.8419093247209976, ""retrieved_row_id"": 483, ""root_probabilities"": {""CDR"": 0.1391722710068447, ""EVisa Request"": 0.023392459516849682, ""Insight"": 0.04596338346919263, ""Investigation"": 0.03139163294775124, ""Person"": 0.05236127062295574, ""Phone"": 0.5761738726227771, ""Report"": 0.040301069386639875, ""Web Activity"": 0.04431562797930958, ""Web Actor"": 0.04692841244767932}}"
248,Show investigations created between 1 January 2024 and 15 March 2024,"{""entityType"":""Investigation"",""statements"":[{""parameters"":{""name"":""ifc.core.createtime"",""operator"":""between"",""value"":[""2024-01-01"",""2024-03-15""]},""type"":""filter""}]}","{""entityType"":""Investigation"",""statements"":[{""parameters"":{""name"":""ifc.core.createtime"",""operator"":""between"",""value"":[""2024-01-01"",""2024-03-15""]},""type"":""filter""}]}",0.7816044405440438,correct,"{""hierarchy_score"": 2.142674822448845, ""retrieval_score"": 0.6837172351094334, ""retrieved_row_id"": 504, ""root_probabilities"": {""CDR"": 0.022106098317672063, ""EVisa Request"": 0.016615370979008885, ""Insight"": 0.01920193094816879, ""Investigation"": 0.8343129357780648, ""Person"": 0.01659794168769289, ""Phone"": 0.018601227691462524, ""Report"": 0.024500504396763427, ""Web Activity"": 0.02554181283852865, ""Web Actor"": 0.02252217736263822}}"
263,List all emails sent from john@example.com to jane@example.com last month,"{""entityType"":""CDR"",""statements"":[{""parameters"":{""name"":""ifc.ootb.CDR.destinationEmailAddress"",""operator"":""equals"",""value"":""jane@example.com""},""type"":""filter""},{""parameters"":{""name"":""ifc.ootb.CDR.originatorEmailAddress"",""operator"":""equals"",""value"":""john@example.com""},""type"":""filter""},{""parameters"":{""name"":""ifc.ootb.CDR.startTime"",""operator"":""relative"",""value"":{""count"":1,""mode"":""previous"",""time_res"":""month""}},""type"":""filter""},{""parameters"":{""name"":""ifc.ootb.CDR.type"",""operator"":""equals"",""value"":""Email""},""type"":""filter""}]}","{""entityType"":""CDR"",""statements"":[{""parameters"":{""name"":""ifc.CDR.emailSubject"",""operator"":""contains"",""value"":""Urgent""},""type"":""filter""},{""parameters"":{""name"":""ifc.ootb.CDR.originatorEmailAddress"",""operator"":""equals"",""value"":""john@example.com""},""type"":""filter""},{""parameters"":{""name"":""ifc.ootb.CDR.startTime"",""operator"":""relative"",""value"":{""count"":1,""mode"":""previous"",""time_res"":""month""}},""type"":""filter""},{""parameters"":{""name"":""ifc.ootb.CDR.type"",""operator"":""equals"",""value"":""Email""},""type"":""filter""}]}",0.5760530561272246,wrong_structure_or_value,"{""hierarchy_score"": 1.9132074945677147, ""retrieval_score"": 0.5016434494991664, ""retrieved_row_id"": 32, ""root_probabilities"": {""CDR"": 0.6161197673884866, ""EVisa Request"": 0.04330703960241229, ""Insight"": 0.04324581951526547, ""Investigation"": 0.03620501815129371, ""Person"": 0.04583058425120569, ""Phone"": 0.04461172328999816, ""Report"": 0.049722929128680114, ""Web Activity"": 0.07518991616398767, ""Web Actor"": 0.04576720250867032}}"
264,investigations that closed on feb 20 2024,"{""entityType"":""Investigation"",""statements"":[{""parameters"":{""name"":""ifc.core.dueTime"",""operator"":""is"",""value"":""2024-02-20""},""type"":""filter""},{""parameters"":{""name"":""ifc.core.state"",""operator"":""equals"",""value"":""closed""},""type"":""filter""}]}","{""entityType"":""Investigation"",""statements"":[{""parameters"":{""name"":""ifc.core.state"",""operator"":""equals"",""value"":""closed""},""type"":""filter""}]}",0.6407127264299658,wrong_structure_or_value,"{""hierarchy_score"": 2.0114384002466306, ""retrieval_score"": 0.23445308074260326, ""retrieved_row_id"": 518, ""root_probabilities"": {""CDR"": 0.025506269715908622, ""EVisa Request"": 0.01066066011337672, ""Insight"": 0.015068384711722449, ""Investigation"": 0.8594679202616226, ""Person"": 0.014112023886182197, ""Phone"": 0.018006529417014465, ""Report"": 0.01611491769482952, ""Web Activity"": 0.02156216759257842, ""Web Actor"": 0.019501126606765045}}"
269,Show classified SMS conversations of 0527654321 in the first week of January 2024,"{""entityType"":""CDR"",""statements"":[{""parameters"":{""name"":""ifc.CDR.isClassified"",""operator"":""equals"",""value"":true},""type"":""filter""},{""parameters"":{""name"":""ifc.ootb.CDR.createDateTime"",""operator"":""between"",""value"":[""2024-01-01"",""2024-01-07""]},""type"":""filter""},{""parameters"":{""name"":""ifc.ootb.CDR.type"",""operator"":""equals"",""value"":""Text""},""type"":""filter""},{""parameters"":{""operatorValue"":""OR""},""statements"":[{""parameters"":{""name"":""ifc.ootb.CDR.msisdn"",""operator"":""equals"",""value"":""0527654321""},""type"":""filter""},{""parameters"":{""name"":""ifc.ootb.CDR.msisdn2"",""operator"":""equals"",""value"":""0527654321""},""type"":""filter""}],""type"":""operator""}]}","{""entityType"":""CDR"",""statements"":[{""parameters"":{""name"":""ifc.ootb.CDR.smsText"",""operator"":""contains"",""value"":""bomb""},""type"":""filter""},{""parameters"":{""name"":""ifc.ootb.CDR.type"",""operator"":""equals"",""value"":""Text""},""type"":""filter""},{""parameters"":{""operatorValue"":""OR""},""statements"":[{""parameters"":{""name"":""ifc.ootb.CDR.msisdn"",""operator"":""equals"",""value"":""0527654321""},""type"":""filter""},{""parameters"":{""name"":""ifc.ootb.CDR.msisdn2"",""operator"":""equals"",""value"":""0527654321""},""type"":""filter""}],""type"":""operator""}]}",0.3477073044890272,wrong_structure_or_value,"{""hierarchy_score"": 1.1564676839270758, ""retrieval_score"": 0.34819727741953144, ""retrieved_row_id"": 145, ""root_probabilities"": {""CDR"": 0.34744347291106337, ""EVisa Request"": 0.05537910925940204, ""Insight"": 0.07898061816408065, ""Investigation"": 0.10336974529069509, ""Person"": 0.07218565236075437, ""Phone"": 0.09246636576587083, ""Report"": 0.07999573869548111, ""Web Activity"": 0.07528497864931258, ""Web Actor"": 0.09489431890333988}}"
277,What reports mention 'product launch' and were updated last week?,"{""entityType"":""Report"",""statements"":[{""parameters"":{""name"":""ifc.core.updatetime"",""operator"":""relative"",""value"":{""count"":1,""mode"":""previous"",""time_res"":""week""}},""type"":""filter""},{""parameters"":{""name"":""text"",""operator"":""contains"",""value"":""product launch""},""type"":""filter""}]}","{""entityType"":""Report"",""statements"":[{""parameters"":{""name"":""ifc.core.updatetime"",""operator"":""contains"",""value"":""product launch""},""type"":""filter""}]}",0.5793531630963954,wrong_structure_or_value,"{""hierarchy_score"": 1.6431122488377183, ""retrieval_score"": 0.40637192625618884, ""retrieved_row_id"": 265, ""root_probabilities"": {""CDR"": 0.05551357547436072, ""EVisa Request"": 0.024991722755595015, ""Insight"": 0.04244672258800815, ""Investigation"": 0.03603194264780859, ""Person"": 0.028376706141199606, ""Phone"": 0.038599367251855185, ""Report"": 0.6724969060103528, ""Web Activity"": 0.05637681557757844, ""Web Actor"": 0.04516624155324147}}"
291,Show me insights from the second half of 2023 related to the drug cartel.,"{""entityType"":""Insight"",""statements"":[{""parameters"":{""name"":""ifc.core.createtime"",""operator"":""between"",""value"":[""2023-07-01"",""2023-12-31""]},""type"":""filter""},{""parameters"":{""name"":""text"",""operator"":""contains"",""value"":""drug cartel""},""type"":""filter""}]}","{""entityType"":""Insight"",""statements"":[{""parameters"":{""name"":""ifc.core.createtime"",""operator"":""between"",""value"":[""2023-11-16"",""2023-11-30""]},""type"":""filter""}]}",0.7345396414910774,wrong_structure_or_value,"{""hierarchy_score"": 1.9129480026584913, ""retrieval_score"": 0.6864028513227536, ""retrieved_row_id"": 464, ""root_probabilities"": {""CDR"": 0.05258938289498058, ""EVisa Request"": 0.013659025205751091, ""Insight"": 0.7604594515817132, ""Investigation"": 0.04118330536066838, ""Person"": 0.017757920088131766, ""Phone"": 0.022317354119236556, ""Report"": 0.028649986182897054, ""Web Activity"": 0.036129591257558304, ""Web Actor"": 0.027253983309063007}}"
293,Find all investigations in a closed state,"{""entityType"":""Investigation"",""statements"":[{""parameters"":{""name"":""ifc.core.state"",""operator"":""equals"",""value"":""closed""},""type"":""filter""}]}","{""entityType"":""Investigation"",""statements"":[{""parameters"":{""name"":""ifc.core.description"",""operator"":""contains"",""value"":""insider trading""},""type"":""filter""},{""parameters"":{""name"":""ifc.core.state"",""operator"":""equals"",""value"":""closed""},""type"":""filter""}]}",0.6936373070397521,wrong_structure_or_value,"{""hierarchy_score"": 1.9864857005155045, ""retrieval_score"": 0.3685547015030966, ""retrieved_row_id"": 576, ""root_probabilities"": {""CDR"": 0.025389391082714693, ""EVisa Request"": 0.015865757657584547, ""Insight"": 0.011726342972016674, ""Investigation"": 0.8686817869441051, ""Person"": 0.015220098861829423, ""Phone"": 0.016932921812393982, ""Report"": 0.011860768212659314, ""Web Activity"": 0.02055053547039786, ""Web Actor"": 0.013772396986298317}}"
294,Show me insights from the first week of December 2023.,"{""entityType"":""Insight"",""statements"":[{""parameters"":{""name"":""ifc.core.createtime"",""operator"":""between"",""value"":[""2023-12-01"",""2023-12-07""]},""type"":""filter""}]}","{""entityType"":""Insight"",""statements"":[{""parameters"":{""name"":""ifc.core.createtime"",""operator"":""between"",""value"":[""2023-11-16"",""2023-11-30""]},""type"":""filter""}]}",0.6259879797338601,wrong_structure_or_value,"{""hierarchy_score"": 1.7269110190412467, ""retrieval_score"": 0.4614914465495727, ""retrieved_row_id"": 464, ""root_probabilities"": {""CDR"": 0.0611435579255352, ""EVisa Request"": 0.021345112998013904, ""Insight"": 0.714563036063861, ""Investigation"": 0.019975466373572805, ""Person"": 0.03886938712663901, ""Phone"": 0.033068842962283636, ""Report"": 0.02813097866136608, ""Web Activity"": 0.03855956990082899, ""Web Actor"": 0.04434404798789932}}"
305,Retrieve reports updated between 1 February 2024 and 28 February 2024,"{""entityType"":""Report"",""statements"":[{""parameters"":{""name"":""ifc.core.updatetime"",""operator"":""between"",""value"":[""2024-02-01"",""2024-02-28""]},""type"":""filter""}]}","{""entityType"":""Report"",""statements"":[{""parameters"":{""name"":""ifc.core.updatetime"",""operator"":""between"",""value"":[""2024-02-01"",""2024-02-28""]},""type"":""filter""}]}",0.4585171118489926,correct,"{""hierarchy_score"": 1.1597544122632035, ""retrieval_score"": 0.3018274071811846, ""retrieved_row_id"": 255, ""root_probabilities"": {""CDR"": 0.0655166933399009, ""EVisa Request"": 0.028960707601699175, ""Insight"": 0.038097136893280245, ""Investigation"": 0.06970529535750465, ""Person"": 0.0638960325800704, ""Phone"": 0.04454032059478623, ""Report"": 0.5428884912855045, ""Web Activity"": 0.07352981192022179, ""Web Actor"": 0.072865510427032}}"
306,Which phones were first active in February 2024?,"{""entityType"":""Phone"",""statements"":[{""parameters"":{""name"":""ifc.ootb.Participant.firstActiveDate"",""operator"":""between"",""value"":[""2024-02-01"",""2024-02-29""]},""type"":""filter""}]}","{""entityType"":""Phone"",""statements"":[{""parameters"":{""name"":""ifc.ootb.Participant.firstActiveDate"",""operator"":""relative"",""value"":{""count"":30,""mode"":""previous"",""time_res"":""day""}},""type"":""filter""}]}",0.6997717621623286,wrong_structure_or_value,"{""hierarchy_score"": 2.1324983683118885, ""retrieval_score"": 0.4377237644327751, ""retrieved_row_id"": 364, ""root_probabilities"": {""CDR"": 0.03229840500157892, ""EVisa Request"": 0.009384337606824868, ""Insight"": 0.014172196996617694, ""Investigation"": 0.01579118379492091, ""Person"": 0.014720092836298382, ""Phone"": 0.8408745301705496, ""Report"": 0.014913151724867953, ""Web Activity"": 0.022266825955922255, ""Web Actor"": 0.035579275912419286}}"
308,Show me all persons born on New Year's Day 1978,"{""entityType"":""Person"",""statements"":[{""parameters"":{""name"":""ifc.Person.birthDate"",""operator"":""is"",""value"":""1978-01-01""},""type"":""filter""}]}","{""entityType"":""Person"",""statements"":[{""parameters"":{""name"":""ifc.Person.birthDate"",""operator"":""before"",""value"":""1950-09-01""},""type"":""filter""}]}",0.5057169477185928,wrong_structure_or_value,"{""hierarchy_score"": 1.9950226580708212, ""retrieval_score"": 0.2831064708669087, ""retrieved_row_id"": 23, ""root_probabilities"": {""CDR"": 0.07571296346481383, ""EVisa Request"": 0.026876127468408027, ""Insight"": 0.04286750726970859, ""Investigation"": 0.03752371487644515, ""Person"": 0.6255841275618073, ""Phone"": 0.05143251343955747, ""Report"": 0.029769253220440686, ""Web Activity"": 0.06955407683144277, ""Web Actor"": 0.04067971586737629}}"
318,Find the phone details for alias John Doe,"{""entityType"":""Phone"",""statements"":[{""parameters"":{""name"":""ifc.ootb.Participant.aliasName"",""operator"":""equals"",""value"":""John Doe""},""type"":""filter""}]}","{""entityType"":""Phone"",""statements"":[{""parameters"":{""name"":""ifc.ootb.Participant.aliasName"",""operator"":""equals"",""value"":""John Doe""},""type"":""filter""}]}",0.4410353030863693,correct,"{""hierarchy_score"": 1.3932463463799862, ""retrieval_score"": 0.23075640436624317, ""retrieved_row_id"": 644, ""root_probabilities"": {""CDR"": 0.12012029503626553, ""EVisa Request"": 0.03183804086293808, ""Insight"": 0.05442882106990412, ""Investigation"": 0.037139856146000225, ""Person"": 0.042254769959617196, ""Phone"": 0.5542624023972064, ""Report"": 0.046277799478643133, ""Web Activity"": 0.05908707553057444, ""Web Actor"": 0.05459093951885086}}"
326,What investigations were opened on 10 March 2024?,"{""entityType"":""Investigation"",""statements"":[{""parameters"":{""name"":""ifc.core.createtime"",""operator"":""is"",""value"":""2024-03-10""},""type"":""filter""}]}","{""entityType"":""Investigation"",""statements"":[{""parameters"":{""name"":""ifc.core.createtime"",""operator"":""between"",""value"":""2024-03-10""},""type"":""filter""}]}",0.7797957975733406,wrong_structure_or_value,"{""hierarchy_score"": 1.982824346536597, ""retrieval_score"": 0.6844297567591544, ""retrieved_row_id"": 82, ""root_probabilities"": {""CDR"": 0.04056049696245621, ""EVisa Request"": 0.010022231383158503, ""Insight"": 0.020388766068641633, ""Investigation"": 0.8311467426271331, ""Person"": 0.013393974498348095, ""Phone"": 0.023342922528157225, ""Report"": 0.018333827715568924, ""Web Activity"": 0.022763593762124765, ""Web Actor"": 0.020047444454411565}}"
328,Retrieve communications of  0521234567,"{""entityType"":""CDR"",""statements"":[{""parameters"":{""operatorValue"":""OR""},""statements"":[{""parameters"":{""name"":""ifc.ootb.CDR.msisdn"",""operator"":""equals"",""value"":""0521234567""},""type"":""filter""},{""parameters"":{""name"":""ifc.ootb.CDR.msisdn2"",""operator"":""equals"",""value"":""0521234567""},""type"":""filter""}],""type"":""operator""}]}","{""entityType"":""CDR"",""statements"":[{""parameters"":{""name"":""ifc.ootb.CDR.startTime"",""operator"":""relative"",""value"":{""count"":1,""mode"":""previous"",""time_res"":""month""}},""type"":""filter""},{""parameters"":{""operatorValue"":""OR""},""statements"":[{""parameters"":{""name"":""ifc.ootb.CDR.mainLanguage"",""operator"":""equals"",""value"":""French""},""type"":""filter""},{""parameters"":{""name"":""ifc.ootb.CDR.mainLanguage"",""operator"":""equals"",""value"":""Arabic""},""type"":""filter""}],""type"":""operator""},{""parameters"":{""operatorValue"":""OR""},""statements"":[{""parameters"":{""name"":""ifc.ootb.CDR.msisdn"",""operator"":""equals"",""value"":""0521234567""},""type"":""filter""},{""parameters"":{""name"":""ifc.ootb.CDR.msisdn2"",""operator"":""equals"",""value"":""0521234567""},""type"":""filter""}],""type"":""operator""}]}",0.5226122232655653,wrong_structure_or_value,"{""hierarchy_score"": 1.2799327108085903, ""retrieval_score"": 0.43867882433688377, ""retrieved_row_id"": 100, ""root_probabilities"": {""CDR"": 0.5678071303810093, ""EVisa Request"": 0.03228931576229439, ""Insight"": 0.05315465612706221, ""Investigation"": 0.0590389719916631, ""Person"": 0.06593577970992784, ""Phone"": 0.0554963419889546, ""Report"": 0.04206077309377552, ""Web Activity"": 0.05795617543370675, ""Web Actor"": 0.06626085551160632}}"
331,find me emails of  0546222288,"{""entityType"":""CDR"",""statements"":[{""parameters"":{""name"":""ifc.ootb.CDR.type"",""operator"":""equals"",""value"":""Email""},""type"":""filter""},{""parameters"":{""operatorValue"":""OR""},""statements"":[{""parameters"":{""name"":""ifc.ootb.CDR.msisdn"",""operator"":""equals"",""value"":""0546222288""},""type"":""filter""},{""parameters"":{""name"":""ifc.ootb.CDR.msisdn2"",""operator"":""equals"",""value"":""0546222288""},""type"":""filter""}],""type"":""operator""}]}","{""entityType"":""CDR"",""statements"":[{""parameters"":{""name"":""ifc.ootb.CDR.type"",""operator"":""equals"",""value"":""Email""},""type"":""filter""},{""parameters"":{""operatorValue"":""OR""},""statements"":[{""parameters"":{""name"":""ifc.ootb.CDR.msisdn"",""operator"":""equals"",""value"":""0546222288""},""type"":""filter""},{""parameters"":{""name"":""ifc.ootb.CDR.msisdn2"",""operator"":""equals"",""value"":""0546222288""},""type"":""filter""}],""type"":""operator""}]}",0.6481124271886569,correct,"{""hierarchy_score"": 1.7001343064057406, ""retrieval_score"": 0.8642755270015832, ""retrieved_row_id"": 534, ""root_probabilities"": {""CDR"": 0.5317169119047735, ""EVisa Request"": 0.03499234997339996, ""Insight"": 0.05108308454952592, ""Investigation"": 0.05084964844143999, ""Person"": 0.05936658197165035, ""Phone"": 0.07315478922085553, ""Report"": 0.05591984736746013, ""Web Activity"": 0.06953927341028336, ""Web Actor"": 0.07337751316061117}}"
333,What medium priority investigations were created last week?,"{""entityType"":""Investigation"",""statements"":[{""parameters"":{""name"":""ifc.core.createtime"",""operator"":""relative"",""value"":{""count"":1,""mode"":""previous"",""time_res"":""week""}},""type"":""filter""},{""parameters"":{""name"":""ifc.core.priority"",""operator"":""equals"",""value"":""Medium""},""type"":""filter""}]}","{""entityType"":""Investigation"",""statements"":[{""parameters"":{""name"":""ifc.core.createtime"",""operator"":""relative"",""value"":{""count"":1,""mode"":""previous"",""time_res"":""week""}},""type"":""filter""},{""parameters"":{""name"":""ifc.core.priority"",""operator"":""equals"",""value"":""Medium""},""type"":""filter""},{""parameters"":{""name"":""ifc.core.priority"",""operator"":""relative"",""value"":{""count"":1,""mode"":""previous"",""time_res"":""week""}},""type"":""filter""}]}",0.7123664459068105,wrong_structure_or_value,"{""hierarchy_score"": 1.8971275104004277, ""retrieval_score"": 0.5684622049921402, ""retrieved_row_id"": 583, ""root_probabilities"": {""CDR"": 0.03779620944562508, ""EVisa Request"": 0.02157135848289585, ""Insight"": 0.026842153205823158, ""Investigation"": 0.7898533448608638, ""Person"": 0.014655140190516409, ""Phone"": 0.023774093294513028, ""Report"": 0.028617991162454434, ""Web Activity"": 0.023695515312980767, ""Web Actor"": 0.03319419404432774}}"
343,Show me the details of the phone with MSISDN +972543037210,"{""entityType"":""Phone"",""statements"":[{""parameters"":{""name"":""ifc.ootb.Phone.MSISDN"",""operator"":""equals"",""value"":""+972543037210""},""type"":""filter""}]}","{""entityType"":""Phone"",""statements"":[{""parameters"":{""name"":""ifc.ootb.Phone.MSISDN"",""operator"":""equals"",""value"":""+972543037210""},""type"":""filter""},{""parameters"":{""operatorValue"":""OR""},""statements"":[{""parameters"":{""name"":""ifc.ootb.Phone.MSISDN"",""operator"":""equals"",""value"":""+972543037210""},""type"":""filter""},{""parameters"":{""name"":""ifc.ootb.Phone.MSISDN"",""operator"":""equals"",""value"":""+972543037210""},""type"":""filter""}],""type"":""operator""}]}",0.5156834031326201,wrong_structure_or_value,"{""hierarchy_score"": 1.7225065660303038, ""retrieval_score"": 0.5492944134896096, ""retrieved_row_id"": 548, ""root_probabilities"": {""CDR"": 0.182607610186371, ""EVisa Request"": 0.026620140128055175, ""Insight"": 0.04930007493003791, ""Investigation"": 0.038101043197846095, ""Person"": 0.054970467571362466, ""Phone"": 0.4975851667865488, ""Report"": 0.04088166305060242, ""Web Activity"": 0.058809050054945515, ""Web Actor"": 0.05112478409423053}}"
347,"Show me reports created on March 1, 2024 or March 15, 2024","{""entityType"":""Report"",""statements"":[{""parameters"":{""operatorValue"":""OR""},""statements"":[{""parameters"":{""name"":""ifc.core.createtime"",""operator"":""is"",""value"":""2024-03-01""},""type"":""filter""},{""parameters"":{""name"":""ifc.core.createtime"",""operator"":""is"",""value"":""2024-03-15""},""type"":""filter""}],""type"":""operator""}]}","{""entityType"":""Report"",""statements"":[{""parameters"":{""name"":""ifc.core.createtime"",""operator"":""is"",""value"":""2024-03-01""},""type"":""filter""}]}",0.7170716397527122,wrong_structure_or_value,"{""hierarchy_score"": 2.0674324774180293, ""retrieval_score"": 0.7066642478733954, ""retrieved_row_id"": 203, ""root_probabilities"": {""CDR"": 0.04235205383424018, ""EVisa Request"": 0.014166497887612713, ""Insight"": 0.05247968233793454, ""Investigation"": 0.0400002935302878, ""Person"": 0.022125255896667907, ""Phone"": 0.02902210271537993, ""Report"": 0.7226756199954211, ""Web Activity"": 0.03791149390620946, ""Web Actor"": 0.039266999896246435}}"
356,List suspicious phones active within the last 2 weeks.,"{""entityType"":""Phone"",""statements"":[{""parameters"":{""name"":""ifc.ootb.Participant.isSuspicious"",""operator"":""equals"",""value"":true},""type"":""filter""},{""parameters"":{""name"":""ifc.ootb.Participant.lastActiveDate"",""operator"":""relative"",""value"":{""count"":2,""mode"":""previous"",""time_res"":""week""}},""type"":""filter""}]}","{""entityType"":""Phone"",""statements"":[{""parameters"":{""name"":""ifc.ootb.Participant.isSuspicious"",""operator"":""equals"",""value"":true},""type"":""filter""}]}",0.5993567033400939,wrong_structure_or_value,"{""hierarchy_score"": 1.7731985055500101, ""retrieval_score"": 0.41281406131909126, ""retrieved_row_id"": 683, ""root_probabilities"": {""CDR"": 0.07161842698958175, ""EVisa Request"": 0.024029031099841017, ""Insight"": 0.038851034210697674, ""Investigation"": 0.023454529790721178, ""Person"": 0.027376215615143078, ""Phone"": 0.6998027413514031, ""Report"": 0.04179409451407345, ""Web Activity"": 0.04182861173333849, ""Web Actor"": 0.031245314695200414}}"
362,Find reports with information related to the case 'XYZ123',"{""entityType"":""Report"",""statements"":[{""parameters"":{""name"":""text"",""operator"":""contains"",""value"":""XYZ123""},""type"":""filter""}]}","{""entityType"":""Report"",""statements"":[{""parameters"":{""name"":""text"",""operator"":""contains"",""value"":""XYZ123""},""type"":""filter""}]}",0.49503998959550755,correct,"{""hierarchy_score"": 1.7561273840331901, ""retrieval_score"": 0.3156148198954194, ""retrieved_row_id"": 503, ""root_probabilities"": {""CDR"": 0.07048541486546996, ""EVisa Request"": 0.024209427824950464, ""Insight"": 0.05902633259335325, ""Investigation"": 0.07218024211316784, ""Person"": 0.048214411561801666, ""Phone"": 0.04716700271096282, ""Report"": 0.5916535425109396, ""Web Activity"": 0.04304640700650355, ""Web Actor"": 0.044017218812850874}}"
368,Find insights that contain 'suspicious activity' or 'potential threat' in the text,"{""entityType"":""Insight"",""statements"":[{""parameters"":{""operatorValue"":""OR""},""statements"":[{""parameters"":{""name"":""text"",""operator"":""contains"",""value"":""suspicious activity""},""type"":""filter""},{""parameters"":{""name"":""text"",""operator"":""contains"",""value"":""potential threat""},""type"":""filter""}],""type"":""operator""}]}","{""entityType"":""Insight"",""statements"":[{""parameters"":{""name"":""text"",""operator"":""contains"",""value"":""potential threat""},""type"":""filter""},{""parameters"":{""operatorValue"":""OR""},""statements"":[{""parameters"":{""name"":""text"",""operator"":""contains"",""value"":""suspicious activity""},""type"":""filter""},{""parameters"":{""name"":""text"",""operator"":""contains"",""value"":""suspicious activity""},""type"":""filter""}],""type"":""operator""}]}",0.5305203673379836,wrong_structure_or_value,"{""hierarchy_score"": 2.1295460417059533, ""retrieval_score"": 0.2853036117067798, ""retrieved_row_id"": 272, ""root_probabilities"": {""CDR"": 0.03479200945273058, ""EVisa Request"": 0.014912144717950805, ""Insight"": 0.6625601588317086, ""Investigation"": 0.027935010329603924, ""Person"": 0.02097081796593036, ""Phone"": 0.05529695521326413, ""Report"": 0.09054114476086376, ""Web Activity"": 0.056986117910666, ""Web Actor"": 0.03600564081728174}}"
371,"Show me all insights mentioning 'money laundering' from March 1, 2024 to March 15, 2024.","{""entityType"":""Insight"",""statements"":[{""parameters"":{""name"":""ifc.core.createtime"",""operator"":""between"",""value"":[""2024-03-01"",""2024-03-15""]},""type"":""filter""},{""parameters"":{""name"":""text"",""operator"":""contains"",""value"":""money laundering""},""type"":""filter""}]}","{""entityType"":""Insight"",""statements"":[{""parameters"":{""name"":""ifc.core.createtime"",""operator"":""relative"",""value"":""2024-03-01""},""type"":""filter""},{""parameters"":{""name"":""text"",""operator"":""contains"",""value"":""money laundering""},""type"":""filter""}]}",0.5637389566922211,wrong_structure_or_value,"{""hierarchy_score"": 1.723869691595011, ""retrieval_score"": 0.46853780767112935, ""retrieved_row_id"": 39, ""root_probabilities"": {""CDR"": 0.10294666392741429, ""EVisa Request"": 0.021218215990454117, ""Insight"": 0.6150011138574244, ""Investigation"": 0.03598777270484732, ""Person"": 0.027258438190672602, ""Phone"": 0.03361005648045312, ""Report"": 0.05481178750169034, ""Web Activity"": 0.07932264353646498, ""Web Actor"": 0.0298433078105788}}"
374,Show me all individuals with the occupation 'lawyer',"{""entityType"":""Person"",""statements"":[{""parameters"":{""name"":""ifc.Person.occupation"",""operator"":""equals"",""value"":""lawyer""},""type"":""filter""}]}","{""entityType"":""Person"",""statements"":[{""parameters"":{""name"":""ifc.Person.birthDate"",""operator"":""after"",""value"":""lawyer""},""type"":""filter""},{""parameters"":{""name"":""ifc.Person.occupation"",""operator"":""equals"",""value"":""lawyer""},""type"":""filter""}]}",0.6748444791649448,wrong_structure_or_value,"{""hierarchy_score"": 1.8962195540359348, ""retrieval_score"": 0.5157302419043029, ""retrieved_row_id"": 452, ""root_probabilities"": {""CDR"": 0.04447414464309884, ""EVisa Request"": 0.02584203373831523, ""Insight"": 0.024486619335193256, ""Investigation"": 0.02975003910861407, ""Person"": 0.7605213761514442, ""Phone"": 0.0331857050835923, ""Report"": 0.019984245563215576, ""Web Activity"": 0.03885801807365237, ""Web Actor"": 0.02289781830287408}}"
378,Find SMS messages in Spanish sent from 0543037210 in the past 2 weeks,"{""entityType"":""CDR"",""statements"":[{""parameters"":{""name"":""ifc.ootb.CDR.mainLanguage"",""operator"":""equals"",""value"":""spanish""},""type"":""filter""},{""parameters"":{""name"":""ifc.ootb.CDR.msisdn"",""operator"":""equals"",""value"":""0543037210""},""type"":""filter""},{""parameters"":{""name"":""ifc.ootb.CDR.startTime"",""operator"":""relative"",""value"":{""count"":2,""mode"":""previous"",""time_res"":""week""}},""type"":""filter""},{""parameters"":{""name"":""ifc.ootb.CDR.type"",""operator"":""equals"",""value"":""Text""},""type"":""filter""}]}","{""entityType"":""CDR"",""statements"":[{""parameters"":{""name"":""ifc.ootb.CDR.mainLanguage"",""operator"":""equals"",""value"":""spanish""},""type"":""filter""},{""parameters"":{""name"":""ifc.ootb.CDR.msisdn"",""operator"":""equals"",""value"":""0543037210""},""type"":""filter""},{""parameters"":{""name"":""ifc.ootb.CDR.type"",""operator"":""equals"",""value"":""Text""},""type"":""filter""}]}",0.776735804042042,wrong_structure_or_value,"{""hierarchy_score"": 2.0258266429319973, ""retrieval_score"": 0.7541528110058833, ""retrieved_row_id"": 122, ""root_probabilities"": {""CDR"": 0.7888958772153583, ""EVisa Request"": 0.013738248283510305, ""Insight"": 0.02826667216378751, ""Investigation"": 0.021113460963134448, ""Person"": 0.016314207648549472, ""Phone"": 0.023831184213796524, ""Report"": 0.024044176827140586, ""Web Activity"": 0.057859539668890486, ""Web Actor"": 0.02593663301583229}}"
383,Find individuals whose last name starts with 'M' or 'R',"{""entityType"":""Person"",""statements"":[{""parameters"":{""operatorValue"":""OR""},""statements"":[{""parameters"":{""name"":""ifc.Person.lastName"",""operator"":""begins_with"",""value"":""M""},""type"":""filter""},{""parameters"":{""name"":""ifc.Person.lastName"",""operator"":""begins_with"",""value"":""R""},""type"":""filter""}],""type"":""operator""}]}","{""entityType"":""Person"",""statements"":[{""parameters"":{""operatorValue"":""OR""},""statements"":[{""parameters"":{""name"":""ifc.Person.lastName"",""operator"":""contains"",""value"":""Smith""},""type"":""filter""},{""parameters"":{""name"":""ifc.Person.lastName"",""operator"":""contains"",""value"":""Johnson""},""type"":""filter""}],""type"":""operator""}]}",0.4374922169466131,wrong_structure_or_value,"{""hierarchy_score"": 1.5038305567252745, ""retrieval_score"": 0.1537539358228908, ""retrieved_row_id"": 241, ""root_probabilities"": {""CDR"": 0.06636400206677874, ""EVisa Request"": 0.04792825445766449, ""Insight"": 0.03446944825255647, ""Investigation"": 0.0383372487877997, ""Person"": 0.5902743683209252, ""Phone"": 0.07059287543829204, ""Report"": 0.045240786027846085, ""Web Activity"": 0.048771647532587656, ""Web Actor"": 0.05802136911554963}}"
392,outgoing emails from @company.com addresses to @client.com addresses about 'contract' last week,"{""entityType"":""CDR"",""statements"":[{""parameters"":{""name"":""ifc.CDR.emailSubject"",""operator"":""contains"",""value"":""contract""},""type"":""filter""},{""parameters"":{""name"":""ifc.ootb.CDR.destinationEmailAddress"",""operator"":""contains"",""value"":""@client.com""},""type"":""filter""},{""parameters"":{""name"":""ifc.ootb.CDR.originatorEmailAddress"",""operator"":""contains"",""value"":""@company.com""},""type"":""filter""},{""parameters"":{""name"":""ifc.ootb.CDR.startTime"",""operator"":""relative"",""value"":{""count"":1,""mode"":""previous"",""time_res"":""week""}},""type"":""filter""},{""parameters"":{""name"":""ifc.ootb.CDR.type"",""operator"":""equals"",""value"":""Email""},""type"":""filter""}]}","{""entityType"":""CDR"",""statements"":[{""parameters"":{""name"":""ifc.CDR.emailSubject"",""operator"":""contains"",""value"":""budget""},""type"":""filter""},{""parameters"":{""name"":""ifc.ootb.CDR.type"",""operator"":""equals"",""value"":""Email""},""type"":""filter""},{""parameters"":{""operatorValue"":""OR""},""statements"":[{""parameters"":{""name"":""ifc.ootb.CDR.originatorEmailAddress"",""operator"":""equals"",""value"":""ceo@company.com""},""type"":""filter""},{""parameters"":{""name"":""ifc.ootb.CDR.destinationEmailAddress"",""operator"":""equals"",""value"":""@company.com""},""type"":""filter""}],""type"":""operator""}]}",0.4961351678299104,wrong_structure_or_value,"{""hierarchy_score"": 1.6374336556099496, ""retrieval_score"": 0.25858876925228125, ""retrieved_row_id"": 276, ""root_probabilities"": {""CDR"": 0.6240447670640183, ""EVisa Request"": 0.028450889243493357, ""Insight"": 0.05772268684168134, ""Investigation"": 0.03876480803981445, ""Person"": 0.031181745326147252, ""Phone"": 0.037480543568053123, ""Report"": 0.048812063469510586, ""Web Activity"": 0.07397906206610204, ""Web Actor"": 0.059563434381179586}}"
395,Which phones have an alias name 'disposable'?,"{""entityType"":""Phone"",""statements"":[{""parameters"":{""name"":""ifc.ootb.Participant.aliasName"",""operator"":""equals"",""value"":""disposable""},""type"":""filter""}]}","{""entityType"":""Phone"",""statements"":[{""parameters"":{""name"":""ifc.ootb.Participant.aliasName"",""operator"":""contains"",""value"":""disposable""},""type"":""filter""}]}",0.665115539983516,wrong_structure_or_value,"{""hierarchy_score"": 2.0871523258502735, ""retrieval_score"": 0.69495439759882, ""retrieved_row_id"": 296, ""root_probabilities"": {""CDR"": 0.06028853731458914, ""EVisa Request"": 0.022436422915304496, ""Insight"": 0.02592471649859797, ""Investigation"": 0.02527271653830541, ""Person"": 0.044893783798252075, ""Phone"": 0.6490484628060446, ""Report"": 0.023972833009544645, ""Web Activity"": 0.05450081750184941, ""Web Actor"": 0.0936617096175123}}"
409,What Instagram posts were made by actors with  5000 followers in the month of January 2023?,"{""entityType"":""Web Activity"",""statements"":[{""parameters"":{""name"":""ifc.ootb.Orbis.platform"",""operator"":""equals"",""value"":""instagram""},""type"":""filter""},{""parameters"":{""name"":""ifc.ootb.Orbis.publishDate"",""operator"":""between"",""value"":[""2023-01-01"",""2023-01-31""]},""type"":""filter""},{""parameters"":{""relationTargetType"":[""Web Actor""],""relationType"":[""relation_Writer""]},""statements"":[{""parameters"":{""name"":""ifc.ootb.WebActor.numberOfFollowers"",""operator"":""equals"",""value"":5000},""type"":""filter""}],""type"":""relation""}]}","{""entityType"":""Web Activity"",""statements"":[{""parameters"":{""name"":""ifc.ootb.WebActivity.text"",""operator"":""similar_to"",""value"":""sustainable fashion""},""type"":""filter""},{""parameters"":{""relationTargetType"":[""Web Actor""],""relationType"":[""relation_Writer""]},""statements"":[{""parameters"":{""name"":""ifc.ootb.WebActor.numberOfFollowers"",""operator"":""equals"",""value"":2023},""type"":""filter""}],""type"":""relation""}]}",0.45514523325403133,wrong_structure_or_value,"{""hierarchy_score"": 1.6339155123854183, ""retrieval_score"": 0.38695152898051277, ""retrieved_row_id"": 556, ""root_probabilities"": {""CDR"": 0.07999043692361149, ""EVisa Request"": 0.0339071122945412, ""Insight"": 0.0391299131863757, ""Investigation"": 0.0332714522205777, ""Person"": 0.033934375598894444, ""Phone"": 0.04588940777356574, ""Report"": 0.033654885767645165, ""Web Activity"": 0.49186492017054134, ""Web Actor"": 0.2083574960642473}}"
412,Show all communications in the last 3 days sent to phones owned by people named John,"{""entityType"":""CDR"",""statements"":[{""parameters"":{""name"":""ifc.ootb.CDR.startTime"",""operator"":""relative"",""value"":{""count"":3,""mode"":""previous"",""time_res"":""day""}},""type"":""filter""},{""parameters"":{""relationTargetType"":[""Phone""],""relationType"":[""relation_Caller""]},""statements"":[{""parameters"":{""name"":""ifc.ootb.Participant.targetName"",""operator"":""contains"",""value"":""John""},""type"":""filter""}],""type"":""relation""}]}","{""entityType"":""CDR"",""statements"":[{""parameters"":{""name"":""ifc.ootb.CDR.ipAddress2"",""operator"":""equals"",""value"":""10.0.0.5""},""type"":""filter""},{""parameters"":{""name"":""ifc.ootb.CDR.startTime"",""operator"":""relative"",""value"":{""count"":3,""mode"":""previous"",""time_res"":""day""}},""type"":""filter""}]}",0.41362392469333253,wrong_structure_or_value,"{""hierarchy_score"": 1.2183290438447618, ""retrieval_score"": 0.1937348509803193, ""retrieved_row_id"": 183, ""root_probabilities"": {""CDR"": 0.5320257336157243, ""EVisa Request"": 0.03980620715025278, ""Insight"": 0.034338916878450025, ""Investigation"": 0.052478265102914555, ""Person"": 0.07034625396101127, ""Phone"": 0.12359845731434956, ""Report"": 0.026665505661830034, ""Web Activity"": 0.0686049229148188, ""Web Actor"": 0.05213573740064866}}"
432,List all phones where the dominant language is Russian.,"{""entityType"":""Phone"",""statements"":[{""parameters"":{""name"":""ifc.ootb.Participant.tlidDominantLanguage"",""operator"":""equals"",""value"":""Russian""},""type"":""filter""}]}","{""entityType"":""Phone"",""statements"":[{""parameters"":{""name"":""ifc.ootb.Participant.tlidDominantLanguage"",""operator"":""equals"",""value"":""Russian""},""type"":""filter""}]}",0.4709103059731531,correct,"{""hierarchy_score"": 1.7642877238515262, ""retrieval_score"": 0.579678686204364, ""retrieved_row_id"": 649, ""root_probabilities"": {""CDR"": 0.13846112057290552, ""EVisa Request"": 0.04682467968732421, ""Insight"": 0.06588090232358779, ""Investigation"": 0.047280140947672994, ""Person"": 0.05369913727653708, ""Phone"": 0.4123427166178856, ""Report"": 0.048964607120601356, ""Web Activity"": 0.13896766436918018, ""Web Actor"": 0.04757903108430519}}"
442,find me all binary sms messages involve 0543037210,"{""entityType"":""CDR"",""statements"":[{""parameters"":{""name"":""ifc.ootb.CDR.smsType"",""operator"":""equals"",""value"":""binary""},""type"":""filter""},{""parameters"":{""name"":""ifc.ootb.CDR.type"",""operator"":""equals"",""value"":""Text""},""type"":""filter""},{""parameters"":{""operatorValue"":""OR""},""statements"":[{""parameters"":{""name"":""ifc.ootb.CDR.msisdn"",""operator"":""equals"",""value"":""0543037210""},""type"":""filter""},{""parameters"":{""name"":""ifc.ootb.CDR.msisdn2"",""operator"":""equals"",""value"":""0543037210""},""type"":""filter""}],""type"":""operator""}]}","{""entityType"":""CDR"",""statements"":[{""parameters"":{""name"":""ifc.ootb.CDR.type"",""operator"":""equals"",""value"":""Text""},""type"":""filter""},{""parameters"":{""operatorValue"":""OR""},""statements"":[{""parameters"":{""name"":""ifc.ootb.CDR.msisdn"",""operator"":""equals"",""value"":""0543037210""},""type"":""filter""},{""parameters"":{""name"":""ifc.ootb.CDR.msisdn2"",""operator"":""equals"",""value"":""0543037210""},""type"":""filter""}],""type"":""operator""}]}",0.6307723110514345,wrong_structure_or_value,"{""hierarchy_score"": 1.7530862050968385, ""retrieval_score"": 0.6304494700376583, ""retrieved_row_id"": 266, ""root_probabilities"": {""CDR"": 0.630946148520391, ""EVisa Request"": 0.030741361428901166, ""Insight"": 0.03487637455058983, ""Investigation"": 0.045264549403761914, ""Person"": 0.05158181948311093, ""Phone"": 0.05899184451343374, ""Report"": 0.03529659433260765, ""Web Activity"": 0.06743638854888402, ""Web Actor"": 0.04486491921831975}}"
446,Find the phones associated with target names Ariel Cohen or Yossi Levi,"{""entityType"":""Phone"",""statements"":[{""parameters"":{""operatorValue"":""OR""},""statements"":[{""parameters"":{""name"":""ifc.ootb.Participant.targetName"",""operator"":""equals"",""value"":""Ariel Cohen""},""type"":""filter""},{""parameters"":{""name"":""ifc.ootb.Participant.targetName"",""operator"":""equals"",""value"":""Yossi Levi""},""type"":""filter""}],""type"":""operator""}]}","{""entityType"":""Phone"",""statements"":[{""parameters"":{""name"":""ifc.ootb.Participant.targetName"",""operator"":""equals"",""value"":""John Smith""},""type"":""filter""}]}",0.37737370762515204,wrong_structure_or_value,"{""hierarchy_score"": 1.1317783502270269, ""retrieval_score"": 0.4132693677628316, ""retrieved_row_id"": 130, ""root_probabilities"": {""CDR"": 0.205683803753653, ""EVisa Request"": 0.03706844755020276, ""Insight"": 0.06351045262671179, ""Investigation"": 0.05969928861554187, ""Person"": 0.07395535706314797, ""Phone"": 0.35804527524332463, ""Report"": 0.06020424331125336, ""Web Activity"": 0.06973412937331515, ""Web Actor"": 0.07209900246284955}}"
447,Retrieve voice calls intercepted with the filter 'suspect' that lasted over 1 hour in the past 48 hours,"{""entityType"":""CDR"",""statements"":[{""parameters"":{""name"":""ifc.CDR.interceptionFilter"",""operator"":""contains"",""value"":""suspect""},""type"":""filter""},{""parameters"":{""name"":""ifc.ootb.CDR.duration"",""operator"":""greater"",""value"":60},""type"":""filter""},{""parameters"":{""name"":""ifc.ootb.CDR.startTime"",""operator"":""relative"",""value"":{""count"":48,""mode"":""previous"",""time_res"":""hour""}},""type"":""filter""},{""parameters"":{""name"":""ifc.ootb.CDR.type"",""operator"":""equals"",""value"":""Voice""},""type"":""filter""}]}","{""entityType"":""CDR"",""statements"":[{""parameters"":{""name"":""ifc.CDR.interceptionFilter"",""operator"":""contains"",""value"":""suspect""},""type"":""filter""},{""parameters"":{""name"":""ifc.ootb.CDR.msisdn"",""operator"":""equals"",""value"":""0546655668""},""type"":""filter""},{""parameters"":{""name"":""ifc.ootb.CDR.startTime"",""operator"":""greater"",""value"":""suspect""},""type"":""filter""},{""parameters"":{""name"":""ifc.ootb.CDR.type"",""operator"":""equals"",""value"":""Voice""},""type"":""filter""}]}",0.4776950098309519,wrong_structure_or_value,"{""hierarchy_score"": 1.4586821883712768, ""retrieval_score"": 0.5247191837107766, ""retrieved_row_id"": 232, ""root_probabilities"": {""CDR"": 0.4523743008187386, ""EVisa Request"": 0.035840798263385674, ""Insight"": 0.0884096199647893, ""Investigation"": 0.04916859592730135, ""Person"": 0.07675524555092023, ""Phone"": 0.06150715454681721, ""Report"": 0.05932510354610144, ""Web Activity"": 0.09048984636485864, ""Web Actor"": 0.08612933501708762}}"
448,"What reports were updated on March 1, 2024?","{""entityType"":""Report"",""statements"":[{""parameters"":{""name"":""ifc.core.updatetime"",""operator"":""is"",""value"":""2024-03-01""},""type"":""filter""}]}","{""entityType"":""Report"",""statements"":[{""parameters"":{""name"":""ifc.core.updatetime"",""operator"":""relative"",""value"":""2024-03-01""},""type"":""filter""}]}",0.7563542967856962,wrong_structure_or_value,"{""hierarchy_score"": 2.1167995578918832, ""retrieval_score"": 0.6022932589587839, ""retrieved_row_id"": 393, ""root_probabilities"": {""CDR"": 0.030053670387558046, ""EVisa Request"": 0.009480466074162234, ""Insight"": 0.022081924711986292, ""Investigation"": 0.01877024105948882, ""Person"": 0.012341700791094552, ""Phone"": 0.02136669591099571, ""Report"": 0.8393102402309568, ""Web Activity"": 0.02696339174486261, ""Web Actor"": 0.019631669088894903}}"
460,Find all individuals born between 1 March 2000 and 1 March 2010,"{""entityType"":""Person"",""statements"":[{""parameters"":{""name"":""ifc.Person.birthDate"",""operator"":""between"",""value"":[""2000-03-01"",""2010-03-01""]},""type"":""filter""}]}","{""entityType"":""Person"",""statements"":[{""parameters"":{""name"":""ifc.Person.birthDate"",""operator"":""between"",""value"":[""2000-03-01"",""2010-03-01""]},""type"":""filter""}]}",0.471252711324183,correct,"{""hierarchy_score"": 1.7115313364351281, ""retrieval_score"": 0.3293411557794868, ""retrieved_row_id"": 501, ""root_probabilities"": {""CDR"": 0.08517221708818787, ""EVisa Request"": 0.02790333915159721, ""Insight"": 0.0366227302307396, ""Investigation"": 0.05916927308407535, ""Person"": 0.5476666258482502, ""Phone"": 0.05536858247487226, ""Report"": 0.036916053276091015, ""Web Activity"": 0.09413402346867188, ""Web Actor"": 0.05704715537751457}}"
468,What SMS messages were sent via SMPP protocol yesterday?,"{""entityType"":""CDR"",""statements"":[{""parameters"":{""name"":""ifc.ootb.CDR.smsProtocol"",""operator"":""equals"",""value"":""SMPP""},""type"":""filter""},{""parameters"":{""name"":""ifc.ootb.CDR.startTime"",""operator"":""relative"",""value"":{""count"":1,""mode"":""previous"",""time_res"":""day""}},""type"":""filter""},{""parameters"":{""name"":""ifc.ootb.CDR.type"",""operator"":""equals"",""value"":""Text""},""type"":""filter""}]}","{""entityType"":""CDR"",""statements"":[{""parameters"":{""name"":""ifc.ootb.CDR.msisdn2"",""operator"":""not_equal"",""value"":""0506519105""},""type"":""filter""},{""parameters"":{""name"":""ifc.ootb.CDR.startTime"",""operator"":""is"",""value"":""2024-03-10""},""type"":""filter""},{""parameters"":{""name"":""ifc.ootb.CDR.type"",""operator"":""equals"",""value"":""Text""},""type"":""filter""}]}",0.43595518214805346,wrong_structure_or_value,"{""hierarchy_score"": 1.6034572106681477, ""retrieval_score"": 0.154560464022333, ""retrieved_row_id"": 668, ""root_probabilities"": {""CDR"": 0.5874754149849798, ""EVisa Request"": 0.031065856011902777, ""Insight"": 0.051760852931493274, ""Investigation"": 0.04834049378658137, ""Person"": 0.03530833752388232, ""Phone"": 0.05804806607990046, ""Report"": 0.04721930985287104, ""Web Activity"": 0.07588999816643813, ""Web Actor"": 0.06489167066195088}}"
469,"Show me all investigations with a due date of March 15, 2024","{""entityType"":""Investigation"",""statements"":[{""parameters"":{""name"":""ifc.core.dueTime"",""operator"":""is"",""value"":""2024-03-15""},""type"":""filter""}]}","{""entityType"":""Investigation"",""statements"":[{""parameters"":{""name"":""ifc.core.dueTime"",""operator"":""between"",""value"":""2024-03-15""},""type"":""filter""}]}",0.6557492410313741,wrong_structure_or_value,"{""hierarchy_score"": 1.8741668576280426, ""retrieval_score"": 0.37340960473312984, ""retrieved_row_id"": 545, ""root_probabilities"": {""CDR"": 0.0410105884834692, ""EVisa Request"": 0.012460648152486264, ""Insight"": 0.018456730244873744, ""Investigation"": 0.807778275961198, ""Person"": 0.03173951553521462, ""Phone"": 0.02227391376845508, ""Report"": 0.017982767430356556, ""Web Activity"": 0.027187788443799134, ""Web Actor"": 0.021109771980147303}}"
474,Find individuals whose first name is John or Jane,"{""entityType"":""Person"",""statements"":[{""parameters"":{""operatorValue"":""OR""},""statements"":[{""parameters"":{""name"":""ifc.Person.firstName"",""operator"":""equals"",""value"":""John""},""type"":""filter""},{""parameters"":{""name"":""ifc.Person.firstName"",""operator"":""equals"",""value"":""Jane""},""type"":""filter""}],""type"":""operator""}]}","{""entityType"":""Person"",""statements"":[{""parameters"":{""name"":""ifc.Person.firstName"",""operator"":""equals"",""value"":""John""},""type"":""filter""},{""parameters"":{""name"":""ifc.Person.lastName"",""operator"":""equals"",""value"":""Doe""},""type"":""filter""}]}",0.446700611210945,wrong_structure_or_value,"{""hierarchy_score"": 1.2277916909460393, ""retrieval_score"": 0.3953885517750273, ""retrieved_row_id"": 38, ""root_probabilities"": {""CDR"": 0.07663575691067119, ""EVisa Request"": 0.04612870878145818, ""Insight"": 0.057151239446800915, ""Investigation"": 0.04902601762488424, ""Person"": 0.47433018167643914, ""Phone"": 0.10101815927658662, ""Report"": 0.048609302519695155, ""Web Activity"": 0.06548862326404135, ""Web Actor"": 0.08161201049942321}}"
484,List all males with the occupation 'Doctor' born before 1 July 1970,"{""entityType"":""Person"",""statements"":[{""parameters"":{""name"":""ifc.Person.birthDate"",""operator"":""before"",""value"":""1970-07-01""},""type"":""filter""},{""parameters"":{""name"":""ifc.Person.gender"",""operator"":""equals"",""value"":""Male""},""type"":""filter""},{""parameters"":{""name"":""ifc.Person.occupation"",""operator"":""equals"",""value"":""Doctor""},""type"":""filter""}]}","{""entityType"":""Person"",""statements"":[{""parameters"":{""name"":""ifc.Person.birthDate"",""operator"":""before"",""value"":""1970-07-01""},""type"":""filter""},{""parameters"":{""name"":""ifc.Person.occupation"",""operator"":""before"",""value"":""Doctor""},""type"":""filter""},{""parameters"":{""name"":""ifc.Person.occupation"",""operator"":""equals"",""value"":""doctor""},""type"":""filter""}]}",0.6359145774372634,wrong_structure_or_value,"{""hierarchy_score"": 1.9561268125843458, ""retrieval_score"": 0.4918902100772181, ""retrieved_row_id"": 28, ""root_probabilities"": {""CDR"": 0.03813444657333102, ""EVisa Request"": 0.03673849680548156, ""Insight"": 0.024104381430092817, ""Investigation"": 0.029308425282050677, ""Person"": 0.7134661598619032, ""Phone"": 0.03628937669695366, ""Report"": 0.02733233139287449, ""Web Activity"": 0.04066753399489534, ""Web Actor"": 0.05395884796241723}}"
488,which cases related to tax evasion opened in the past 6 months,"{""entityType"":""Investigation"",""statements"":[{""parameters"":{""name"":""ifc.core.createtime"",""operator"":""relative"",""value"":{""count"":6,""mode"":""previous"",""time_res"":""month""}},""type"":""filter""},{""parameters"":{""name"":""ifc.core.description"",""operator"":""contains"",""value"":""tax evasion""},""type"":""filter""}]}","{""entityType"":""Investigation"",""statements"":[{""parameters"":{""name"":""ifc.core.description"",""operator"":""contains"",""value"":""tax evasion""},""type"":""filter""}]}",0.4798139795990862,wrong_structure_or_value,"{""hierarchy_score"": 1.2533260885733863, ""retrieval_score"": 0.5860670117255956, ""retrieved_row_id"": 53, ""root_probabilities"": {""CDR"": 0.1139941321392744, ""EVisa Request"": 0.03585079410432891, ""Insight"": 0.08757168675877812, ""Investigation"": 0.4226008084540427, ""Person"": 0.03919721469265987, ""Phone"": 0.0787654956458521, ""Report"": 0.05365531508183038, ""Web Activity"": 0.08485194920194775, ""Web Actor"": 0.08351260392128586}}"
494,"Find all web activities in Spanish language, written by actors with 'garcia' in their email address.","{""entityType"":""Web Activity"",""statements"":[{""parameters"":{""name"":""ifc.ootb.WebActivity.mainLanguage"",""operator"":""equals"",""value"":""Spanish""},""type"":""filter""},{""parameters"":{""relationTargetType"":[""Web Actor""],""relationType"":[""relation_Writer""]},""statements"":[{""parameters"":{""name"":""ifc.ootb.WebActor.leadingEmail"",""operator"":""contains"",""value"":""garcia""},""type"":""filter""}],""type"":""relation""}]}","{""entityType"":""Web Activity"",""statements"":[{""parameters"":{""name"":""ifc.ootb.Orbis.email"",""operator"":""is_not_empty"",""value"":""""},""type"":""filter""},{""parameters"":{""operatorValue"":""OR""},""statements"":[{""parameters"":{""name"":""ifc.ootb.WebActivity.mainLanguage"",""operator"":""equals"",""value"":""spanish""},""type"":""filter""},{""parameters"":{""name"":""ifc.ootb.WebActivity.mainLanguage"",""operator"":""equals"",""value"":""spanish""},""type"":""filter""}],""type"":""operator""}]}",0.5549068837519003,wrong_structure_or_value,"{""hierarchy_score"": 1.2953574149726972, ""retrieval_score"": 0.26678111821050937, ""retrieved_row_id"": 141, ""root_probabilities"": {""CDR"": 0.05257369277549601, ""EVisa Request"": 0.019810988262004645, ""Insight"": 0.01770976844291101, ""Investigation"": 0.02060292436460761, ""Person"": 0.0251912793154716, ""Phone"": 0.04011392519295623, ""Report"": 0.022687160022683384, ""Web Activity"": 0.7100515267357262, ""Web Actor"": 0.09125873488814346}}"
511,find me all calls of +972443325123 from the past week,"{""entityType"":""CDR"",""statements"":[{""parameters"":{""name"":""ifc.ootb.CDR.createDateTime"",""operator"":""relative"",""value"":{""count"":1,""mode"":""previous"",""time_res"":""week""}},""type"":""filter""},{""parameters"":{""name"":""ifc.ootb.CDR.type"",""operator"":""equals"",""value"":""Voice""},""type"":""filter""},{""parameters"":{""operatorValue"":""OR""},""statements"":[{""parameters"":{""name"":""ifc.ootb.CDR.msisdn"",""operator"":""equals"",""value"":""+972443325123""},""type"":""filter""},{""parameters"":{""name"":""ifc.ootb.CDR.msisdn2"",""operator"":""equals"",""value"":""+972443325123""},""type"":""filter""}],""type"":""operator""}]}","{""entityType"":""CDR"",""statements"":[{""parameters"":{""name"":""ifc.ootb.CDR.createDateTime"",""operator"":""relative"",""value"":{""count"":1,""mode"":""previous"",""time_res"":""week""}},""type"":""filter""},{""parameters"":{""name"":""ifc.ootb.CDR.type"",""operator"":""equals"",""value"":""Voice""},""type"":""filter""},{""parameters"":{""operatorValue"":""OR""},""statements"":[{""parameters"":{""name"":""ifc.ootb.CDR.msisdn"",""operator"":""equals"",""value"":""+972443325123""},""type"":""filter""},{""parameters"":{""name"":""ifc.ootb.CDR.msisdn2"",""operator"":""equals"",""value"":""+972443325123""},""type"":""filter""}],""type"":""operator""}]}",0.5934784761817776,correct,"{""hierarchy_score"": 1.5428337152916767, ""retrieval_score"": 0.40741947897035474, ""retrieved_row_id"": 365, ""root_probabilities"": {""CDR"": 0.6936640900648514, ""EVisa Request"": 0.01824846269882787, ""Insight"": 0.047970516185481614, ""Investigation"": 0.03129481715059383, ""Person"": 0.03458471057828516, ""Phone"": 0.038092293418613164, ""Report"": 0.02933825870663765, ""Web Activity"": 0.08268934333820631, ""Web Actor"": 0.02411750785850304}}"
513,Find insights that mention either 'financial irregularities' or 'money laundering' in the text,"{""entityType"":""Insight"",""statements"":[{""parameters"":{""operatorValue"":""OR""},""statements"":[{""parameters"":{""name"":""text"",""operator"":""contains"",""value"":""financial irregularities""},""type"":""filter""},{""parameters"":{""name"":""text"",""operator"":""contains"",""value"":""money laundering""},""type"":""filter""}],""type"":""operator""}]}","{""entityType"":""Insight"",""statements"":[{""parameters"":{""name"":""text"",""operator"":""contains"",""value"":""money laundering""},""type"":""filter""},{""parameters"":{""operatorValue"":""OR""},""statements"":[{""parameters"":{""name"":""text"",""operator"":""contains"",""value"":""money laundering""},""type"":""filter""},{""parameters"":{""name"":""text"",""operator"":""contains"",""value"":""money laundering""},""type"":""filter""}],""type"":""operator""}]}",0.46037502733390306,wrong_structure_or_value,"{""hierarchy_score"": 2.153524571251609, ""retrieval_score"": 0.29744303307713515, ""retrieved_row_id"": 272, ""root_probabilities"": {""CDR"": 0.04546819890280712, ""EVisa Request"": 0.022661529897370466, ""Insight"": 0.5481076396260088, ""Investigation"": 0.04306781896267317, ""Person"": 0.033381337985418535, ""Phone"": 0.03755391361791469, ""Report"": 0.14586828326524273, ""Web Activity"": 0.07033646040342441, ""Web Actor"": 0.05355481733914018}}"
515,Get CDRs where the call status was blocked or technology was 5G for 0559876543,"{""entityType"":""CDR"",""statements"":[{""parameters"":{""operatorValue"":""OR""},""statements"":[{""parameters"":{""name"":""ifc.ootb.CDR.callStatus"",""operator"":""equals"",""value"":""Blocked""},""type"":""filter""},{""parameters"":{""name"":""ifc.ootb.CDR.technology"",""operator"":""equals"",""value"":""5G""},""type"":""filter""}],""type"":""operator""},{""parameters"":{""operatorValue"":""OR""},""statements"":[{""parameters"":{""name"":""ifc.ootb.CDR.msisdn"",""operator"":""equals"",""value"":""0559876543""},""type"":""filter""},{""parameters"":{""name"":""ifc.ootb.CDR.msisdn2"",""operator"":""equals"",""value"":""0559876543""},""type"":""filter""}],""type"":""operator""}]}","{""entityType"":""CDR"",""statements"":[{""parameters"":{""name"":""ifc.ootb.CDR.technology"",""operator"":""equals"",""value"":""was blocked or technology was""},""type"":""filter""},{""parameters"":{""operatorValue"":""OR""},""statements"":[{""parameters"":{""name"":""ifc.ootb.CDR.technology"",""operator"":""equals"",""value"":""5G""},""type"":""filter""},{""parameters"":{""name"":""ifc.ootb.CDR.technology"",""operator"":""equals"",""value"":""5G""},""type"":""filter""}],""type"":""operator""},{""parameters"":{""operatorValue"":""OR""},""statements"":[{""parameters"":{""name"":""ifc.ootb.CDR.msisdn"",""operator"":""equals"",""value"":""0559876543""},""type"":""filter""},{""parameters"":{""name"":""ifc.ootb.CDR.msisdn2"",""operator"":""equals"",""value"":""0559876543""},""type"":""filter""}],""type"":""operator""}]}",0.5149522879252579,wrong_structure_or_value,"{""hierarchy_score"": 1.70915045803236, ""retrieval_score"": 0.6433432777236904, ""retrieved_row_id"": 54, ""root_probabilities"": {""CDR"": 0.4458186780337943, ""EVisa Request"": 0.08000019035725352, ""Insight"": 0.0674789001314671, ""Investigation"": 0.04977563391038272, ""Person"": 0.05382284176101136, ""Phone"": 0.09585352164022858, ""Report"": 0.05563665178309029, ""Web Activity"": 0.08107973155030333, ""Web Actor"": 0.07053385083246881}}"
523,Are there insights with text that starts with 'Breaking News:' or 'Latest Update:'?,"{""entityType"":""Insight"",""statements"":[{""parameters"":{""operatorValue"":""OR""},""statements"":[{""parameters"":{""name"":""text"",""operator"":""begins_with"",""value"":""Breaking News:""},""type"":""filter""},{""parameters"":{""name"":""text"",""operator"":""begins_with"",""value"":""Latest Update:""},""type"":""filter""}],""type"":""operator""}]}","{""entityType"":""Insight"",""statements"":[{""parameters"":{""name"":""text"",""operator"":""begins_with"",""value"":""Latest Update:""},""type"":""filter""},{""parameters"":{""operatorValue"":""OR""},""statements"":[{""parameters"":{""name"":""text"",""operator"":""contains"",""value"":""John Doe""},""type"":""filter""},{""parameters"":{""name"":""text"",""operator"":""contains"",""value"":""Jane Smith""},""type"":""filter""}],""type"":""operator""}]}",0.4902187600586712,wrong_structure_or_value,"{""hierarchy_score"": 1.9612307362826071, ""retrieval_score"": 0.26259812594539234, ""retrieved_row_id"": 682, ""root_probabilities"": {""CDR"": 0.048399395817407806, ""EVisa Request"": 0.022104717771417735, ""Insight"": 0.6127837168888983, ""Investigation"": 0.03392100225747565, ""Person"": 0.06850976457414053, ""Phone"": 0.047119830459044346, ""Report"": 0.07116005706798022, ""Web Activity"": 0.046635229503826495, ""Web Actor"": 0.049366285659808926}}"
526,List all web activities collected yesterday that mention a credit card number.,"{""entityType"":""Web Activity"",""statements"":[{""parameters"":{""name"":""ifc.ootb.Orbis.collectDate"",""operator"":""relative"",""value"":{""count"":1,""mode"":""previous"",""time_res"":""day""}},""type"":""filter""},{""parameters"":{""name"":""ifc.ootb.Orbis.creditCard"",""operator"":""is_not_empty"",""value"":""""},""type"":""filter""}]}","{""entityType"":""Web Activity"",""statements"":[{""parameters"":{""name"":""ifc.ootb.Orbis.creditCard"",""operator"":""contains"",""value"":""visa""},""type"":""filter""},{""parameters"":{""name"":""ifc.ootb.Orbis.platform"",""operator"":""equals"",""value"":""facebook""},""type"":""filter""},{""parameters"":{""name"":""ifc.ootb.Orbis.updateDate"",""operator"":""relative"",""value"":{""count"":1,""mode"":""previous"",""time_res"":""day""}},""type"":""filter""}]}",0.6836280720356229,wrong_structure_or_value,"{""hierarchy_score"": 1.5341763492693332, ""retrieval_score"": 0.5588158142048814, ""retrieved_row_id"": 237, ""root_probabilities"": {""CDR"": 0.044211572145061065, ""EVisa Request"": 0.019898597405453317, ""Insight"": 0.03198746868071638, ""Investigation"": 0.03027935681536701, ""Person"": 0.02975847037741389, ""Phone"": 0.03117760713082618, ""Report"": 0.02453829308673244, ""Web Activity"": 0.7508346724060222, ""Web Actor"": 0.037313961952407576}}"
528,List the phones first active in February 2024.,"{""entityType"":""Phone"",""statements"":[{""parameters"":{""name"":""ifc.ootb.Participant.firstActiveDate"",""operator"":""between"",""value"":[""2024-02-01"",""2024-02-29""]},""type"":""filter""}]}","{""entityType"":""Phone"",""statements"":[{""parameters"":{""name"":""ifc.ootb.Participant.firstActiveDate"",""operator"":""is"",""value"":""2024-01-15""},""type"":""filter""}]}",0.6926600605990956,wrong_structure_or_value,"{""hierarchy_score"": 2.1102702918424563, ""retrieval_score"": 0.5714298731680214, ""retrieved_row_id"": 104, ""root_probabilities"": {""CDR"": 0.0540178908736764, ""EVisa Request"": 0.015983626808590903, ""Insight"": 0.024104049014192466, ""Investigation"": 0.023102754999696995, ""Person"": 0.026506969911839026, ""Phone"": 0.7579378538312124, ""Report"": 0.024963541536296277, ""Web Activity"": 0.034331646061503594, ""Web Actor"": 0.03905166696299204}}"
536,Find reports containing the keyword 'embezzlement',"{""entityType"":""Report"",""statements"":[{""parameters"":{""name"":""text"",""operator"":""contains"",""value"":""embezzlement""},""type"":""filter""}]}","{""entityType"":""Report"",""statements"":[{""parameters"":{""name"":""text"",""operator"":""contains"",""value"":""embezzlement""},""type"":""filter""}]}",0.6096875481946109,correct,"{""hierarchy_score"": 1.9950095633324156, ""retrieval_score"": 0.4606755647127168, ""retrieved_row_id"": 123, ""root_probabilities"": {""CDR"": 0.049164295035218714, ""EVisa Request"": 0.020176729356945658, ""Insight"": 0.0660280095842902, ""Investigation"": 0.027777361945494485, ""Person"": 0.034053962610487654, ""Phone"": 0.03717652942836576, ""Report"": 0.6899247700694768, ""Web Activity"": 0.04391182269757946, ""Web Actor"": 0.03178651927214132}}"
544,Retrieve all Facebook posts published between 1 March 2024 and 15 March 2024 that contain an email address,"{""entityType"":""Web Activity"",""statements"":[{""parameters"":{""name"":""ifc.ootb.Orbis.email"",""operator"":""is_not_empty"",""value"":""""},""type"":""filter""},{""parameters"":{""name"":""ifc.ootb.Orbis.platform"",""operator"":""equals"",""value"":""facebook""},""type"":""filter""},{""parameters"":{""name"":""ifc.ootb.Orbis.publishDate"",""operator"":""between"",""value"":[""2024-03-01"",""2024-03-15""]},""type"":""filter""}]}","{""entityType"":""Web Activity"",""statements"":[{""parameters"":{""name"":""ifc.ootb.Orbis.platform"",""operator"":""equals"",""value"":""facebook""},""type"":""filter""},{""parameters"":{""name"":""ifc.ootb.Orbis.publishDate"",""operator"":""between"",""value"":[""2024-03-01"",""2024-03-15""]},""type"":""filter""},{""parameters"":{""name"":""ifc.ootb.WebActivity.numberOfLikes"",""operator"":""between"",""value"":[""2024-03-01"",""2024-03-15""]},""type"":""filter""}]}",0.6506317104327425,wrong_structure_or_value,"{""hierarchy_score"": 1.7331390482564502, ""retrieval_score"": 0.6074430477974958, ""retrieved_row_id"": 325, ""root_probabilities"": {""CDR"": 0.056656386490071944, ""EVisa Request"": 0.016376726976090075, ""Insight"": 0.03321158246985604, ""Investigation"": 0.033186009056367025, ""Person"": 0.030964223712842392, ""Phone"": 0.031670736924882786, ""Report"": 0.04038704599668862, ""Web Activity"": 0.6738871441594138, ""Web Actor"": 0.08366014421378748}}"
560,"Find reports updated between January 1, 2024 and February 28, 2024","{""entityType"":""Report"",""statements"":[{""parameters"":{""name"":""ifc.core.updatetime"",""operator"":""between"",""value"":[""2024-01-01"",""2024-02-28""]},""type"":""filter""}]}","{""entityType"":""Report"",""statements"":[{""parameters"":{""name"":""ifc.core.createtime"",""operator"":""between"",""value"":[""2024-01-01"",""2024-02-28""]},""type"":""filter""}]}",0.5309310689673794,wrong_structure_or_value,"{""hierarchy_score"": 1.369066888000986, ""retrieval_score"": 0.3368122863991089, ""retrieved_row_id"": 717, ""root_probabilities"": {""CDR"": 0.03719792562550757, ""EVisa Request"": 0.0345539425348609, ""Insight"": 0.026006912863892843, ""Investigation"": 0.08376953681230269, ""Person"": 0.04214595813384567, ""Phone"": 0.040684619306907956, ""Report"": 0.6354565672733713, ""Web Activity"": 0.047294488276599406, ""Web Actor"": 0.052890049172711825}}"
587,Show me insights containing the keyword 'firearms' from the past month.,"{""entityType"":""Insight"",""statements"":[{""parameters"":{""name"":""ifc.core.createtime"",""operator"":""relative"",""value"":{""count"":1,""mode"":""previous"",""time_res"":""month""}},""type"":""filter""},{""parameters"":{""name"":""text"",""operator"":""contains"",""value"":""firearms""},""type"":""filter""}]}","{""entityType"":""Insight"",""statements"":[{""parameters"":{""name"":""ifc.core.createtime"",""operator"":""relative"",""value"":{""count"":1,""mode"":""previous"",""time_res"":""month""}},""type"":""filter""},{""parameters"":{""name"":""text"",""operator"":""contains"",""value"":""firearms""},""type"":""filter""}]}",0.7690329987803168,correct,"{""hierarchy_score"": 1.9894850893179656, ""retrieval_score"": 0.6358888035536118, ""retrieved_row_id"": 39, ""root_probabilities"": {""CDR"": 0.042778046783046204, ""EVisa Request"": 0.009266164939236607, ""Insight"": 0.840726026979312, ""Investigation"": 0.011735756790116927, ""Person"": 0.014119332766191749, ""Phone"": 0.016714233336365434, ""Report"": 0.021323064748611956, ""Web Activity"": 0.030360811469945768, ""Web Actor"": 0.012976562187173371}}"
589,Retrieve all non-call communications for target code 'TANGO' last week.,"{""entityType"":""CDR"",""statements"":[{""parameters"":{""name"":""ifc.CDR.targetCode"",""operator"":""equals"",""value"":""TANGO""},""type"":""filter""},{""parameters"":{""name"":""ifc.ootb.CDR.startTime"",""operator"":""relative"",""value"":{""count"":1,""mode"":""previous"",""time_res"":""week""}},""type"":""filter""},{""parameters"":{""name"":""ifc.ootb.CDR.type"",""operator"":""equals"",""value"":""Non-Call""},""type"":""filter""}]}","{""entityType"":""CDR"",""statements"":[{""parameters"":{""name"":""ifc.ootb.CDR.msisdn"",""operator"":""equals"",""value"":""0543037210""},""type"":""filter""},{""parameters"":{""name"":""ifc.ootb.CDR.msisdn2"",""operator"":""equals"",""value"":""0506519105""},""type"":""filter""},{""parameters"":{""name"":""ifc.ootb.CDR.type"",""operator"":""equals"",""value"":""Non-Call""},""type"":""filter""}]}",0.5445683870019172,wrong_structure_or_value,"{""hierarchy_score"": 1.0329721935321994, ""retrieval_score"": 0.490478119916186, ""retrieved_row_id"": 298, ""root_probabilities"": {""CDR"": 0.5736939154326955, ""EVisa Request"": 0.03778405988635694, ""Insight"": 0.05091646406770126, ""Investigation"": 0.048074727283229174, ""Person"": 0.06476036891841587, ""Phone"": 0.06102052972250251, ""Report"": 0.04086841885319333, ""Web Activity"": 0.07275602853760083, ""Web Actor"": 0.050125487298304454}}"
594,Find foreign phones with IMSI 154646455549799 that sent SMS messages last year.,"{""entityType"":""Phone"",""statements"":[{""parameters"":{""name"":""ifc.Phone.type"",""operator"":""equals"",""value"":""Foreign""},""type"":""filter""},{""parameters"":{""name"":""ifc.ootb.Phone.IMSI"",""operator"":""equals"",""value"":154646455549799},""type"":""filter""},{""parameters"":{""relationTargetType"":[""CDR""],""relationType"":[""relation_Caller""]},""statements"":[{""parameters"":{""name"":""ifc.ootb.CDR.type"",""operator"":""equals"",""value"":""Text""},""type"":""filter""},{""parameters"":{""name"":""ifc.ootb.CDR.startTime"",""operator"":""relative"",""value"":{""count"":1,""mode"":""previous"",""time_res"":""year""}},""type"":""filter""}],""type"":""relation""}]}","{""entityType"":""Phone"",""statements"":[{""parameters"":{""name"":""ifc.Phone.type"",""operator"":""equals"",""value"":""Foreign""},""type"":""filter""},{""parameters"":{""name"":""ifc.ootb.Phone.IMSI"",""operator"":""relative"",""value"":{""count"":1,""mode"":""previous"",""time_res"":""year""}},""type"":""filter""}]}",0.5227692640130169,wrong_structure_or_value,"{""hierarchy_score"": 1.6542387688409361, ""retrieval_score"": 0.5005830987747558, ""retrieved_row_id"": 29, ""root_probabilities"": {""CDR"": 0.2634641488595886, ""EVisa Request"": 0.020461381973144854, ""Insight"": 0.022007438862582652, ""Investigation"": 0.02172726322297675, ""Person"": 0.03413551298623907, ""Phone"": 0.5347156606797729, ""Report"": 0.026301145224996336, ""Web Activity"": 0.03622511423446276, ""Web Actor"": 0.04096233395623585}}"
597,Find all SMS messages containing the word 'urgent' sent from 0543037210 to 0506519105 last week,"{""entityType"":""CDR"",""statements"":[{""parameters"":{""name"":""ifc.ootb.CDR.msisdn"",""operator"":""equals"",""value"":""0543037210""},""type"":""filter""},{""parameters"":{""name"":""ifc.ootb.CDR.msisdn2"",""operator"":""equals"",""value"":""0506519105""},""type"":""filter""},{""parameters"":{""name"":""ifc.ootb.CDR.smsText"",""operator"":""contains"",""value"":""urgent""},""type"":""filter""},{""parameters"":{""name"":""ifc.ootb.CDR.startTime"",""operator"":""relative"",""value"":{""count"":1,""mode"":""previous"",""time_res"":""week""}},""type"":""filter""},{""parameters"":{""name"":""ifc.ootb.CDR.type"",""operator"":""equals"",""value"":""Text""},""type"":""filter""}]}","{""entityType"":""CDR"",""statements"":[{""parameters"":{""name"":""ifc.ootb.CDR.msisdn"",""operator"":""equals"",""value"":""0543037210""},""type"":""filter""},{""parameters"":{""name"":""ifc.ootb.CDR.smsText"",""operator"":""contains"",""value"":""urgent""},""type"":""filter""},{""parameters"":{""name"":""ifc.ootb.CDR.startTime"",""operator"":""relative"",""value"":{""count"":1,""mode"":""previous"",""time_res"":""week""}},""type"":""filter""},{""parameters"":{""name"":""ifc.ootb.CDR.type"",""operator"":""equals"",""value"":""Text""},""type"":""filter""}]}",0.7461536233927587,wrong_structure_or_value,"{""hierarchy_score"": 2.01202166941461, ""retrieval_score"": 0.573898932684214, ""retrieved_row_id"": 148, ""root_probabilities"": {""CDR"": 0.8389061491588982, ""EVisa Request"": 0.011774795440569807, ""Insight"": 0.023095124041726325, ""Investigation"": 0.014095800456440594, ""Person"": 0.015817374162143433, ""Phone"": 0.022412221564423237, ""Report"": 0.02195579781008022, ""Web Activity"": 0.035537739695813156, ""Web Actor"": 0.016404997669905007}}"
600,Show me all emails with PDF attachments sent in the first half of October 2024.,"{""entityType"":""CDR"",""statements"":[{""parameters"":{""name"":""ifc.ootb.CDR.isAttachment"",""operator"":""equals"",""value"":true},""type"":""filter""},{""parameters"":{""name"":""ifc.ootb.CDR.startTime"",""operator"":""between"",""value"":[""2024-10-01"",""2024-10-15""]},""type"":""filter""},{""parameters"":{""name"":""ifc.ootb.CDR.type"",""operator"":""equals"",""value"":""Email""},""type"":""filter""}]}","{""entityType"":""CDR"",""statements"":[{""parameters"":{""name"":""ifc.ootb.CDR.destinationEmailAddress"",""operator"":""equals"",""value"":""dani@gmail.com""},""type"":""filter""},{""parameters"":{""name"":""ifc.ootb.CDR.isAttachment"",""operator"":""equals"",""value"":true},""type"":""filter""},{""parameters"":{""name"":""ifc.ootb.CDR.type"",""operator"":""equals"",""value"":""Email""},""type"":""filter""}]}",0.43125039194223813,wrong_structure_or_value,"{""hierarchy_score"": 1.5177738340008722, ""retrieval_score"": 0.40219943366146255, ""retrieved_row_id"": 643, ""root_probabilities"": {""CDR"": 0.44689321563188655, ""EVisa Request"": 0.03645992518460359, ""Insight"": 0.06672920653860819, ""Investigation"": 0.0517085640802829, ""Person"": 0.09273845683915363, ""Phone"": 0.0783723674960524, ""Report"": 0.053808823218831535, ""Web Activity"": 0.09675451513498995, ""Web Actor"": 0.07653492587559145}}"
603,Show investigations due in the past 30 days,"{""entityType"":""Investigation"",""statements"":[{""parameters"":{""name"":""ifc.core.dueTime"",""operator"":""relative"",""value"":{""count"":30,""mode"":""previous"",""time_res"":""day""}},""type"":""filter""}]}","{""entityType"":""Investigation"",""statements"":[{""parameters"":{""name"":""ifc.core.dueTime"",""operator"":""relative"",""value"":{""count"":30,""mode"":""previous"",""time_res"":""day""}},""type"":""filter""}]}",0.7281167463845605,correct,"{""hierarchy_score"": 1.9045303448408626, ""retrieval_score"": 0.4181807273633392, ""retrieved_row_id"": 193, ""root_probabilities"": {""CDR"": 0.03143517701134429, ""EVisa Request"": 0.009490551386946787, ""Insight"": 0.011732502156193246, ""Investigation"": 0.8950053720113719, ""Person"": 0.007946573724371873, ""Phone"": 0.012610219465941458, ""Report"": 0.009382571322603568, ""Web Activity"": 0.013594008084649424, ""Web Actor"": 0.008803024836577461}}"
608,Retrieve text messages about 'payment' or 'invoice' involving 0527654321 or 0523456789,"{""entityType"":""CDR"",""statements"":[{""parameters"":{""name"":""ifc.ootb.CDR.type"",""operator"":""equals"",""value"":""Text""},""type"":""filter""},{""parameters"":{""operatorValue"":""OR""},""statements"":[{""parameters"":{""name"":""ifc.ootb.CDR.smsText"",""operator"":""contains"",""value"":""payment""},""type"":""filter""},{""parameters"":{""name"":""ifc.ootb.CDR.smsText"",""operator"":""contains"",""value"":""invoice""},""type"":""filter""}],""type"":""operator""},{""parameters"":{""operatorValue"":""OR""},""statements"":[{""parameters"":{""name"":""ifc.ootb.CDR.msisdn"",""operator"":""equals"",""value"":""0527654321""},""type"":""filter""},{""parameters"":{""name"":""ifc.ootb.CDR.msisdn2"",""operator"":""equals"",""value"":""0527654321""},""type"":""filter""},{""parameters"":{""name"":""ifc.ootb.CDR.msisdn"",""operator"":""equals"",""value"":""0523456789""},""type"":""filter""},{""parameters"":{""name"":""ifc.ootb.CDR.msisdn2"",""operator"":""equals"",""value"":""0523456789""},""type"":""filter""}],""type"":""operator""}]}","{""entityType"":""CDR"",""statements"":[{""parameters"":{""operatorValue"":""OR""},""statements"":[{""parameters"":{""name"":""ifc.ootb.CDR.type"",""operator"":""equals"",""value"":""Text""},""type"":""filter""},{""parameters"":{""name"":""ifc.ootb.CDR.type"",""operator"":""equals"",""value"":""Text""},""type"":""filter""}],""type"":""operator""},{""parameters"":{""operatorValue"":""OR""},""statements"":[{""parameters"":{""name"":""ifc.ootb.CDR.msisdn"",""operator"":""equals"",""value"":""0527654321""},""type"":""filter""},{""parameters"":{""name"":""ifc.ootb.CDR.msisdn2"",""operator"":""equals"",""value"":""0527654321""},""type"":""filter""},{""parameters"":{""name"":""ifc.ootb.CDR.msisdn"",""operator"":""equals"",""value"":""0527654321""},""type"":""filter""},{""parameters"":{""name"":""ifc.ootb.CDR.msisdn2"",""operator"":""equals"",""value"":""0527654321""},""type"":""filter""}],""type"":""operator""}]}",0.3136848454370563,wrong_structure_or_value,"{""hierarchy_score"": 1.3860471787489597, ""retrieval_score"": 0.21384247824247118, ""retrieved_row_id"": 71, ""root_probabilities"": {""CDR"": 0.3674461200802945, ""EVisa Request"": 0.039515845788340054, ""Insight"": 0.09831364105096745, ""Investigation"": 0.06413594153505116, ""Person"": 0.07400415168798606, ""Phone"": 0.09237896773592533, ""Report"": 0.08665063804794526, ""Web Activity"": 0.08762075360692397, ""Web Actor"": 0.08993394046656607}}"
610,Get reports with text similar to 'organized crime syndicate',"{""entityType"":""Report"",""statements"":[{""parameters"":{""name"":""text"",""operator"":""similar_to"",""value"":""organized crime syndicate""},""type"":""filter""}]}","{""entityType"":""Report"",""statements"":[{""parameters"":{""name"":""text"",""operator"":""contains"",""value"":""organized crime syndicate""},""type"":""filter""},{""parameters"":{""name"":""text"",""operator"":""similar_to"",""value"":""Project Timeline and Milestones""},""type"":""filter""}]}",0.49345549493720864,wrong_structure_or_value,"{""hierarchy_score"": 1.6508795385434663, ""retrieval_score"": 0.4317237101551707, ""retrieved_row_id"": 61, ""root_probabilities"": {""CDR"": 0.10131059829192646, ""EVisa Request"": 0.032870047286762114, ""Insight"": 0.06798788437601032, ""Investigation"": 0.05540576206112608, ""Person"": 0.05497525383625971, ""Phone"": 0.053238828333683465, ""Report"": 0.5266956867429213, ""Web Activity"": 0.05540106306435002, ""Web Actor"": 0.052114876006960575}}"
612,Show me all Instagram posts with the hashtag #fitness published in the past 7 days.,"{""entityType"":""Web Activity"",""statements"":[{""parameters"":{""name"":""ifc.ootb.Orbis.hashtags"",""operator"":""contains"",""value"":""#fitness""},""type"":""filter""},{""parameters"":{""name"":""ifc.ootb.Orbis.platform"",""operator"":""equals"",""value"":""instagram""},""type"":""filter""},{""parameters"":{""name"":""ifc.ootb.Orbis.publishDate"",""operator"":""relative"",""value"":{""count"":7,""mode"":""previous"",""time_res"":""day""}},""type"":""filter""}]}","{""entityType"":""Web Activity"",""statements"":[{""parameters"":{""name"":""ifc.ootb.Orbis.hashtags"",""operator"":""contains"",""value"":""#bitcoin""},""type"":""filter""},{""parameters"":{""name"":""ifc.ootb.Orbis.platform"",""operator"":""equals"",""value"":""instagram""},""type"":""filter""},{""parameters"":{""name"":""ifc.ootb.Orbis.publishDate"",""operator"":""relative"",""value"":{""count"":7,""mode"":""previous"",""time_res"":""day""}},""type"":""filter""}]}",0.5511729428103682,wrong_structure_or_value,"{""hierarchy_score"": 1.7285372909561811, ""retrieval_score"": 0.3163446251124357, ""retrieved_row_id"": 219, ""root_probabilities"": {""CDR"": 0.05606754069234145, ""EVisa Request"": 0.02496942625841208, ""Insight"": 0.0493163597463774, ""Investigation"": 0.029670013417692816, ""Person"": 0.037542968236564916, ""Phone"": 0.03724057524426392, ""Report"": 0.024705698145147007, ""Web Activity"": 0.6776189600323318, ""Web Actor"": 0.0628684582268685}}"
625,List investigations with descriptions containing 'suspicious activity',"{""entityType"":""Investigation"",""statements"":[{""parameters"":{""name"":""ifc.core.description"",""operator"":""contains"",""value"":""suspicious activity""},""type"":""filter""}]}","{""entityType"":""Investigation"",""statements"":[{""parameters"":{""name"":""ifc.core.description"",""operator"":""contains"",""value"":""suspicious activity""},""type"":""filter""}]}",0.6558924772848831,correct,"{""hierarchy_score"": 2.083666469662582, ""retrieval_score"": 0.5589897855615396, ""retrieved_row_id"": 101, ""root_probabilities"": {""CDR"": 0.03943886246922611, ""EVisa Request"": 0.017939259986632473, ""Insight"": 0.02998086996785877, ""Investigation"": 0.7080708497512989, ""Person"": 0.032334794045655556, ""Phone"": 0.057561992985063454, ""Report"": 0.04379435050489736, ""Web Activity"": 0.03886708415313909, ""Web Actor"": 0.032011936136228346}}"
630,show me all communication of 0543037210,"{""entityType"":""CDR"",""statements"":[{""parameters"":{""operatorValue"":""OR""},""statements"":[{""parameters"":{""name"":""ifc.ootb.CDR.msisdn"",""operator"":""equals"",""value"":""0543037210""},""type"":""filter""},{""parameters"":{""name"":""ifc.ootb.CDR.msisdn2"",""operator"":""equals"",""value"":""0543037210""},""type"":""filter""}],""type"":""operator""}]}","{""entityType"":""CDR"",""statements"":[{""parameters"":{""name"":""ifc.ootb.CDR.type"",""operator"":""equals"",""value"":""Voice""},""type"":""filter""},{""parameters"":{""operatorValue"":""OR""},""statements"":[{""parameters"":{""name"":""ifc.ootb.CDR.msisdn"",""operator"":""equals"",""value"":""0543037210""},""type"":""filter""},{""parameters"":{""name"":""ifc.ootb.CDR.msisdn2"",""operator"":""equals"",""value"":""0543037210""},""type"":""filter""}],""type"":""operator""}]}",0.63267674383852,wrong_structure_or_value,"{""hierarchy_score"": 1.532087844563998, ""retrieval_score"": 0.5056103719105111, ""retrieved_row_id"": 481, ""root_probabilities"": {""CDR"": 0.7010970979536018, ""EVisa Request"": 0.026638047540403813, ""Insight"": 0.031908858177088294, ""Investigation"": 0.03773845614069495, ""Person"": 0.04428738178556602, ""Phone"": 0.044987816606328425, ""Report"": 0.026806313571709, ""Web Activity"": 0.05300746594553216, ""Web Actor"": 0.03352856227907554}}"
636,Show shared posts containing 'sale' published by actors with 10000 followers?,"{""entityType"":""Web Activity"",""statements"":[{""parameters"":{""name"":""ifc.ootb.WebActivity.text"",""operator"":""contains"",""value"":""sale""},""type"":""filter""},{""parameters"":{""relationTargetType"":[""Web Actor""],""relationType"":[""relation_Writer""]},""statements"":[{""parameters"":{""name"":""ifc.ootb.WebActor.numberOfFollowers"",""operator"":""equals"",""value"":10000},""type"":""filter""}],""type"":""relation""}]}","{""entityType"":""Web Activity"",""statements"":[{""parameters"":{""name"":""ifc.ootb.WebActivity.text"",""operator"":""similar_to"",""value"":""sustainable fashion""},""type"":""filter""},{""parameters"":{""relationTargetType"":[""Web Actor""],""relationType"":[""relation_Writer""]},""statements"":[{""parameters"":{""name"":""ifc.ootb.WebActor.numberOfFollowers"",""operator"":""equals"",""value"":""sale""},""type"":""filter""}],""type"":""relation""}]}",0.6170460562718134,wrong_structure_or_value,"{""hierarchy_score"": 1.9889223415421953, ""retrieval_score"": 0.30944347549945245, ""retrieved_row_id"": 556, ""root_probabilities"": {""CDR"": 0.030105566378829645, ""EVisa Request"": 0.013729653616765291, ""Insight"": 0.021730370663764636, ""Investigation"": 0.015403987411450609, ""Person"": 0.02767736808950853, ""Phone"": 0.02660441704299297, ""Report"": 0.025798411606839017, ""Web Activity"": 0.7826782151492384, ""Web Actor"": 0.05627201004061104}}"
642,Show me all SMS messages related to case 'XYZ123' that were sent via smpp protocol from 0543037210 yesterday,"{""entityType"":""CDR"",""statements"":[{""parameters"":{""name"":""ifc.CDR.caseCode"",""operator"":""equals"",""value"":""XYZ123""},""type"":""filter""},{""parameters"":{""name"":""ifc.ootb.CDR.msisdn"",""operator"":""equals"",""value"":""0543037210""},""type"":""filter""},{""parameters"":{""name"":""ifc.ootb.CDR.smsProtocol"",""operator"":""equals"",""value"":""SMPP""},""type"":""filter""},{""parameters"":{""name"":""ifc.ootb.CDR.startTime"",""operator"":""relative"",""value"":{""count"":1,""mode"":""previous"",""time_res"":""day""}},""type"":""filter""},{""parameters"":{""name"":""ifc.ootb.CDR.type"",""operator"":""equals"",""value"":""Text""},""type"":""filter""}]}","{""entityType"":""CDR"",""statements"":[{""parameters"":{""name"":""ifc.ootb.CDR.protocol"",""operator"":""equals"",""value"":""XYZ123""},""type"":""filter""},{""parameters"":{""name"":""ifc.ootb.CDR.type"",""operator"":""equals"",""value"":""Text""},""type"":""filter""},{""parameters"":{""operatorValue"":""OR""},""statements"":[{""parameters"":{""name"":""ifc.ootb.CDR.msisdn"",""operator"":""equals"",""value"":""0543037210""},""type"":""filter""},{""parameters"":{""name"":""ifc.ootb.CDR.msisdn2"",""operator"":""equals"",""value"":""0543037210""},""type"":""filter""}],""type"":""operator""}]}",0.5808456353770608,wrong_structure_or_value,"{""hierarchy_score"": 1.5932494374854176, ""retrieval_score"": 0.3941840785992008, ""retrieved_row_id"": 266, ""root_probabilities"": {""CDR"": 0.6813557044112932, ""EVisa Request"": 0.01988312462537286, ""Insight"": 0.046842356341956846, ""Investigation"": 0.050624921113887354, ""Person"": 0.0289366066837432, ""Phone"": 0.037993678935510665, ""Report"": 0.02615477870495456, ""Web Activity"": 0.07099901307051873, ""Web Actor"": 0.03720981611276268}}"
646,Find the phone with imsi 123456789012345,"{""entityType"":""Phone"",""statements"":[{""parameters"":{""name"":""ifc.ootb.Phone.IMSI"",""operator"":""equals"",""value"":""123456789012345""},""type"":""filter""}]}","{""entityType"":""Phone"",""statements"":[{""parameters"":{""name"":""ifc.ootb.Phone.IMSI"",""operator"":""equals"",""value"":""123456789012345""},""type"":""filter""}]}",0.5599787252643622,correct,"{""hierarchy_score"": 2.013345325338179, ""retrieval_score"": 0.45300969382124706, ""retrieved_row_id"": 506, ""root_probabilities"": {""CDR"": 0.10387091929942831, ""EVisa Request"": 0.025060446984143257, ""Insight"": 0.03687563053155699, ""Investigation"": 0.03277748018536024, ""Person"": 0.04776488063538045, ""Phone"": 0.6175774345029625, ""Report"": 0.03869358850916046, ""Web Activity"": 0.05133302956072667, ""Web Actor"": 0.04604658979128102}}"
651,Show me all blocked calls made from +16431646 to +972506655668,"{""entityType"":""CDR"",""statements"":[{""parameters"":{""name"":""ifc.ootb.CDR.callStatus"",""operator"":""equals"",""value"":""Blocked""},""type"":""filter""},{""parameters"":{""name"":""ifc.ootb.CDR.msisdn"",""operator"":""equals"",""value"":""+16431646""},""type"":""filter""},{""parameters"":{""name"":""ifc.ootb.CDR.msisdn2"",""operator"":""equals"",""value"":""+972506655668""},""type"":""filter""},{""parameters"":{""name"":""ifc.ootb.CDR.type"",""operator"":""equals"",""value"":""Voice""},""type"":""filter""}]}","{""entityType"":""CDR"",""statements"":[{""parameters"":{""name"":""ifc.ootb.CDR.msisdn"",""operator"":""equals"",""value"":""+16431646""},""type"":""filter""},{""parameters"":{""name"":""ifc.ootb.CDR.msisdn2"",""operator"":""equals"",""value"":""+972506655668""},""type"":""filter""},{""parameters"":{""name"":""ifc.ootb.CDR.startTime"",""operator"":""relative"",""value"":{""count"":3,""mode"":""previous"",""time_res"":""day""}},""type"":""filter""},{""parameters"":{""name"":""ifc.ootb.CDR.type"",""operator"":""equals"",""value"":""Voice""},""type"":""filter""}]}",0.5745491312612631,wrong_structure_or_value,"{""hierarchy_score"": 1.9223134084400015, ""retrieval_score"": 0.24049375094523634, ""retrieved_row_id"": 680, ""root_probabilities"": {""CDR"": 0.7544251052775852, ""EVisa Request"": 0.01996953314692351, ""Insight"": 0.030331418701619137, ""Investigation"": 0.02591379539816321, ""Person"": 0.03284171482812189, ""Phone"": 0.03364225006568643, ""Report"": 0.022044377329160036, ""Web Activity"": 0.05346052942172022, ""Web Actor"": 0.027371275831020458}}"
656,List all web-based communications from IP address 192.168.1.100 to 172.16.0.1 on 10 March 2024,"{""entityType"":""CDR"",""statements"":[{""parameters"":{""name"":""ifc.ootb.CDR.ipAddress"",""operator"":""equals"",""value"":""192.168.1.100""},""type"":""filter""},{""parameters"":{""name"":""ifc.ootb.CDR.ipAddress2"",""operator"":""equals"",""value"":""172.16.0.1""},""type"":""filter""},{""parameters"":{""name"":""ifc.ootb.CDR.startTime"",""operator"":""is"",""value"":""2024-03-10""},""type"":""filter""},{""parameters"":{""name"":""ifc.ootb.CDR.type"",""operator"":""equals"",""value"":""Web""},""type"":""filter""}]}","{""entityType"":""CDR"",""statements"":[{""parameters"":{""name"":""ifc.ootb.CDR.ipAddress"",""operator"":""equals"",""value"":""192.168.1.100""},""type"":""filter""},{""parameters"":{""name"":""ifc.ootb.CDR.startTime"",""operator"":""relative"",""value"":""2024-03-10""},""type"":""filter""}]}",0.4932676105760939,wrong_structure_or_value,"{""hierarchy_score"": 1.975845731510465, ""retrieval_score"": 0.46900318000657854, ""retrieved_row_id"": 311, ""root_probabilities"": {""CDR"": 0.5063330731904483, ""EVisa Request"": 0.035100990648688365, ""Insight"": 0.04802975047771599, ""Investigation"": 0.056838975403294294, ""Person"": 0.04509334551041298, ""Phone"": 0.0494280782320289, ""Report"": 0.045847088734775804, ""Web Activity"": 0.1533266462528861, ""Web Actor"": 0.06000205154974913}}"
