row_id,question,gold_json,predicted_json,confidence,error_category,diagnostics
5,What phones were last active earlier than 1 December 2023?,"{""entityType"":""Phone"",""statements"":[{""parameters"":{""name"":""ifc.ootb.Participant.lastActiveDate"",""operator"":""before"",""value"":""2023-12-01""},""type"":""filter""}]}","{""entityType"":""Phone"",""statements"":[{""parameters"":{""name"":""ifc.ootb.Participant.lastActiveDate"",""operator"":""before"",""value"":""2023-12-01""},""type"":""filter""}]}",0.63223039753172,correct,"{""retrieval_score"": 0.5156633238084667, ""retrieved_row_id"": 742, ""root_probabilities"": {""CDR"": 0.06110872011693703, ""EVisa Request"": 0.0313650620858847, ""Insight"": 0.027182199922107714, ""Investigation"": 0.024783859623617392, ""Person"": 0.029591246767942853, ""Phone"": 0.6949972833827025, ""Report"": 0.03030106344249248, ""Web Activity"": 0.048719501665310264, ""Web Actor"": 0.05195106299300521}}"
8,Present all tweets from accounts with 500 friends that mention the Tesla,"{""entityType"":""Web Activity"",""statements"":[{""parameters"":{""name"":""ifc.ootb.Orbis.platform"",""operator"":""equals"",""value"":""twitter""},""type"":""filter""},{""parameters"":{""name"":""ifc.ootb.WebActivity.text"",""operator"":""contains"",""value"":""Tesla""},""type"":""filter""},{""parameters"":{""relationTargetType"":[""Web Actor""],""relationType"":[""relation_Writer""]},""statements"":[{""parameters"":{""name"":""ifc.ootb.WebActor.numberOfFriends"",""operator"":""equals"",""value"":500},""type"":""filter""}],""type"":""relation""}]}","{""entityType"":""Web Actor"",""statements"":[{""parameters"":{""name"":""ifc.ootb.Orbis.platform"",""operator"":""equals"",""value"":""snapchat""},""type"":""filter""},{""parameters"":{""name"":""ifc.ootb.WebActor.numberOfFriends"",""operator"":""contains"",""value"":500},""type"":""filter""}]}",0.36905259014422276,wrong_root,"{""retrieval_score"": 0.44615818896430987, ""retrieved_row_id"": 131, ""root_probabilities"": {""CDR"": 0.09216244963552019, ""EVisa Request"": 0.02807543956851803, ""Insight"": 0.059868862065732456, ""Investigation"": 0.03898329369992722, ""Person"": 0.046389146517244226, ""Phone"": 0.04827649482528605, ""Report"": 0.040542538223712114, ""Web Activity"": 0.3181675846844994, ""Web Actor"": 0.3275341907795605}}"
12,Retrieve reports mentioning 'John Smith' or 'Jane Doe',"{""entityType"":""Report"",""statements"":[{""parameters"":{""operatorValue"":""OR""},""statements"":[{""parameters"":{""name"":""text"",""operator"":""contains"",""value"":""John Smith""},""type"":""filter""},{""parameters"":{""name"":""text"",""operator"":""contains"",""value"":""Jane Doe""},""type"":""filter""}],""type"":""operator""}]}","{""entityType"":""Report"",""statements"":[{""parameters"":{""name"":""text"",""operator"":""contains"",""value"":""John Smith""},""type"":""filter""}]}",0.3903159868920106,wrong_structure_or_value,"{""retrieval_score"": 0.32655145787734163, ""retrieved_row_id"": 503, ""root_probabilities"": {""CDR"": 0.08548270350671458, ""EVisa Request"": 0.03346950487151342, ""Insight"": 0.1271112258183192, ""Investigation"": 0.045306691048612374, ""Person"": 0.07589515067439376, ""Phone"": 0.054430019989431075, ""Report"": 0.42465073328452463, ""Web Activity"": 0.07634639686796688, ""Web Actor"": 0.07730757393852396}}"
26,Find Instagram profiles with 100 followers that use Israel phone number,"{""entityType"":""Web Actor"",""statements"":[{""parameters"":{""name"":""ifc.ootb.Orbis.platform"",""operator"":""equals"",""value"":""instagram""},""type"":""filter""},{""parameters"":{""name"":""ifc.ootb.WebActor.leadingPhone"",""operator"":""begins_with"",""value"":""+972""},""type"":""filter""},{""parameters"":{""name"":""ifc.ootb.WebActor.numberOfFollowers"",""operator"":""equals"",""value"":100},""type"":""filter""}]}","{""entityType"":""Web Actor"",""statements"":[{""parameters"":{""name"":""ifc.ootb.Orbis.platform"",""operator"":""equals"",""value"":""Instagram""},""type"":""filter""},{""parameters"":{""name"":""ifc.ootb.Orbis.publishDate"",""operator"":""is"",""value"":""2024-02-15""},""type"":""filter""},{""parameters"":{""name"":""ifc.ootb.WebActor.numberOfFollowers"",""operator"":""equals"",""value"":100},""type"":""filter""}]}",0.5273577096326197,wrong_structure_or_value,"{""retrieval_score"": 0.3763456112534817, ""retrieved_row_id"": 638, ""root_probabilities"": {""CDR"": 0.05359233713360697, ""EVisa Request"": 0.02107386685005078, ""Insight"": 0.028601387390932622, ""Investigation"": 0.02368212284673114, ""Person"": 0.045893816453731494, ""Phone"": 0.09266009070236164, ""Report"": 0.02704623575309984, ""Web Activity"": 0.09877822641732989, ""Web Actor"": 0.6086719164521556}}"
50,What calls using 4G were not made from 0543037210?,"{""entityType"":""CDR"",""statements"":[{""parameters"":{""name"":""ifc.ootb.CDR.msisdn"",""operator"":""not_equal"",""value"":""0543037210""},""type"":""filter""},{""parameters"":{""name"":""ifc.ootb.CDR.technology"",""operator"":""equals"",""value"":""4G""},""type"":""filter""},{""parameters"":{""name"":""ifc.ootb.CDR.type"",""operator"":""equals"",""value"":""Voice""},""type"":""filter""}]}","{""entityType"":""CDR"",""statements"":[{""parameters"":{""name"":""ifc.ootb.CDR.msisdn"",""operator"":""equals"",""value"":""0543037210""},""type"":""filter""},{""parameters"":{""name"":""ifc.ootb.CDR.technology"",""operator"":""equals"",""value"":""4G""},""type"":""filter""},{""parameters"":{""name"":""ifc.ootb.CDR.type"",""operator"":""equals"",""value"":""Voice""},""type"":""filter""}]}",0.8157161178397234,wrong_structure_or_value,"{""retrieval_score"": 0.897959362865122, ""retrieved_row_id"": 637, ""root_probabilities"": {""CDR"": 0.7714312935952781, ""EVisa Request"": 0.0171386663264016, ""Insight"": 0.030142441811831032, ""Investigation"": 0.023477111090129656, ""Person"": 0.022285012904657432, ""Phone"": 0.037353732170985705, ""Report"": 0.02548594623625648, ""Web Activity"": 0.044507253371833005, ""Web Actor"": 0.028178542492626947}}"
56,List all emails from john@company.com to jane@company.com with attachments in February 2024,"{""entityType"":""CDR"",""statements"":[{""parameters"":{""name"":""ifc.ootb.CDR.destinationEmailAddress"",""operator"":""equals"",""value"":""jane@company.com""},""type"":""filter""},{""parameters"":{""name"":""ifc.ootb.CDR.isAttachment"",""operator"":""equals"",""value"":true},""type"":""filter""},{""parameters"":{""name"":""ifc.ootb.CDR.originatorEmailAddress"",""operator"":""equals"",""value"":""john@company.com""},""type"":""filter""},{""parameters"":{""name"":""ifc.ootb.CDR.startTime"",""operator"":""between"",""value"":[""2024-02-01"",""2024-02-29""]},""type"":""filter""},{""parameters"":{""name"":""ifc.ootb.CDR.type"",""operator"":""equals"",""value"":""Email""},""type"":""filter""}]}","{""entityType"":""CDR"",""statements"":[{""parameters"":{""name"":""ifc.ootb.CDR.isAttachment"",""operator"":""equals"",""value"":true},""type"":""filter""},{""parameters"":{""name"":""ifc.ootb.CDR.originatorEmailAddress"",""operator"":""equals"",""value"":""john@company.com""},""type"":""filter""},{""parameters"":{""name"":""ifc.ootb.CDR.startTime"",""operator"":""after"",""value"":""john@company.com""},""type"":""filter""},{""parameters"":{""name"":""ifc.ootb.CDR.type"",""operator"":""equals"",""value"":""Email""},""type"":""filter""}]}",0.6372790543026661,wrong_structure_or_value,"{""retrieval_score"": 0.6114300394507934, ""retrieved_row_id"": 588, ""root_probabilities"": {""CDR"": 0.6511977546075206, ""EVisa Request"": 0.02952465958376643, ""Insight"": 0.03771605806145829, ""Investigation"": 0.03929349753544462, ""Person"": 0.046710670724245555, ""Phone"": 0.04135165265254136, ""Report"": 0.03647174536008168, ""Web Activity"": 0.06444000760372402, ""Web Actor"": 0.053293953871217395}}"
59,incoming calls to the device with imsi 35699605559871102 that were 5 minutes long last month,"{""entityType"":""CDR"",""statements"":[{""parameters"":{""name"":""ifc.ootb.CDR.duration"",""operator"":""equals"",""value"":5},""type"":""filter""},{""parameters"":{""name"":""ifc.ootb.CDR.imsi2"",""operator"":""equals"",""value"":""35699605559871102""},""type"":""filter""},{""parameters"":{""name"":""ifc.ootb.CDR.startTime"",""operator"":""relative"",""value"":{""count"":1,""mode"":""previous"",""time_res"":""month""}},""type"":""filter""},{""parameters"":{""name"":""ifc.ootb.CDR.type"",""operator"":""equals"",""value"":""Voice""},""type"":""filter""}]}","{""entityType"":""CDR"",""statements"":[{""parameters"":{""name"":""ifc.ootb.CDR.duration"",""operator"":""relative"",""value"":{""count"":1,""mode"":""previous"",""time_res"":""month""}},""type"":""filter""},{""parameters"":{""name"":""ifc.ootb.CDR.imsi"",""operator"":""equals"",""value"":""35699605559871102""},""type"":""filter""},{""parameters"":{""name"":""ifc.ootb.CDR.imsi"",""operator"":""relative"",""value"":{""count"":1,""mode"":""previous"",""time_res"":""month""}},""type"":""filter""},{""parameters"":{""name"":""ifc.ootb.CDR.startTime"",""operator"":""relative"",""value"":{""count"":1,""mode"":""previous"",""time_res"":""month""}},""type"":""filter""},{""parameters"":{""name"":""ifc.ootb.CDR.type"",""operator"":""equals"",""value"":""Voice""},""type"":""filter""}]}",0.5055865607498041,wrong_structure_or_value,"{""retrieval_score"": 0.465151863931685, ""retrieved_row_id"": 689, ""root_probabilities"": {""CDR"": 0.5273590898057143, ""EVisa Request"": 0.03695770662633021, ""Insight"": 0.050226127554685765, ""Investigation"": 0.03996481954122278, ""Person"": 0.04431157545302668, ""Phone"": 0.13440517469278238, ""Report"": 0.041076211724032176, ""Web Activity"": 0.06779901326291642, ""Web Actor"": 0.05790028133928929}}"
64,List insights with text referring to 'surveillance footage' or 'security camera video',"{""entityType"":""Insight"",""statements"":[{""parameters"":{""operatorValue"":""OR""},""statements"":[{""parameters"":{""name"":""text"",""operator"":""contains"",""value"":""surveillance footage""},""type"":""filter""},{""parameters"":{""name"":""text"",""operator"":""contains"",""value"":""security camera video""},""type"":""filter""}],""type"":""operator""}]}","{""entityType"":""Insight"",""statements"":[{""parameters"":{""name"":""text"",""operator"":""contains"",""value"":""security camera video""},""type"":""filter""},{""parameters"":{""operatorValue"":""OR""},""statements"":[{""parameters"":{""name"":""text"",""operator"":""contains"",""value"":""surveillance footage""},""type"":""filter""},{""parameters"":{""name"":""text"",""operator"":""contains"",""value"":""surveillance footage""},""type"":""filter""}],""type"":""operator""}]}",0.5643394638560981,wrong_structure_or_value,"{""retrieval_score"": 0.48472481180219623, ""retrieved_row_id"": 173, ""root_probabilities"": {""CDR"": 0.07112007759706179, ""EVisa Request"": 0.032917559838998224, ""Insight"": 0.6072088918851223, ""Investigation"": 0.036902583024881225, ""Person"": 0.049184906974044214, ""Phone"": 0.045208086965247425, ""Report"": 0.06187879344776316, ""Web Activity"": 0.0486598937949885, ""Web Actor"": 0.04691920647189315}}"
66,Find all phones with IMEI number starting with '35',"{""entityType"":""Phone"",""statements"":[{""parameters"":{""name"":""ifc.ootb.Phone.IMEI"",""operator"":""begins_with"",""value"":""35""},""type"":""filter""}]}","{""entityType"":""Phone"",""statements"":[{""parameters"":{""name"":""ifc.ootb.Phone.IMEI"",""operator"":""begins_with"",""value"":""35""},""type"":""filter""},{""parameters"":{""name"":""ifc.ootb.Phone.IMEI"",""operator"":""equals"",""value"":""123456789012345""},""type"":""filter""}]}",0.4454169519085375,wrong_structure_or_value,"{""retrieval_score"": 0.3465417888008248, ""retrieved_row_id"": 136, ""root_probabilities"": {""CDR"": 0.15475836061561782, ""EVisa Request"": 0.029695466307747175, ""Insight"": 0.025607976663825485, ""Investigation"": 0.031985667522047206, ""Person"": 0.12724610555452603, ""Phone"": 0.49865742435115196, ""Report"": 0.029412583544106374, ""Web Activity"": 0.06321594330115421, ""Web Actor"": 0.03942047213982365}}"
68,Who was given a 180-day visa in the past year?,"{""entityType"":""EVisa Request"",""statements"":[{""parameters"":{""name"":""ifc.EVisaRequest.visaDuration"",""operator"":""equals"",""value"":180},""type"":""filter""},{""parameters"":{""name"":""ifc.EVisaRequest.visaIssueDate"",""operator"":""relative"",""value"":{""count"":1,""mode"":""previous"",""time_res"":""year""}},""type"":""filter""}]}","{""entityType"":""EVisa Request"",""statements"":[{""parameters"":{""name"":""ifc.EVisaRequest.demandDate"",""operator"":""relative"",""value"":{""count"":1,""mode"":""previous"",""time_res"":""year""}},""type"":""filter""},{""parameters"":{""name"":""ifc.EVisaRequest.state"",""operator"":""equals"",""value"":""rejected""},""type"":""filter""}]}",0.23042626580679554,wrong_structure_or_value,"{""retrieval_score"": 0.15162384703716889, ""retrieved_row_id"": 580, ""root_probabilities"": {""CDR"": 0.14837452852833471, ""EVisa Request"": 0.2728583374519791, ""Insight"": 0.07418686126194907, ""Investigation"": 0.06462429896579143, ""Person"": 0.061823689849035704, ""Phone"": 0.09456225524240909, ""Report"": 0.059902910117981586, ""Web Activity"": 0.13742351691933183, ""Web Actor"": 0.0862436016631876}}"
70,Find all open investigations related to counterfeit goods,"{""entityType"":""Investigation"",""statements"":[{""parameters"":{""name"":""ifc.core.description"",""operator"":""contains"",""value"":""counterfeit goods""},""type"":""filter""},{""parameters"":{""name"":""ifc.core.state"",""operator"":""equals"",""value"":""open""},""type"":""filter""}]}","{""entityType"":""Investigation"",""statements"":[{""parameters"":{""name"":""ifc.core.description"",""operator"":""contains"",""value"":""public corruption""},""type"":""filter""},{""parameters"":{""name"":""ifc.core.state"",""operator"":""equals"",""value"":""open""},""type"":""filter""}]}",0.7950222142104231,wrong_structure_or_value,"{""retrieval_score"": 0.5741245545909153, ""retrieved_row_id"": 353, ""root_probabilities"": {""CDR"": 0.016247880741573382, ""EVisa Request"": 0.006859526226305848, ""Insight"": 0.011706920714939416, ""Investigation"": 0.9139671078516965, ""Person"": 0.008437064022336092, ""Phone"": 0.008935175913887507, ""Report"": 0.007881975064743262, ""Web Activity"": 0.013231625086108575, ""Web Actor"": 0.012732724378409431}}"
73,Show me all phones with arabic activities,"{""entityType"":""Phone"",""statements"":[{""parameters"":{""name"":""ifc.ootb.Participant.tlidDominantLanguage"",""operator"":""equals"",""value"":""Arabic""},""type"":""filter""}]}","{""entityType"":""Phone"",""statements"":[{""parameters"":{""name"":""ifc.ootb.Participant.tlidDominantLanguage"",""operator"":""not_equal"",""value"":""Arabic""},""type"":""filter""}]}",0.6025416113636696,wrong_structure_or_value,"{""retrieval_score"": 0.4924086437382286, ""retrieved_row_id"": 112, ""root_probabilities"": {""CDR"": 0.06280008066204311, ""EVisa Request"": 0.01598193657113201, ""Insight"": 0.018595569535908792, ""Investigation"": 0.019361701774029846, ""Person"": 0.03901694136008195, ""Phone"": 0.6618439785465994, ""Report"": 0.01628496964679662, ""Web Activity"": 0.14469414717299942, ""Web Actor"": 0.021420674730408876}}"
78,Show me all successful SMS messages from 0542164185 with Arabic settings since 1 January 2023,"{""entityType"":""CDR"",""statements"":[{""parameters"":{""name"":""ifc.ootb.CDR.callStatus"",""operator"":""equals"",""value"":""Successful""},""type"":""filter""},{""parameters"":{""name"":""ifc.ootb.CDR.msisdn"",""operator"":""equals"",""value"":""0542164185""},""type"":""filter""},{""parameters"":{""name"":""ifc.ootb.CDR.startTime"",""operator"":""after"",""value"":""2023-01-01""},""type"":""filter""},{""parameters"":{""name"":""ifc.ootb.CDR.type"",""operator"":""equals"",""value"":""Text""},""type"":""filter""},{""parameters"":{""relationTargetType"":[""Phone""],""relationType"":[""relation_Callee""]},""statements"":[{""parameters"":{""name"":""ifc.ootb.Participant.tlidDominantLanguage"",""operator"":""contains"",""value"":""Arabic""},""type"":""filter""}],""type"":""relation""}]}","{""entityType"":""CDR"",""statements"":[{""parameters"":{""name"":""ifc.ootb.CDR.msisdn2"",""operator"":""equals"",""value"":""0542164185""},""type"":""filter""},{""parameters"":{""name"":""ifc.ootb.CDR.startTime"",""operator"":""relative"",""value"":""2023-01-01""},""type"":""filter""},{""parameters"":{""name"":""ifc.ootb.CDR.technology"",""operator"":""equals"",""value"":""4G""},""type"":""filter""},{""parameters"":{""name"":""ifc.ootb.CDR.type"",""operator"":""equals"",""value"":""Voice""},""type"":""filter""},{""parameters"":{""relationTargetType"":[""Phone""],""relationType"":[""relation_Caller""]},""statements"":[{""parameters"":{""name"":""ifc.ootb.Participant.tlidDominantLanguage"",""operator"":""equals"",""value"":""Arabic""},""type"":""filter""}],""type"":""relation""}]}",0.4473976488453576,wrong_structure_or_value,"{""retrieval_score"": 0.30529562810495253, ""retrieved_row_id"": 616, ""root_probabilities"": {""CDR"": 0.5239141215517296, ""EVisa Request"": 0.06586654091554481, ""Insight"": 0.04982960164827226, ""Investigation"": 0.04177207171249979, ""Person"": 0.07196554278849077, ""Phone"": 0.07801585722733706, ""Report"": 0.03870947048041182, ""Web Activity"": 0.07510399319055736, ""Web Actor"": 0.05482280048515639}}"
80,Show me all individuals with a passport number equal to 'XYZ789',"{""entityType"":""Person"",""statements"":[{""parameters"":{""name"":""ifc.Person.passport"",""operator"":""equals"",""value"":""XYZ789""},""type"":""filter""}]}","{""entityType"":""Person"",""statements"":[{""parameters"":{""name"":""ifc.Person.birthDate"",""operator"":""before"",""value"":""XYZ789""},""type"":""filter""},{""parameters"":{""name"":""ifc.Person.passport"",""operator"":""contains"",""value"":""XYZ789""},""type"":""filter""},{""parameters"":{""name"":""ifc.Person.passport"",""operator"":""not_equal"",""value"":""A""},""type"":""filter""}]}",0.7419426238348584,wrong_structure_or_value,"{""retrieval_score"": 0.5506980640121137, ""retrieved_row_id"": 416, ""root_probabilities"": {""CDR"": 0.040366642738199864, ""EVisa Request"": 0.011145135056003267, ""Insight"": 0.014025743196417004, ""Investigation"": 0.016625539604615085, ""Person"": 0.8449204637394132, ""Phone"": 0.019719853024192463, ""Report"": 0.014203621790299669, ""Web Activity"": 0.024801630433071646, ""Web Actor"": 0.014191370417787721}}"
94,Retrieve all communications for subcase 'XYZ789' that were in spanish yesterday,"{""entityType"":""CDR"",""statements"":[{""parameters"":{""name"":""ifc.CDR.subcaseCode"",""operator"":""equals"",""value"":""XYZ789""},""type"":""filter""},{""parameters"":{""name"":""ifc.ootb.CDR.mainLanguage"",""operator"":""equals"",""value"":""spanish""},""type"":""filter""},{""parameters"":{""name"":""ifc.ootb.CDR.startTime"",""operator"":""relative"",""value"":{""count"":1,""mode"":""previous"",""time_res"":""day""}},""type"":""filter""}]}","{""entityType"":""CDR"",""statements"":[{""parameters"":{""name"":""ifc.CDR.subcaseCode"",""operator"":""equals"",""value"":""ABC789""},""type"":""filter""},{""parameters"":{""name"":""ifc.ootb.CDR.startTime"",""operator"":""between"",""value"":""XYZ789""},""type"":""filter""}]}",0.5041282853924228,wrong_structure_or_value,"{""retrieval_score"": 0.5546344733194946, ""retrieved_row_id"": 165, ""root_probabilities"": {""CDR"": 0.47693264573938415, ""EVisa Request"": 0.033862196304875615, ""Insight"": 0.051465806931049234, ""Investigation"": 0.0678027217726346, ""Person"": 0.059343060420182024, ""Phone"": 0.0791568916766532, ""Report"": 0.04523400596734644, ""Web Activity"": 0.1255707348181923, ""Web Actor"": 0.06063193636968232}}"
98,List all phones that mostly communicate in either Spanish or French,"{""entityType"":""Phone"",""statements"":[{""parameters"":{""operatorValue"":""OR""},""statements"":[{""parameters"":{""name"":""ifc.ootb.Participant.tlidDominantLanguage"",""operator"":""equals"",""value"":""Spanish""},""type"":""filter""},{""parameters"":{""name"":""ifc.ootb.Participant.tlidDominantLanguage"",""operator"":""equals"",""value"":""French""},""type"":""filter""}],""type"":""operator""}]}","{""entityType"":""Phone"",""statements"":[{""parameters"":{""name"":""ifc.ootb.Participant.tlidDominantLanguage"",""operator"":""equals"",""value"":""spanish""},""type"":""filter""}]}",0.4102518847817751,wrong_structure_or_value,"{""retrieval_score"": 0.35121266411010255, ""retrieved_row_id"": 626, ""root_probabilities"": {""CDR"": 0.1742886438170677, ""EVisa Request"": 0.032457895510448566, ""Insight"": 0.03625943461127441, ""Investigation"": 0.05012299625393532, ""Person"": 0.055036716577380185, ""Phone"": 0.44204223437421414, ""Report"": 0.04408660472555927, ""Web Activity"": 0.10740424942694761, ""Web Actor"": 0.05830122470317266}}"
102,List investigations with descriptions containing 'wire transfer',"{""entityType"":""Investigation"",""statements"":[{""parameters"":{""name"":""ifc.core.description"",""operator"":""contains"",""value"":""wire transfer""},""type"":""filter""}]}","{""entityType"":""Investigation"",""statements"":[{""parameters"":{""name"":""ifc.core.description"",""operator"":""contains"",""value"":""wire transfer""},""type"":""filter""}]}",0.6695741780791354,correct,"{""retrieval_score"": 0.5136971478056298, ""retrieved_row_id"": 349, ""root_probabilities"": {""CDR"": 0.037103552239178425, ""EVisa Request"": 0.019556874180552818, ""Insight"": 0.028927303975073353, ""Investigation"": 0.7535079636110231, ""Person"": 0.03629496607296023, ""Phone"": 0.02995418256564782, ""Report"": 0.033091236610633325, ""Web Activity"": 0.028479968023215528, ""Web Actor"": 0.033083952721715625}}"
103,List all calls that were redirected to voicemail in the past 6 days.,"{""entityType"":""CDR"",""statements"":[{""parameters"":{""name"":""ifc.ootb.CDR.callStatus"",""operator"":""equals"",""value"":""Redirected""},""type"":""filter""},{""parameters"":{""name"":""ifc.ootb.CDR.startTime"",""operator"":""relative"",""value"":{""count"":6,""mode"":""previous"",""time_res"":""day""}},""type"":""filter""},{""parameters"":{""name"":""ifc.ootb.CDR.type"",""operator"":""equals"",""value"":""Voice""},""type"":""filter""}]}","{""entityType"":""CDR"",""statements"":[{""parameters"":{""name"":""ifc.ootb.CDR.callStatus"",""operator"":""equals"",""value"":""Redirected""},""type"":""filter""},{""parameters"":{""name"":""ifc.ootb.CDR.msisdn"",""operator"":""equals"",""value"":""+972543037210""},""type"":""filter""},{""parameters"":{""name"":""ifc.ootb.CDR.startTime"",""operator"":""relative"",""value"":{""count"":6,""mode"":""previous"",""time_res"":""day""}},""type"":""filter""},{""parameters"":{""name"":""ifc.ootb.CDR.type"",""operator"":""equals"",""value"":""Voice""},""type"":""filter""}]}",0.5757134253418084,wrong_structure_or_value,"{""retrieval_score"": 0.6797290216765931, ""retrieved_row_id"": 214, ""root_probabilities"": {""CDR"": 0.5197050273153857, ""EVisa Request"": 0.04471312836669683, ""Insight"": 0.0538230302179604, ""Investigation"": 0.05929877517506285, ""Person"": 0.041065416740887664, ""Phone"": 0.06795117218746911, ""Report"": 0.04924676105146325, ""Web Activity"": 0.11028853446743447, ""Web Actor"": 0.05390815447763971}}"
116,List emails from john@gmail.com or sarah@outlook.com with 'urgent' in the subject yesterday,"{""entityType"":""CDR"",""statements"":[{""parameters"":{""name"":""ifc.CDR.emailSubject"",""operator"":""contains"",""value"":""urgent""},""type"":""filter""},{""parameters"":{""name"":""ifc.ootb.CDR.createDateTime"",""operator"":""relative"",""value"":{""count"":1,""mode"":""previous"",""time_res"":""day""}},""type"":""filter""},{""parameters"":{""name"":""ifc.ootb.CDR.type"",""operator"":""equals"",""value"":""Email""},""type"":""filter""},{""parameters"":{""operatorValue"":""OR""},""statements"":[{""parameters"":{""name"":""ifc.ootb.CDR.originatorEmailAddress"",""operator"":""equals"",""value"":""john@gmail.com""},""type"":""filter""},{""parameters"":{""name"":""ifc.ootb.CDR.originatorEmailAddress"",""operator"":""equals"",""value"":""sarah@outlook.com""},""type"":""filter""}],""type"":""operator""}]}","{""entityType"":""CDR"",""statements"":[{""parameters"":{""name"":""ifc.CDR.emailSubject"",""operator"":""contains"",""value"":""urgent""},""type"":""filter""},{""parameters"":{""name"":""ifc.ootb.CDR.originatorEmailAddress"",""operator"":""equals"",""value"":""ariel042cohen@gmail.com""},""type"":""filter""},{""parameters"":{""name"":""ifc.ootb.CDR.type"",""operator"":""equals"",""value"":""Email""},""type"":""filter""}]}",0.6360955687773553,wrong_structure_or_value,"{""retrieval_score"": 0.5670824947145829, ""retrieved_row_id"": 287, ""root_probabilities"": {""CDR"": 0.6732564548111558, ""EVisa Request"": 0.025127224176792126, ""Insight"": 0.04456848975247092, ""Investigation"": 0.033316583241093815, ""Person"": 0.03842352261346237, ""Phone"": 0.040994954801270106, ""Report"": 0.035182603200550354, ""Web Activity"": 0.05809716811883713, ""Web Actor"": 0.0510329992843674}}"
117,Show me all SMS messages sent via the SMPP protocol in the past 24 hours.,"{""entityType"":""CDR"",""statements"":[{""parameters"":{""name"":""ifc.ootb.CDR.smsProtocol"",""operator"":""equals"",""value"":""SMPP""},""type"":""filter""},{""parameters"":{""name"":""ifc.ootb.CDR.startTime"",""operator"":""relative"",""value"":{""count"":24,""mode"":""previous"",""time_res"":""hour""}},""type"":""filter""},{""parameters"":{""name"":""ifc.ootb.CDR.type"",""operator"":""equals"",""value"":""Text""},""type"":""filter""}]}","{""entityType"":""CDR"",""statements"":[{""parameters"":{""name"":""ifc.ootb.CDR.protocol"",""operator"":""relative"",""value"":{""count"":24,""mode"":""previous"",""time_res"":""hour""}},""type"":""filter""},{""parameters"":{""name"":""ifc.ootb.CDR.smsText"",""operator"":""contains"",""value"":""meeting""},""type"":""filter""},{""parameters"":{""name"":""ifc.ootb.CDR.startTime"",""operator"":""relative"",""value"":{""count"":24,""mode"":""previous"",""time_res"":""hour""}},""type"":""filter""},{""parameters"":{""name"":""ifc.ootb.CDR.type"",""operator"":""equals"",""value"":""Text""},""type"":""filter""}]}",0.5280557727703812,wrong_structure_or_value,"{""retrieval_score"": 0.39603578440622494, ""retrieved_row_id"": 382, ""root_probabilities"": {""CDR"": 0.5991434588126191, ""EVisa Request"": 0.03059948332257158, ""Insight"": 0.055999075271277426, ""Investigation"": 0.04347199687489572, ""Person"": 0.04230300656909999, ""Phone"": 0.0495800308447233, ""Report"": 0.03633304049798435, ""Web Activity"": 0.09628809312547848, ""Web Actor"": 0.046281814681350064}}"
119,List web actors who attended Stanford University.,"{""entityType"":""Web Actor"",""statements"":[{""parameters"":{""name"":""ifc.ootb.WebActor.educationalInstitution"",""operator"":""contains"",""value"":""Stanford University""},""type"":""filter""}]}","{""entityType"":""Web Activity"",""statements"":[{""parameters"":{""relationTargetType"":[""Web Actor""],""relationType"":[""relation_Writer""]},""statements"":[{""parameters"":{""name"":""ifc.ootb.WebActor.gender"",""operator"":""equals"",""value"":""Female""},""type"":""filter""},{""parameters"":{""name"":""ifc.ootb.WebActor.educationalInstitution"",""operator"":""contains"",""value"":""Stanford University""},""type"":""filter""}],""type"":""relation""}]}",0.45864388894831387,wrong_root,"{""retrieval_score"": 0.7233551194741754, ""retrieved_row_id"": 370, ""root_probabilities"": {""CDR"": 0.08937271997965661, ""EVisa Request"": 0.05887742256032535, ""Insight"": 0.052743341092888044, ""Investigation"": 0.04627929192433407, ""Person"": 0.0524861966960443, ""Phone"": 0.06817940925218845, ""Report"": 0.050699661300913336, ""Web Activity"": 0.31610707251131154, ""Web Actor"": 0.2652548846823383}}"
134,"Identify social activities with a positive sentiment score of 0.8, created by account following 1000 accounts","{""entityType"":""Web Activity"",""statements"":[{""parameters"":{""name"":""ifc.ootb.WebActivity.sentiment"",""operator"":""equals"",""value"":""Positive""},""type"":""filter""},{""parameters"":{""name"":""ifc.ootb.WebActivity.sentimentScore"",""operator"":""equals"",""value"":0.8},""type"":""filter""},{""parameters"":{""relationTargetType"":[""Web Actor""],""relationType"":[""relation_Writer""]},""statements"":[{""parameters"":{""name"":""ifc.ootb.WebActor.numberOfFollowing"",""operator"":""equals"",""value"":1000},""type"":""filter""}],""type"":""relation""}]}","{""entityType"":""Web Activity"",""statements"":[{""parameters"":{""name"":""ifc.ootb.Orbis.publishDate"",""operator"":""relative"",""value"":{""count"":3,""mode"":""previous"",""time_res"":""month""}},""type"":""filter""},{""parameters"":{""name"":""ifc.ootb.WebActivity.sentiment"",""operator"":""equals"",""value"":""Positive""},""type"":""filter""}]}",0.3644432848661973,wrong_structure_or_value,"{""retrieval_score"": 0.29018462341491447, ""retrieved_row_id"": 456, ""root_probabilities"": {""CDR"": 0.058621507104872704, ""EVisa Request"": 0.024849190373066446, ""Insight"": 0.0439424037327623, ""Investigation"": 0.03860123422753836, ""Person"": 0.04256951844471637, ""Phone"": 0.051605294837399895, ""Report"": 0.04578887090434178, ""Web Activity"": 0.4044287179553496, ""Web Actor"": 0.2895932624199526}}"
169,Find all people with the last name 'Smith' born between 1 January 1980 and 31 December 1989,"{""entityType"":""Person"",""statements"":[{""parameters"":{""name"":""ifc.Person.birthDate"",""operator"":""between"",""value"":[""1980-01-01"",""1989-12-31""]},""type"":""filter""},{""parameters"":{""name"":""ifc.Person.lastName"",""operator"":""equals"",""value"":""Smith""},""type"":""filter""}]}","{""entityType"":""Person"",""statements"":[{""parameters"":{""name"":""ifc.Person.birthDate"",""operator"":""between"",""value"":[""1980-01-01"",""1989-12-31""]},""type"":""filter""}]}",0.5722123242699778,wrong_structure_or_value,"{""retrieval_score"": 0.3859759545803821, ""retrieved_row_id"": 307, ""root_probabilities"": {""CDR"": 0.035297379817068125, ""EVisa Request"": 0.047894234974477166, ""Insight"": 0.022388146166106005, ""Investigation"": 0.03445675547416068, ""Person"": 0.6724934464105293, ""Phone"": 0.044597449624003, ""Report"": 0.02408056244230414, ""Web Activity"": 0.050835119034895515, ""Web Actor"": 0.06795690605645603}}"
170,show all incoming and outgoing emails of ariel042cohen@gmail from the past week,"{""entityType"":""CDR"",""statements"":[{""parameters"":{""name"":""ifc.ootb.CDR.createDateTime"",""operator"":""relative"",""value"":{""count"":1,""mode"":""previous"",""time_res"":""week""}},""type"":""filter""},{""parameters"":{""operatorValue"":""OR""},""statements"":[{""parameters"":{""name"":""ifc.ootb.CDR.originatorEmailAddress"",""operator"":""equals"",""value"":""ariel042cohen@gmail""},""type"":""filter""},{""parameters"":{""name"":""ifc.ootb.CDR.destinationEmailAddress"",""operator"":""equals"",""value"":""ariel042cohen@gmail""},""type"":""filter""}],""type"":""operator""}]}","{""entityType"":""CDR"",""statements"":[{""parameters"":{""name"":""ifc.ootb.CDR.originatorEmailAddress"",""operator"":""equals"",""value"":""ariel042cohen@gmail.com""},""type"":""filter""},{""parameters"":{""name"":""ifc.ootb.CDR.type"",""operator"":""equals"",""value"":""Web""},""type"":""filter""}]}",0.5360699742550687,wrong_structure_or_value,"{""retrieval_score"": 0.40498119073563676, ""retrieved_row_id"": 420, ""root_probabilities"": {""CDR"": 0.6066562423039937, ""EVisa Request"": 0.028136494469396908, ""Insight"": 0.060077664739857574, ""Investigation"": 0.042304765403822074, ""Person"": 0.04409853802436289, ""Phone"": 0.05484049272049929, ""Report"": 0.041614556980907866, ""Web Activity"": 0.07946699578112323, ""Web Actor"": 0.04280424957603655}}"
180,Find reports with 'ponzi scheme' in the content,"{""entityType"":""Report"",""statements"":[{""parameters"":{""name"":""text"",""operator"":""contains"",""value"":""ponzi scheme""},""type"":""filter""}]}","{""entityType"":""Report"",""statements"":[{""parameters"":{""name"":""text"",""operator"":""contains"",""value"":""ponzi scheme""},""type"":""filter""}]}",0.6197463403588354,correct,"{""retrieval_score"": 0.3205021800710388, ""retrieved_row_id"": 599, ""root_probabilities"": {""CDR"": 0.03603411657765281, ""EVisa Request"": 0.014836772266169923, ""Insight"": 0.02452107072501219, ""Investigation"": 0.018823922567810767, ""Person"": 0.02912258547824583, ""Phone"": 0.026767583872361108, ""Report"": 0.7808778112830335, ""Web Activity"": 0.030223055232279156, ""Web Actor"": 0.03879308199743482}}"
185,Find all mobile phones that are linked to IMSI 310150123456789,"{""entityType"":""Phone"",""statements"":[{""parameters"":{""name"":""ifc.Phone.type"",""operator"":""equals"",""value"":""Mobile""},""type"":""filter""},{""parameters"":{""name"":""ifc.ootb.Phone.IMSI"",""operator"":""equals"",""value"":""310150123456789""},""type"":""filter""}]}","{""entityType"":""Phone"",""statements"":[{""parameters"":{""name"":""ifc.ootb.Phone.IMSI"",""operator"":""equals"",""value"":""310150123456789""},""type"":""filter""}]}",0.5659177750607013,wrong_structure_or_value,"{""retrieval_score"": 0.4750753540114844, ""retrieved_row_id"": 506, ""root_probabilities"": {""CDR"": 0.1085168492839913, ""EVisa Request"": 0.02473233919863481, ""Insight"": 0.034581280420080796, ""Investigation"": 0.03785567582078737, ""Person"": 0.036433494403144744, ""Phone"": 0.6148329248564335, ""Report"": 0.03114416531052347, ""Web Activity"": 0.0615640941281101, ""Web Actor"": 0.05033917657829391}}"
186,Show me investigations that are either open or were created in the last month,"{""entityType"":""Investigation"",""statements"":[{""parameters"":{""operatorValue"":""OR""},""statements"":[{""parameters"":{""name"":""ifc.core.state"",""operator"":""equals"",""value"":""open""},""type"":""filter""},{""parameters"":{""name"":""ifc.core.createtime"",""operator"":""relative"",""value"":{""count"":1,""mode"":""previous"",""time_res"":""month""}},""type"":""filter""}],""type"":""operator""}]}","{""entityType"":""Investigation"",""statements"":[{""parameters"":{""operatorValue"":""OR""},""statements"":[{""parameters"":{""name"":""ifc.core.state"",""operator"":""equals"",""value"":""open""},""type"":""filter""},{""parameters"":{""name"":""ifc.core.createtime"",""operator"":""relative"",""value"":{""count"":1,""mode"":""previous"",""time_res"":""month""}},""type"":""filter""}],""type"":""operator""}]}",0.8864219047018636,correct,"{""retrieval_score"": 0.9247014265779498, ""retrieved_row_id"": 2, ""root_probabilities"": {""CDR"": 0.0180599031205751, ""EVisa Request"": 0.009789149818450393, ""Insight"": 0.021328235575530465, ""Investigation"": 0.865809854460894, ""Person"": 0.012299775990894142, ""Phone"": 0.014081833284418394, ""Report"": 0.01769164292410914, ""Web Activity"": 0.01726856436712714, ""Web Actor"": 0.023671040458001297}}"
191,"Find LinkedIn profiles mentioning 'data science' in their about section, created in the last 6 months","{""entityType"":""Web Actor"",""statements"":[{""parameters"":{""name"":""ifc.ootb.Orbis.platform"",""operator"":""equals"",""value"":""linkedin""},""type"":""filter""},{""parameters"":{""name"":""ifc.ootb.Orbis.publishDate"",""operator"":""relative"",""value"":{""count"":6,""mode"":""previous"",""time_res"":""month""}},""type"":""filter""},{""parameters"":{""name"":""ifc.ootb.WebActor.about"",""operator"":""contains"",""value"":""data science""},""type"":""filter""}]}","{""entityType"":""Web Actor"",""statements"":[{""parameters"":{""name"":""ifc.ootb.Orbis.platform"",""operator"":""equals"",""value"":""LinkedIn""},""type"":""filter""},{""parameters"":{""name"":""ifc.ootb.WebActor.about"",""operator"":""contains"",""value"":""data science""},""type"":""filter""},{""parameters"":{""name"":""ifc.ootb.WebActor.numberOfFriends"",""operator"":""contains"",""value"":""data science""},""type"":""filter""}]}",0.5750255059667673,wrong_structure_or_value,"{""retrieval_score"": 0.48044471405821576, ""retrieved_row_id"": 476, ""root_probabilities"": {""CDR"": 0.041366353324973064, ""EVisa Request"": 0.027308878830976453, ""Insight"": 0.06348480367918041, ""Investigation"": 0.05342571369322073, ""Person"": 0.020003823080344603, ""Phone"": 0.0297120980164076, ""Report"": 0.056722912721873665, ""Web Activity"": 0.0820217919662668, ""Web Actor"": 0.6259536246867566}}"
211,Find all phones associated with target name John Smith,"{""entityType"":""Phone"",""statements"":[{""parameters"":{""name"":""ifc.ootb.Participant.targetName"",""operator"":""equals"",""value"":""John Smith""},""type"":""filter""}]}","{""entityType"":""Phone"",""statements"":[{""parameters"":{""name"":""ifc.ootb.Participant.targetName"",""operator"":""equals"",""value"":""John Smith""},""type"":""filter""}]}",0.627620776609129,correct,"{""retrieval_score"": 0.8550513311425009, ""retrieved_row_id"": 130, ""root_probabilities"": {""CDR"": 0.1561464707316619, ""EVisa Request"": 0.027792953271349462, ""Insight"": 0.0343465589435621, ""Investigation"": 0.03753988168367881, ""Person"": 0.09178562947224887, ""Phone"": 0.5051581703219287, ""Report"": 0.034032421876229464, ""Web Activity"": 0.055530387119246176, ""Web Actor"": 0.057667526580094414}}"
218,Show me any emails sent from jane@company.com to ariel042cohen@gmail.com with attachments in the past 2 weeks,"{""entityType"":""CDR"",""statements"":[{""parameters"":{""name"":""ifc.ootb.CDR.destinationEmailAddress"",""operator"":""equals"",""value"":""ariel042cohen@gmail.com""},""type"":""filter""},{""parameters"":{""name"":""ifc.ootb.CDR.isAttachment"",""operator"":""equals"",""value"":true},""type"":""filter""},{""parameters"":{""name"":""ifc.ootb.CDR.originatorEmailAddress"",""operator"":""equals"",""value"":""jane@company.com""},""type"":""filter""},{""parameters"":{""name"":""ifc.ootb.CDR.startTime"",""operator"":""relative"",""value"":{""count"":2,""mode"":""previous"",""time_res"":""week""}},""type"":""filter""},{""parameters"":{""name"":""ifc.ootb.CDR.type"",""operator"":""equals"",""value"":""Email""},""type"":""filter""}]}","{""entityType"":""CDR"",""statements"":[{""parameters"":{""name"":""ifc.ootb.CDR.isAttachment"",""operator"":""equals"",""value"":true},""type"":""filter""},{""parameters"":{""name"":""ifc.ootb.CDR.originatorEmailAddress"",""operator"":""equals"",""value"":""ariel042cohen@gmail.com""},""type"":""filter""},{""parameters"":{""name"":""ifc.ootb.CDR.type"",""operator"":""equals"",""value"":""Email""},""type"":""filter""}]}",0.7133703966926601,wrong_structure_or_value,"{""retrieval_score"": 0.595542305905455, ""retrieved_row_id"": 735, ""root_probabilities"": {""CDR"": 0.7768162917319243, ""EVisa Request"": 0.015690333752220592, ""Insight"": 0.04033903385854888, ""Investigation"": 0.02294383802736299, ""Person"": 0.02707430780466619, ""Phone"": 0.024317664487223608, ""Report"": 0.02445691018664536, ""Web Activity"": 0.03913454762637302, ""Web Actor"": 0.029227072525035074}}"
225,Show me reports updated after 20 March 2024,"{""entityType"":""Report"",""statements"":[{""parameters"":{""name"":""ifc.core.updatetime"",""operator"":""after"",""value"":""2024-03-20""},""type"":""filter""}]}","{""entityType"":""Report"",""statements"":[{""parameters"":{""name"":""ifc.core.createtime"",""operator"":""after"",""value"":""2024-03-20""},""type"":""filter""}]}",0.661320354894265,wrong_structure_or_value,"{""retrieval_score"": 0.4199213148073134, ""retrieved_row_id"": 629, ""root_probabilities"": {""CDR"": 0.03329948961685448, ""EVisa Request"": 0.018375794777885562, ""Insight"": 0.024281944435790497, ""Investigation"": 0.021570797967231152, ""Person"": 0.024363292079963912, ""Phone"": 0.022672574063597746, ""Report"": 0.7913044534026235, ""Web Activity"": 0.03497898938313402, ""Web Actor"": 0.02915266427291925}}"
226,Identify web actors with a negative sentiment score who have shared posts related to 'politics' in 2023.,"{""entityType"":""Web Actor"",""statements"":[{""parameters"":{""name"":""ifc.ootb.WebActor.sentiment"",""operator"":""equals"",""value"":""Negative""},""type"":""filter""},{""parameters"":{""relationTargetType"":[""Web Activity""],""relationType"":[""relation_Writer""]},""statements"":[{""parameters"":{""name"":""ifc.ootb.WebActivity.text"",""operator"":""similar_to"",""value"":""politics""},""type"":""filter""},{""parameters"":{""name"":""ifc.ootb.Orbis.publishDate"",""operator"":""between"",""value"":[""2023-01-01"",""2023-12-31""]},""type"":""filter""}],""type"":""relation""}]}","{""entityType"":""Web Activity"",""statements"":[{""parameters"":{""name"":""ifc.ootb.WebActivity.sentiment"",""operator"":""equals"",""value"":""Negative""},""type"":""filter""},{""parameters"":{""name"":""ifc.ootb.WebActivity.sentiment"",""operator"":""equals"",""value"":""politics""},""type"":""filter""},{""parameters"":{""relationTargetType"":[""Web Actor""],""relationType"":[""relation_Writer""]},""statements"":[{""parameters"":{""name"":""ifc.ootb.WebActor.about"",""operator"":""contains"",""value"":""politics""},""type"":""filter""}],""type"":""relation""}]}",0.5198737416090576,wrong_root,"{""retrieval_score"": 0.29208728979655846, ""retrieved_row_id"": 161, ""root_probabilities"": {""CDR"": 0.03397726312400529, ""EVisa Request"": 0.021790042448708028, ""Insight"": 0.03021858722831698, ""Investigation"": 0.03202484903559969, ""Person"": 0.02688734773719512, ""Phone"": 0.03183411934870759, ""Report"": 0.021977921645802673, ""Web Activity"": 0.642527984892711, ""Web Actor"": 0.15876188453895354}}"
242,List reports created in the first quarter of 2024,"{""entityType"":""Report"",""statements"":[{""parameters"":{""name"":""ifc.core.createtime"",""operator"":""between"",""value"":[""2024-01-01"",""2024-03-31""]},""type"":""filter""}]}","{""entityType"":""Report"",""statements"":[{""parameters"":{""name"":""ifc.core.createtime"",""operator"":""between"",""value"":[""2024-03-01"",""2024-03-07""]},""type"":""filter""}]}",0.6676121342843313,wrong_structure_or_value,"{""retrieval_score"": 0.61238600505338, ""retrieved_row_id"": 530, ""root_probabilities"": {""CDR"": 0.02593926638310918, ""EVisa Request"": 0.016522009325607837, ""Insight"": 0.052948552355218705, ""Investigation"": 0.09793702445441108, ""Person"": 0.023326086191455587, ""Phone"": 0.024079573978160122, ""Report"": 0.697349280793305, ""Web Activity"": 0.02407622563227088, ""Web Actor"": 0.037821980886461624}}"
245,Retrieve the details of suspicious phones with IMEI 356938035643809 or 490154203237518,"{""entityType"":""Phone"",""statements"":[{""parameters"":{""name"":""ifc.ootb.Participant.isSuspicious"",""operator"":""equals"",""value"":true},""type"":""filter""},{""parameters"":{""operatorValue"":""OR""},""statements"":[{""parameters"":{""name"":""ifc.ootb.Phone.IMEI"",""operator"":""equals"",""value"":""356938035643809""},""type"":""filter""},{""parameters"":{""name"":""ifc.ootb.Phone.IMEI"",""operator"":""equals"",""value"":""490154203237518""},""type"":""filter""}],""type"":""operator""}]}","{""entityType"":""Phone"",""statements"":[{""parameters"":{""name"":""ifc.ootb.Phone.IMEI"",""operator"":""equals"",""value"":""490154203237518""},""type"":""filter""},{""parameters"":{""operatorValue"":""OR""},""statements"":[{""parameters"":{""name"":""ifc.ootb.Phone.IMEI"",""operator"":""equals"",""value"":""490154203237518""},""type"":""filter""},{""parameters"":{""name"":""ifc.ootb.Phone.IMEI"",""operator"":""equals"",""value"":""490154203237518""},""type"":""filter""}],""type"":""operator""}]}",0.6691812808571542,wrong_structure_or_value,"{""retrieval_score"": 0.8419093247209976, ""retrieved_row_id"": 483, ""root_probabilities"": {""CDR"": 0.13917227100684482, ""EVisa Request"": 0.023392459516849713, ""Insight"": 0.04596338346919259, ""Investigation"": 0.03139163294775124, ""Person"": 0.052361270622955855, ""Phone"": 0.5761738726227771, ""Report"": 0.040301069386639916, ""Web Activity"": 0.044315627979309574, ""Web Actor"": 0.046928412447679355}}"
248,Show investigations created between 1 January 2024 and 15 March 2024,"{""entityType"":""Investigation"",""statements"":[{""parameters"":{""name"":""ifc.core.createtime"",""operator"":""between"",""value"":[""2024-01-01"",""2024-03-15""]},""type"":""filter""}]}","{""entityType"":""Investigation"",""statements"":[{""parameters"":{""name"":""ifc.core.createtime"",""operator"":""between"",""value"":[""2024-01-01"",""2024-03-15""]},""type"":""filter""}]}",0.7816044405440437,correct,"{""retrieval_score"": 0.6837172351094334, ""retrieved_row_id"": 504, ""root_probabilities"": {""CDR"": 0.02210609831767206, ""EVisa Request"": 0.016615370979008906, ""Insight"": 0.019201930948168758, ""Investigation"": 0.8343129357780645, ""Person"": 0.016597941687692918, ""Phone"": 0.018601227691462514, ""Report"": 0.024500504396763455, ""Web Activity"": 0.025541812838528657, ""Web Actor"": 0.022522177362638226}}"
263,List all emails sent from john@example.com to jane@example.com last month,"{""entityType"":""CDR"",""statements"":[{""parameters"":{""name"":""ifc.ootb.CDR.destinationEmailAddress"",""operator"":""equals"",""value"":""jane@example.com""},""type"":""filter""},{""parameters"":{""name"":""ifc.ootb.CDR.originatorEmailAddress"",""operator"":""equals"",""value"":""john@example.com""},""type"":""filter""},{""parameters"":{""name"":""ifc.ootb.CDR.startTime"",""operator"":""relative"",""value"":{""count"":1,""mode"":""previous"",""time_res"":""month""}},""type"":""filter""},{""parameters"":{""name"":""ifc.ootb.CDR.type"",""operator"":""equals"",""value"":""Email""},""type"":""filter""}]}","{""entityType"":""CDR"",""statements"":[{""parameters"":{""name"":""ifc.CDR.emailSubject"",""operator"":""contains"",""value"":""Urgent""},""type"":""filter""},{""parameters"":{""name"":""ifc.ootb.CDR.originatorEmailAddress"",""operator"":""equals"",""value"":""john@example.com""},""type"":""filter""},{""parameters"":{""name"":""ifc.ootb.CDR.startTime"",""operator"":""relative"",""value"":{""count"":1,""mode"":""previous"",""time_res"":""month""}},""type"":""filter""},{""parameters"":{""name"":""ifc.ootb.CDR.type"",""operator"":""equals"",""value"":""Email""},""type"":""filter""}]}",0.5760530561272246,wrong_structure_or_value,"{""retrieval_score"": 0.5016434494991664, ""retrieved_row_id"": 32, ""root_probabilities"": {""CDR"": 0.6161197673884866, ""EVisa Request"": 0.04330703960241233, ""Insight"": 0.043245819515265425, ""Investigation"": 0.03620501815129369, ""Person"": 0.04583058425120575, ""Phone"": 0.04461172328999814, ""Report"": 0.04972292912868016, ""Web Activity"": 0.07518991616398762, ""Web Actor"": 0.04576720250867032}}"
264,investigations that closed on feb 20 2024,"{""entityType"":""Investigation"",""statements"":[{""parameters"":{""name"":""ifc.core.dueTime"",""operator"":""is"",""value"":""2024-02-20""},""type"":""filter""},{""parameters"":{""name"":""ifc.core.state"",""operator"":""equals"",""value"":""closed""},""type"":""filter""}]}","{""entityType"":""Investigation"",""statements"":[{""parameters"":{""name"":""ifc.core.description"",""operator"":""contains"",""value"":""insider trading""},""type"":""filter""},{""parameters"":{""name"":""ifc.core.state"",""operator"":""equals"",""value"":""closed""},""type"":""filter""}]}",0.7077730548545396,wrong_structure_or_value,"{""retrieval_score"": 0.4260540190985285, ""retrieved_row_id"": 576, ""root_probabilities"": {""CDR"": 0.025506269715908622, ""EVisa Request"": 0.010660660113376737, ""Insight"": 0.015068384711722435, ""Investigation"": 0.8594679202616226, ""Person"": 0.014112023886182209, ""Phone"": 0.018006529417014458, ""Report"": 0.016114917694829534, ""Web Activity"": 0.02156216759257842, ""Web Actor"": 0.019501126606765055}}"
269,Show classified SMS conversations of 0527654321 in the first week of January 2024,"{""entityType"":""CDR"",""statements"":[{""parameters"":{""name"":""ifc.CDR.isClassified"",""operator"":""equals"",""value"":true},""type"":""filter""},{""parameters"":{""name"":""ifc.ootb.CDR.createDateTime"",""operator"":""between"",""value"":[""2024-01-01"",""2024-01-07""]},""type"":""filter""},{""parameters"":{""name"":""ifc.ootb.CDR.type"",""operator"":""equals"",""value"":""Text""},""type"":""filter""},{""parameters"":{""operatorValue"":""OR""},""statements"":[{""parameters"":{""name"":""ifc.ootb.CDR.msisdn"",""operator"":""equals"",""value"":""0527654321""},""type"":""filter""},{""parameters"":{""name"":""ifc.ootb.CDR.msisdn2"",""operator"":""equals"",""value"":""0527654321""},""type"":""filter""}],""type"":""operator""}]}","{""entityType"":""CDR"",""statements"":[{""parameters"":{""name"":""ifc.ootb.CDR.smsText"",""operator"":""contains"",""value"":""bomb""},""type"":""filter""},{""parameters"":{""name"":""ifc.ootb.CDR.type"",""operator"":""equals"",""value"":""Text""},""type"":""filter""},{""parameters"":{""operatorValue"":""OR""},""statements"":[{""parameters"":{""name"":""ifc.ootb.CDR.msisdn"",""operator"":""equals"",""value"":""0527654321""},""type"":""filter""},{""parameters"":{""name"":""ifc.ootb.CDR.msisdn2"",""operator"":""equals"",""value"":""0527654321""},""type"":""filter""}],""type"":""operator""}]}",0.3477073044890272,wrong_structure_or_value,"{""retrieval_score"": 0.34819727741953144, ""retrieved_row_id"": 145, ""root_probabilities"": {""CDR"": 0.3474434729110634, ""EVisa Request"": 0.055379109259402086, ""Insight"": 0.07898061816408054, ""Investigation"": 0.10336974529069504, ""Person"": 0.07218565236075447, ""Phone"": 0.09246636576587079, ""Report"": 0.07999573869548118, ""Web Activity"": 0.07528497864931255, ""Web Actor"": 0.09489431890333985}}"
277,What reports mention 'product launch' and were updated last week?,"{""entityType"":""Report"",""statements"":[{""parameters"":{""name"":""ifc.core.updatetime"",""operator"":""relative"",""value"":{""count"":1,""mode"":""previous"",""time_res"":""week""}},""type"":""filter""},{""parameters"":{""name"":""text"",""operator"":""contains"",""value"":""product launch""},""type"":""filter""}]}","{""entityType"":""Report"",""statements"":[{""parameters"":{""operatorValue"":""OR""},""statements"":[{""parameters"":{""name"":""text"",""operator"":""contains"",""value"":""product launch""},""type"":""filter""},{""parameters"":{""name"":""text"",""operator"":""contains"",""value"":""product launch""},""type"":""filter""}],""type"":""operator""}]}",0.5807230637581442,wrong_structure_or_value,"{""retrieval_score"": 0.4102859281468992, ""retrieved_row_id"": 233, ""root_probabilities"": {""CDR"": 0.05551357547436066, ""EVisa Request"": 0.02499172275559502, ""Insight"": 0.042446722588008044, ""Investigation"": 0.03603194264780854, ""Person"": 0.028376706141199623, ""Phone"": 0.03859936725185514, ""Report"": 0.6724969060103531, ""Web Activity"": 0.05637681557757841, ""Web Actor"": 0.045166241553241435}}"
291,Show me insights from the second half of 2023 related to the drug cartel.,"{""entityType"":""Insight"",""statements"":[{""parameters"":{""name"":""ifc.core.createtime"",""operator"":""between"",""value"":[""2023-07-01"",""2023-12-31""]},""type"":""filter""},{""parameters"":{""name"":""text"",""operator"":""contains"",""value"":""drug cartel""},""type"":""filter""}]}","{""entityType"":""Insight"",""statements"":[{""parameters"":{""name"":""ifc.core.createtime"",""operator"":""between"",""value"":[""2023-11-16"",""2023-11-30""]},""type"":""filter""}]}",0.7345396414910774,wrong_structure_or_value,"{""retrieval_score"": 0.6864028513227536, ""retrieved_row_id"": 464, ""root_probabilities"": {""CDR"": 0.0525893828949806, ""EVisa Request"": 0.013659025205751105, ""Insight"": 0.7604594515817132, ""Investigation"": 0.04118330536066836, ""Person"": 0.017757920088131787, ""Phone"": 0.022317354119236545, ""Report"": 0.028649986182897078, ""Web Activity"": 0.03612959125755832, ""Web Actor"": 0.027253983309063024}}"
293,Find all investigations in a closed state,"{""entityType"":""Investigation"",""statements"":[{""parameters"":{""name"":""ifc.core.state"",""operator"":""equals"",""value"":""closed""},""type"":""filter""}]}","{""entityType"":""Investigation"",""statements"":[{""parameters"":{""operatorValue"":""OR""},""statements"":[{""parameters"":{""name"":""ifc.core.state"",""operator"":""equals"",""value"":""closed""},""type"":""filter""},{""parameters"":{""name"":""ifc.core.createtime"",""operator"":""between"",""value"":[""2024-01-01"",""2024-01-15""]},""type"":""filter""}],""type"":""operator""}]}",0.6989226760780438,wrong_structure_or_value,"{""retrieval_score"": 0.3836557558982156, ""retrieved_row_id"": 449, ""root_probabilities"": {""CDR"": 0.025389391082714707, ""EVisa Request"": 0.01586575765758456, ""Insight"": 0.011726342972016654, ""Investigation"": 0.8686817869441051, ""Person"": 0.015220098861829436, ""Phone"": 0.016932921812393965, ""Report"": 0.011860768212659325, ""Web Activity"": 0.02055053547039786, ""Web Actor"": 0.013772396986298317}}"
294,Show me insights from the first week of December 2023.,"{""entityType"":""Insight"",""statements"":[{""parameters"":{""name"":""ifc.core.createtime"",""operator"":""between"",""value"":[""2023-12-01"",""2023-12-07""]},""type"":""filter""}]}","{""entityType"":""Insight"",""statements"":[{""parameters"":{""name"":""ifc.core.createtime"",""operator"":""between"",""value"":[""2023-11-16"",""2023-11-30""]},""type"":""filter""}]}",0.62598797973386,wrong_structure_or_value,"{""retrieval_score"": 0.4614914465495727, ""retrieved_row_id"": 464, ""root_probabilities"": {""CDR"": 0.06114355792553525, ""EVisa Request"": 0.021345112998013935, ""Insight"": 0.7145630360638608, ""Investigation"": 0.01997546637357282, ""Person"": 0.03886938712663909, ""Phone"": 0.03306884296228365, ""Report"": 0.028130978661366126, ""Web Activity"": 0.03855956990082902, ""Web Actor"": 0.04434404798789936}}"
305,Retrieve reports updated between 1 February 2024 and 28 February 2024,"{""entityType"":""Report"",""statements"":[{""parameters"":{""name"":""ifc.core.updatetime"",""operator"":""between"",""value"":[""2024-02-01"",""2024-02-28""]},""type"":""filter""}]}","{""entityType"":""Report"",""statements"":[{""parameters"":{""operatorValue"":""OR""},""statements"":[{""parameters"":{""name"":""ifc.core.createtime"",""operator"":""between"",""value"":[""2024-02-01"",""2024-02-28""]},""type"":""filter""},{""parameters"":{""name"":""ifc.core.createtime"",""operator"":""between"",""value"":[""2024-02-01"",""2024-02-28""]},""type"":""filter""}],""type"":""operator""}]}",0.4762122236792077,wrong_structure_or_value,"{""retrieval_score"": 0.3523848695532275, ""retrieved_row_id"": 60, ""root_probabilities"": {""CDR"": 0.06551669333990087, ""EVisa Request"": 0.028960707601699186, ""Insight"": 0.038097136893280176, ""Investigation"": 0.06970529535750458, ""Person"": 0.06389603258007046, ""Phone"": 0.04454032059478618, ""Report"": 0.5428884912855048, ""Web Activity"": 0.07352981192022175, ""Web Actor"": 0.07286551042703193}}"
306,Which phones were first active in February 2024?,"{""entityType"":""Phone"",""statements"":[{""parameters"":{""name"":""ifc.ootb.Participant.firstActiveDate"",""operator"":""between"",""value"":[""2024-02-01"",""2024-02-29""]},""type"":""filter""}]}","{""entityType"":""Phone"",""statements"":[{""parameters"":{""name"":""ifc.Phone.type"",""operator"":""equals"",""value"":""Foreign""},""type"":""filter""},{""parameters"":{""name"":""ifc.ootb.Participant.firstActiveDate"",""operator"":""between"",""value"":[""2024-02-01"",""2024-02-29""]},""type"":""filter""}]}",0.7670891532191025,wrong_structure_or_value,"{""retrieval_score"": 0.6300591674521295, ""retrieved_row_id"": 569, ""root_probabilities"": {""CDR"": 0.032298405001578954, ""EVisa Request"": 0.009384337606824892, ""Insight"": 0.014172196996617691, ""Investigation"": 0.015791183794920925, ""Person"": 0.01472009283629842, ""Phone"": 0.8408745301705495, ""Report"": 0.014913151724867978, ""Web Activity"": 0.022266825955922272, ""Web Actor"": 0.03557927591241933}}"
308,Show me all persons born on New Year's Day 1978,"{""entityType"":""Person"",""statements"":[{""parameters"":{""name"":""ifc.Person.birthDate"",""operator"":""is"",""value"":""1978-01-01""},""type"":""filter""}]}","{""entityType"":""Person"",""statements"":[{""parameters"":{""name"":""ifc.Person.birthDate"",""operator"":""between"",""value"":[""1980-01-01"",""1989-12-31""]},""type"":""filter""},{""parameters"":{""name"":""ifc.Person.firstName"",""operator"":""equals"",""value"":""Emily""},""type"":""filter""}]}",0.5307846073436883,wrong_structure_or_value,"{""retrieval_score"": 0.3547283555100379, ""retrieved_row_id"": 262, ""root_probabilities"": {""CDR"": 0.07571296346481371, ""EVisa Request"": 0.026876127468408006, ""Insight"": 0.04286750726970849, ""Investigation"": 0.0375237148764451, ""Person"": 0.6255841275618077, ""Phone"": 0.0514325134395574, ""Report"": 0.029769253220440668, ""Web Activity"": 0.06955407683144266, ""Web Actor"": 0.04067971586737625}}"
318,Find the phone details for alias John Doe,"{""entityType"":""Phone"",""statements"":[{""parameters"":{""name"":""ifc.ootb.Participant.aliasName"",""operator"":""equals"",""value"":""John Doe""},""type"":""filter""}]}","{""entityType"":""Phone"",""statements"":[{""parameters"":{""name"":""ifc.ootb.Phone.IMSI"",""operator"":""equals"",""value"":""310150123456789""},""type"":""filter""}]}",0.5305505562407671,wrong_structure_or_value,"{""retrieval_score"": 0.48651427052166557, ""retrieved_row_id"": 506, ""root_probabilities"": {""CDR"": 0.12012029503626558, ""EVisa Request"": 0.031838040862938115, ""Insight"": 0.05442882106990407, ""Investigation"": 0.037139856146000225, ""Person"": 0.042254769959617265, ""Phone"": 0.5542624023972064, ""Report"": 0.046277799478643175, ""Web Activity"": 0.059087075530574434, ""Web Actor"": 0.05459093951885088}}"
326,What investigations were opened on 10 March 2024?,"{""entityType"":""Investigation"",""statements"":[{""parameters"":{""name"":""ifc.core.createtime"",""operator"":""is"",""value"":""2024-03-10""},""type"":""filter""}]}","{""entityType"":""Investigation"",""statements"":[{""parameters"":{""name"":""ifc.core.createtime"",""operator"":""between"",""value"":""2024-03-10""},""type"":""filter""}]}",0.7797957975733406,wrong_structure_or_value,"{""retrieval_score"": 0.6844297567591544, ""retrieved_row_id"": 82, ""root_probabilities"": {""CDR"": 0.04056049696245621, ""EVisa Request"": 0.01002223138315852, ""Insight"": 0.020388766068641595, ""Investigation"": 0.8311467426271331, ""Person"": 0.013393974498348117, ""Phone"": 0.023342922528157214, ""Report"": 0.018333827715568934, ""Web Activity"": 0.022763593762124765, ""Web Actor"": 0.020047444454411565}}"
328,Retrieve communications of  0521234567,"{""entityType"":""CDR"",""statements"":[{""parameters"":{""operatorValue"":""OR""},""statements"":[{""parameters"":{""name"":""ifc.ootb.CDR.msisdn"",""operator"":""equals"",""value"":""0521234567""},""type"":""filter""},{""parameters"":{""name"":""ifc.ootb.CDR.msisdn2"",""operator"":""equals"",""value"":""0521234567""},""type"":""filter""}],""type"":""operator""}]}","{""entityType"":""CDR"",""statements"":[{""parameters"":{""name"":""ifc.ootb.CDR.startTime"",""operator"":""relative"",""value"":{""count"":1,""mode"":""previous"",""time_res"":""month""}},""type"":""filter""},{""parameters"":{""operatorValue"":""OR""},""statements"":[{""parameters"":{""name"":""ifc.ootb.CDR.mainLanguage"",""operator"":""equals"",""value"":""French""},""type"":""filter""},{""parameters"":{""name"":""ifc.ootb.CDR.mainLanguage"",""operator"":""equals"",""value"":""Arabic""},""type"":""filter""}],""type"":""operator""},{""parameters"":{""operatorValue"":""OR""},""statements"":[{""parameters"":{""name"":""ifc.ootb.CDR.msisdn"",""operator"":""equals"",""value"":""0521234567""},""type"":""filter""},{""parameters"":{""name"":""ifc.ootb.CDR.msisdn2"",""operator"":""equals"",""value"":""0521234567""},""type"":""filter""}],""type"":""operator""}]}",0.5226122232655653,wrong_structure_or_value,"{""retrieval_score"": 0.43867882433688377, ""retrieved_row_id"": 100, ""root_probabilities"": {""CDR"": 0.5678071303810093, ""EVisa Request"": 0.03228931576229444, ""Insight"": 0.05315465612706213, ""Investigation"": 0.05903897199166308, ""Person"": 0.06593577970992796, ""Phone"": 0.05549634198895457, ""Report"": 0.04206077309377555, ""Web Activity"": 0.05795617543370678, ""Web Actor"": 0.06626085551160632}}"
331,find me emails of  0546222288,"{""entityType"":""CDR"",""statements"":[{""parameters"":{""name"":""ifc.ootb.CDR.type"",""operator"":""equals"",""value"":""Email""},""type"":""filter""},{""parameters"":{""operatorValue"":""OR""},""statements"":[{""parameters"":{""name"":""ifc.ootb.CDR.msisdn"",""operator"":""equals"",""value"":""0546222288""},""type"":""filter""},{""parameters"":{""name"":""ifc.ootb.CDR.msisdn2"",""operator"":""equals"",""value"":""0546222288""},""type"":""filter""}],""type"":""operator""}]}","{""entityType"":""CDR"",""statements"":[{""parameters"":{""name"":""ifc.ootb.CDR.type"",""operator"":""equals"",""value"":""Email""},""type"":""filter""},{""parameters"":{""operatorValue"":""OR""},""statements"":[{""parameters"":{""name"":""ifc.ootb.CDR.msisdn"",""operator"":""equals"",""value"":""0546222288""},""type"":""filter""},{""parameters"":{""name"":""ifc.ootb.CDR.msisdn2"",""operator"":""equals"",""value"":""0546222288""},""type"":""filter""}],""type"":""operator""}]}",0.6481124271886569,correct,"{""retrieval_score"": 0.8642755270015832, ""retrieved_row_id"": 534, ""root_probabilities"": {""CDR"": 0.5317169119047735, ""EVisa Request"": 0.034992349973399985, ""Insight"": 0.05108308454952585, ""Investigation"": 0.05084964844143997, ""Person"": 0.05936658197165043, ""Phone"": 0.07315478922085548, ""Report"": 0.05591984736746019, ""Web Activity"": 0.06953927341028336, ""Web Actor"": 0.07337751316061117}}"
333,What medium priority investigations were created last week?,"{""entityType"":""Investigation"",""statements"":[{""parameters"":{""name"":""ifc.core.createtime"",""operator"":""relative"",""value"":{""count"":1,""mode"":""previous"",""time_res"":""week""}},""type"":""filter""},{""parameters"":{""name"":""ifc.core.priority"",""operator"":""equals"",""value"":""Medium""},""type"":""filter""}]}","{""entityType"":""Investigation"",""statements"":[{""parameters"":{""name"":""ifc.core.priority"",""operator"":""equals"",""value"":""Medium""},""type"":""filter""},{""parameters"":{""name"":""ifc.core.priority"",""operator"":""relative"",""value"":{""count"":1,""mode"":""previous"",""time_res"":""week""}},""type"":""filter""},{""parameters"":{""name"":""ifc.core.state"",""operator"":""equals"",""value"":""open""},""type"":""filter""}]}",0.7212817651569003,wrong_structure_or_value,"{""retrieval_score"": 0.5939345457066827, ""retrieved_row_id"": 660, ""root_probabilities"": {""CDR"": 0.037796209445625076, ""EVisa Request"": 0.021571358482895864, ""Insight"": 0.026842153205823106, ""Investigation"": 0.7898533448608637, ""Person"": 0.014655140190516424, ""Phone"": 0.02377409329451301, ""Report"": 0.02861799116245444, ""Web Activity"": 0.02369551531298075, ""Web Actor"": 0.03319419404432772}}"
343,Show me the details of the phone with MSISDN +972543037210,"{""entityType"":""Phone"",""statements"":[{""parameters"":{""name"":""ifc.ootb.Phone.MSISDN"",""operator"":""equals"",""value"":""+972543037210""},""type"":""filter""}]}","{""entityType"":""Phone"",""statements"":[{""parameters"":{""name"":""ifc.ootb.Phone.MSISDN"",""operator"":""equals"",""value"":""+972543037210""},""type"":""filter""},{""parameters"":{""operatorValue"":""OR""},""statements"":[{""parameters"":{""name"":""ifc.ootb.Phone.MSISDN"",""operator"":""equals"",""value"":""+972543037210""},""type"":""filter""},{""parameters"":{""name"":""ifc.ootb.Phone.MSISDN"",""operator"":""equals"",""value"":""+972543037210""},""type"":""filter""}],""type"":""operator""}]}",0.5156834031326198,wrong_structure_or_value,"{""retrieval_score"": 0.5492944134896096, ""retrieved_row_id"": 548, ""root_probabilities"": {""CDR"": 0.1826076101863711, ""EVisa Request"": 0.0266201401280552, ""Insight"": 0.049300074930037865, ""Investigation"": 0.038101043197846095, ""Person"": 0.054970467571362584, ""Phone"": 0.49758516678654857, ""Report"": 0.04088166305060248, ""Web Activity"": 0.05880905005494557, ""Web Actor"": 0.05112478409423053}}"
347,"Show me reports created on March 1, 2024 or March 15, 2024","{""entityType"":""Report"",""statements"":[{""parameters"":{""operatorValue"":""OR""},""statements"":[{""parameters"":{""name"":""ifc.core.createtime"",""operator"":""is"",""value"":""2024-03-01""},""type"":""filter""},{""parameters"":{""name"":""ifc.core.createtime"",""operator"":""is"",""value"":""2024-03-15""},""type"":""filter""}],""type"":""operator""}]}","{""entityType"":""Report"",""statements"":[{""parameters"":{""name"":""ifc.core.createtime"",""operator"":""is"",""value"":""2024-03-01""},""type"":""filter""}]}",0.7170716397527124,wrong_structure_or_value,"{""retrieval_score"": 0.7066642478733954, ""retrieved_row_id"": 203, ""root_probabilities"": {""CDR"": 0.04235205383424009, ""EVisa Request"": 0.014166497887612702, ""Insight"": 0.05247968233793434, ""Investigation"": 0.040000293530287716, ""Person"": 0.0221252558966679, ""Phone"": 0.02902210271537986, ""Report"": 0.7226756199954215, ""Web Activity"": 0.037911493906209404, ""Web Actor"": 0.03926699989624637}}"
356,List suspicious phones active within the last 2 weeks.,"{""entityType"":""Phone"",""statements"":[{""parameters"":{""name"":""ifc.ootb.Participant.isSuspicious"",""operator"":""equals"",""value"":true},""type"":""filter""},{""parameters"":{""name"":""ifc.ootb.Participant.lastActiveDate"",""operator"":""relative"",""value"":{""count"":2,""mode"":""previous"",""time_res"":""week""}},""type"":""filter""}]}","{""entityType"":""Phone"",""statements"":[{""parameters"":{""name"":""ifc.ootb.Participant.lastActiveDate"",""operator"":""relative"",""value"":{""count"":2,""mode"":""previous"",""time_res"":""week""}},""type"":""filter""}]}",0.6060362306076734,wrong_structure_or_value,"{""retrieval_score"": 0.4318984249407473, ""retrieved_row_id"": 18, ""root_probabilities"": {""CDR"": 0.07161842698958179, ""EVisa Request"": 0.024029031099841048, ""Insight"": 0.03885103421069764, ""Investigation"": 0.023454529790721178, ""Person"": 0.027376215615143123, ""Phone"": 0.6998027413514027, ""Report"": 0.04179409451407349, ""Web Activity"": 0.04182861173333851, ""Web Actor"": 0.031245314695200414}}"
362,Find reports with information related to the case 'XYZ123',"{""entityType"":""Report"",""statements"":[{""parameters"":{""name"":""text"",""operator"":""contains"",""value"":""XYZ123""},""type"":""filter""}]}","{""entityType"":""Report"",""statements"":[{""parameters"":{""name"":""text"",""operator"":""contains"",""value"":""XYZ123""},""type"":""filter""}]}",0.49503998959550777,correct,"{""retrieval_score"": 0.3156148198954194, ""retrieved_row_id"": 503, ""root_probabilities"": {""CDR"": 0.07048541486546989, ""EVisa Request"": 0.024209427824950454, ""Insight"": 0.05902633259335312, ""Investigation"": 0.0721802421131678, ""Person"": 0.04821441156180168, ""Phone"": 0.047167002710962774, ""Report"": 0.5916535425109399, ""Web Activity"": 0.043046407006503515, ""Web Actor"": 0.04401721881285083}}"
368,Find insights that contain 'suspicious activity' or 'potential threat' in the text,"{""entityType"":""Insight"",""statements"":[{""parameters"":{""operatorValue"":""OR""},""statements"":[{""parameters"":{""name"":""text"",""operator"":""contains"",""value"":""suspicious activity""},""type"":""filter""},{""parameters"":{""name"":""text"",""operator"":""contains"",""value"":""potential threat""},""type"":""filter""}],""type"":""operator""}]}","{""entityType"":""Insight"",""statements"":[{""parameters"":{""name"":""ifc.core.createtime"",""operator"":""relative"",""value"":""potential threat""},""type"":""filter""},{""parameters"":{""name"":""text"",""operator"":""contains"",""value"":""potential threat""},""type"":""filter""},{""parameters"":{""name"":""text"",""operator"":""contains"",""value"":""suspicious activity""},""type"":""filter""}]}",0.5457370957767224,wrong_structure_or_value,"{""retrieval_score"": 0.3287799786746052, ""retrieved_row_id"": 479, ""root_probabilities"": {""CDR"": 0.03479200945273059, ""EVisa Request"": 0.014912144717950819, ""Insight"": 0.6625601588317085, ""Investigation"": 0.027935010329603917, ""Person"": 0.020970817965930408, ""Phone"": 0.055296955213264144, ""Report"": 0.09054114476086386, ""Web Activity"": 0.05698611791066601, ""Web Actor"": 0.03600564081728176}}"
371,"Show me all insights mentioning 'money laundering' from March 1, 2024 to March 15, 2024.","{""entityType"":""Insight"",""statements"":[{""parameters"":{""name"":""ifc.core.createtime"",""operator"":""between"",""value"":[""2024-03-01"",""2024-03-15""]},""type"":""filter""},{""parameters"":{""name"":""text"",""operator"":""contains"",""value"":""money laundering""},""type"":""filter""}]}","{""entityType"":""Insight"",""statements"":[{""parameters"":{""name"":""ifc.core.createtime"",""operator"":""relative"",""value"":""2024-03-01""},""type"":""filter""},{""parameters"":{""name"":""text"",""operator"":""contains"",""value"":""money laundering""},""type"":""filter""}]}",0.5637389566922211,wrong_structure_or_value,"{""retrieval_score"": 0.46853780767112935, ""retrieved_row_id"": 39, ""root_probabilities"": {""CDR"": 0.10294666392741439, ""EVisa Request"": 0.021218215990454144, ""Insight"": 0.6150011138574242, ""Investigation"": 0.03598777270484734, ""Person"": 0.027258438190672654, ""Phone"": 0.03361005648045312, ""Report"": 0.05481178750169044, ""Web Activity"": 0.07932264353646505, ""Web Actor"": 0.02984330781057883}}"
374,Show me all individuals with the occupation 'lawyer',"{""entityType"":""Person"",""statements"":[{""parameters"":{""name"":""ifc.Person.occupation"",""operator"":""equals"",""value"":""lawyer""},""type"":""filter""}]}","{""entityType"":""Person"",""statements"":[{""parameters"":{""name"":""ifc.Person.birthDate"",""operator"":""after"",""value"":""lawyer""},""type"":""filter""},{""parameters"":{""name"":""ifc.Person.occupation"",""operator"":""equals"",""value"":""lawyer""},""type"":""filter""}]}",0.6748444791649457,wrong_structure_or_value,"{""retrieval_score"": 0.5157302419043029, ""retrieved_row_id"": 452, ""root_probabilities"": {""CDR"": 0.04447414464309862, ""EVisa Request"": 0.02584203373831514, ""Insight"": 0.024486619335193107, ""Investigation"": 0.02975003910861393, ""Person"": 0.7605213761514457, ""Phone"": 0.03318570508359213, ""Report"": 0.019984245563215486, ""Web Activity"": 0.03885801807365218, ""Web Actor"": 0.022897818302873983}}"
378,Find SMS messages in Spanish sent from 0543037210 in the past 2 weeks,"{""entityType"":""CDR"",""statements"":[{""parameters"":{""name"":""ifc.ootb.CDR.mainLanguage"",""operator"":""equals"",""value"":""spanish""},""type"":""filter""},{""parameters"":{""name"":""ifc.ootb.CDR.msisdn"",""operator"":""equals"",""value"":""0543037210""},""type"":""filter""},{""parameters"":{""name"":""ifc.ootb.CDR.startTime"",""operator"":""relative"",""value"":{""count"":2,""mode"":""previous"",""time_res"":""week""}},""type"":""filter""},{""parameters"":{""name"":""ifc.ootb.CDR.type"",""operator"":""equals"",""value"":""Text""},""type"":""filter""}]}","{""entityType"":""CDR"",""statements"":[{""parameters"":{""name"":""ifc.ootb.CDR.mainLanguage"",""operator"":""equals"",""value"":""Spanish""},""type"":""filter""},{""parameters"":{""name"":""ifc.ootb.CDR.msisdn"",""operator"":""equals"",""value"":""0543037210""},""type"":""filter""},{""parameters"":{""name"":""ifc.ootb.CDR.type"",""operator"":""equals"",""value"":""Text""},""type"":""filter""}]}",0.776735804042042,wrong_structure_or_value,"{""retrieval_score"": 0.7541528110058833, ""retrieved_row_id"": 122, ""root_probabilities"": {""CDR"": 0.7888958772153584, ""EVisa Request"": 0.01373824828351032, ""Insight"": 0.02826667216378748, ""Investigation"": 0.021113460963134444, ""Person"": 0.01631420764854949, ""Phone"": 0.023831184213796517, ""Report"": 0.0240441768271406, ""Web Activity"": 0.05785953966889048, ""Web Actor"": 0.025936633015832294}}"
383,Find individuals whose last name starts with 'M' or 'R',"{""entityType"":""Person"",""statements"":[{""parameters"":{""operatorValue"":""OR""},""statements"":[{""parameters"":{""name"":""ifc.Person.lastName"",""operator"":""begins_with"",""value"":""M""},""type"":""filter""},{""parameters"":{""name"":""ifc.Person.lastName"",""operator"":""begins_with"",""value"":""R""},""type"":""filter""}],""type"":""operator""}]}","{""entityType"":""Person"",""statements"":[{""parameters"":{""name"":""ifc.Person.firstName"",""operator"":""begins_with"",""value"":""M""},""type"":""filter""},{""parameters"":{""name"":""ifc.Person.lastName"",""operator"":""equals"",""value"":""Johnson""},""type"":""filter""}]}",0.5249691211180478,wrong_structure_or_value,"{""retrieval_score"": 0.40368794774127453, ""retrieved_row_id"": 542, ""root_probabilities"": {""CDR"": 0.0663640020667787, ""EVisa Request"": 0.04792825445766449, ""Insight"": 0.0344694482525564, ""Investigation"": 0.03833724878779966, ""Person"": 0.5902743683209256, ""Phone"": 0.07059287543829194, ""Report"": 0.04524078602784608, ""Web Activity"": 0.04877164753258761, ""Web Actor"": 0.058021369115549566}}"
392,outgoing emails from @company.com addresses to @client.com addresses about 'contract' last week,"{""entityType"":""CDR"",""statements"":[{""parameters"":{""name"":""ifc.CDR.emailSubject"",""operator"":""contains"",""value"":""contract""},""type"":""filter""},{""parameters"":{""name"":""ifc.ootb.CDR.destinationEmailAddress"",""operator"":""contains"",""value"":""@client.com""},""type"":""filter""},{""parameters"":{""name"":""ifc.ootb.CDR.originatorEmailAddress"",""operator"":""contains"",""value"":""@company.com""},""type"":""filter""},{""parameters"":{""name"":""ifc.ootb.CDR.startTime"",""operator"":""relative"",""value"":{""count"":1,""mode"":""previous"",""time_res"":""week""}},""type"":""filter""},{""parameters"":{""name"":""ifc.ootb.CDR.type"",""operator"":""equals"",""value"":""Email""},""type"":""filter""}]}","{""entityType"":""CDR"",""statements"":[{""parameters"":{""name"":""ifc.ootb.CDR.destinationEmailAddress"",""operator"":""equals"",""value"":""@company.com""},""type"":""filter""},{""parameters"":{""name"":""ifc.ootb.CDR.startTime"",""operator"":""relative"",""value"":{""count"":1,""mode"":""previous"",""time_res"":""week""}},""type"":""filter""},{""parameters"":{""relationTargetType"":[""Phone""],""relationType"":[""relation_Caller""]},""statements"":[{""parameters"":{""name"":""ifc.Phone.type"",""operator"":""equals"",""value"":""Landline""},""type"":""filter""}],""type"":""relation""}]}",0.514031646620089,wrong_structure_or_value,"{""retrieval_score"": 0.3097215657956488, ""retrieved_row_id"": 514, ""root_probabilities"": {""CDR"": 0.6240447670640185, ""EVisa Request"": 0.028450889243493385, ""Insight"": 0.05772268684168127, ""Investigation"": 0.03876480803981444, ""Person"": 0.031181745326147297, ""Phone"": 0.03748054356805311, ""Report"": 0.04881206346951061, ""Web Activity"": 0.07397906206610205, ""Web Actor"": 0.059563434381179566}}"
395,Which phones have an alias name 'disposable'?,"{""entityType"":""Phone"",""statements"":[{""parameters"":{""name"":""ifc.ootb.Participant.aliasName"",""operator"":""equals"",""value"":""disposable""},""type"":""filter""}]}","{""entityType"":""Phone"",""statements"":[{""parameters"":{""name"":""ifc.ootb.Participant.aliasName"",""operator"":""contains"",""value"":""disposable""},""type"":""filter""}]}",0.6651155399835158,wrong_structure_or_value,"{""retrieval_score"": 0.69495439759882, ""retrieved_row_id"": 296, ""root_probabilities"": {""CDR"": 0.060288537314589156, ""EVisa Request"": 0.02243642291530452, ""Insight"": 0.025924716498597938, ""Investigation"": 0.025272716538305404, ""Person"": 0.044893783798252165, ""Phone"": 0.6490484628060443, ""Report"": 0.02397283300954467, ""Web Activity"": 0.054500817501849444, ""Web Actor"": 0.09366170961751231}}"
409,What Instagram posts were made by actors with  5000 followers in the month of January 2023?,"{""entityType"":""Web Activity"",""statements"":[{""parameters"":{""name"":""ifc.ootb.Orbis.platform"",""operator"":""equals"",""value"":""instagram""},""type"":""filter""},{""parameters"":{""name"":""ifc.ootb.Orbis.publishDate"",""operator"":""between"",""value"":[""2023-01-01"",""2023-01-31""]},""type"":""filter""},{""parameters"":{""relationTargetType"":[""Web Actor""],""relationType"":[""relation_Writer""]},""statements"":[{""parameters"":{""name"":""ifc.ootb.WebActor.numberOfFollowers"",""operator"":""equals"",""value"":5000},""type"":""filter""}],""type"":""relation""}]}","{""entityType"":""Web Activity"",""statements"":[{""parameters"":{""name"":""ifc.ootb.WebActivity.text"",""operator"":""similar_to"",""value"":""sustainable fashion""},""type"":""filter""},{""parameters"":{""relationTargetType"":[""Web Actor""],""relationType"":[""relation_Writer""]},""statements"":[{""parameters"":{""name"":""ifc.ootb.WebActor.numberOfFollowers"",""operator"":""equals"",""value"":2023},""type"":""filter""}],""type"":""relation""}]}",0.45514523325403133,wrong_structure_or_value,"{""retrieval_score"": 0.38695152898051277, ""retrieved_row_id"": 556, ""root_probabilities"": {""CDR"": 0.07999043692361149, ""EVisa Request"": 0.033907112294541235, ""Insight"": 0.03912991318637565, ""Investigation"": 0.0332714522205777, ""Person"": 0.03393437559889447, ""Phone"": 0.04588940777356572, ""Report"": 0.0336548857676452, ""Web Activity"": 0.49186492017054134, ""Web Actor"": 0.20835749606424725}}"
412,Show all communications in the last 3 days sent to phones owned by people named John,"{""entityType"":""CDR"",""statements"":[{""parameters"":{""name"":""ifc.ootb.CDR.startTime"",""operator"":""relative"",""value"":{""count"":3,""mode"":""previous"",""time_res"":""day""}},""type"":""filter""},{""parameters"":{""relationTargetType"":[""Phone""],""relationType"":[""relation_Caller""]},""statements"":[{""parameters"":{""name"":""ifc.ootb.Participant.targetName"",""operator"":""contains"",""value"":""John""},""type"":""filter""}],""type"":""relation""}]}","{""entityType"":""CDR"",""statements"":[{""parameters"":{""name"":""ifc.CDR.isClassified"",""operator"":""equals"",""value"":true},""type"":""filter""},{""parameters"":{""name"":""ifc.ootb.CDR.startTime"",""operator"":""relative"",""value"":{""count"":3,""mode"":""previous"",""time_res"":""day""}},""type"":""filter""}]}",0.4549238063791438,wrong_structure_or_value,"{""retrieval_score"": 0.3117345129397804, ""retrieved_row_id"": 604, ""root_probabilities"": {""CDR"": 0.5320257336157241, ""EVisa Request"": 0.03980620715025284, ""Insight"": 0.034338916878450004, ""Investigation"": 0.05247826510291454, ""Person"": 0.07034625396101138, ""Phone"": 0.12359845731434953, ""Report"": 0.026665505661830062, ""Web Activity"": 0.06860492291481882, ""Web Actor"": 0.052135737400648696}}"
432,List all phones where the dominant language is Russian.,"{""entityType"":""Phone"",""statements"":[{""parameters"":{""name"":""ifc.ootb.Participant.tlidDominantLanguage"",""operator"":""equals"",""value"":""Russian""},""type"":""filter""}]}","{""entityType"":""Phone"",""statements"":[{""parameters"":{""name"":""ifc.ootb.Participant.tlidDominantLanguage"",""operator"":""equals"",""value"":""Russian""},""type"":""filter""}]}",0.470910305973153,correct,"{""retrieval_score"": 0.579678686204364, ""retrieved_row_id"": 649, ""root_probabilities"": {""CDR"": 0.1384611205729056, ""EVisa Request"": 0.04682467968732427, ""Insight"": 0.0658809023235877, ""Investigation"": 0.04728014094767299, ""Person"": 0.0536991372765372, ""Phone"": 0.4123427166178855, ""Report"": 0.0489646071206014, ""Web Activity"": 0.13896766436918023, ""Web Actor"": 0.047579031084305196}}"
442,find me all binary sms messages involve 0543037210,"{""entityType"":""CDR"",""statements"":[{""parameters"":{""name"":""ifc.ootb.CDR.smsType"",""operator"":""equals"",""value"":""binary""},""type"":""filter""},{""parameters"":{""name"":""ifc.ootb.CDR.type"",""operator"":""equals"",""value"":""Text""},""type"":""filter""},{""parameters"":{""operatorValue"":""OR""},""statements"":[{""parameters"":{""name"":""ifc.ootb.CDR.msisdn"",""operator"":""equals"",""value"":""0543037210""},""type"":""filter""},{""parameters"":{""name"":""ifc.ootb.CDR.msisdn2"",""operator"":""equals"",""value"":""0543037210""},""type"":""filter""}],""type"":""operator""}]}","{""entityType"":""CDR"",""statements"":[{""parameters"":{""name"":""ifc.ootb.CDR.type"",""operator"":""equals"",""value"":""Text""},""type"":""filter""},{""parameters"":{""operatorValue"":""OR""},""statements"":[{""parameters"":{""name"":""ifc.ootb.CDR.msisdn"",""operator"":""equals"",""value"":""0543037210""},""type"":""filter""},{""parameters"":{""name"":""ifc.ootb.CDR.msisdn2"",""operator"":""equals"",""value"":""0543037210""},""type"":""filter""}],""type"":""operator""}]}",0.6307723110514345,wrong_structure_or_value,"{""retrieval_score"": 0.6304494700376583, ""retrieved_row_id"": 266, ""root_probabilities"": {""CDR"": 0.630946148520391, ""EVisa Request"": 0.03074136142890119, ""Insight"": 0.034876374550589784, ""Investigation"": 0.04526454940376189, ""Person"": 0.051581819483110976, ""Phone"": 0.05899184451343372, ""Report"": 0.03529659433260767, ""Web Activity"": 0.06743638854888402, ""Web Actor"": 0.04486491921831975}}"
446,Find the phones associated with target names Ariel Cohen or Yossi Levi,"{""entityType"":""Phone"",""statements"":[{""parameters"":{""operatorValue"":""OR""},""statements"":[{""parameters"":{""name"":""ifc.ootb.Participant.targetName"",""operator"":""equals"",""value"":""Ariel Cohen""},""type"":""filter""},{""parameters"":{""name"":""ifc.ootb.Participant.targetName"",""operator"":""equals"",""value"":""Yossi Levi""},""type"":""filter""}],""type"":""operator""}]}","{""entityType"":""Phone"",""statements"":[{""parameters"":{""name"":""ifc.ootb.Participant.targetName"",""operator"":""equals"",""value"":""John Smith""},""type"":""filter""}]}",0.377373707625152,wrong_structure_or_value,"{""retrieval_score"": 0.4132693677628316, ""retrieved_row_id"": 130, ""root_probabilities"": {""CDR"": 0.20568380375365303, ""EVisa Request"": 0.037068447550202804, ""Insight"": 0.06351045262671172, ""Investigation"": 0.05969928861554184, ""Person"": 0.07395535706314808, ""Phone"": 0.35804527524332447, ""Report"": 0.0602042433112534, ""Web Activity"": 0.06973412937331513, ""Web Actor"": 0.07209900246284953}}"
447,Retrieve voice calls intercepted with the filter 'suspect' that lasted over 1 hour in the past 48 hours,"{""entityType"":""CDR"",""statements"":[{""parameters"":{""name"":""ifc.CDR.interceptionFilter"",""operator"":""contains"",""value"":""suspect""},""type"":""filter""},{""parameters"":{""name"":""ifc.ootb.CDR.duration"",""operator"":""greater"",""value"":60},""type"":""filter""},{""parameters"":{""name"":""ifc.ootb.CDR.startTime"",""operator"":""relative"",""value"":{""count"":48,""mode"":""previous"",""time_res"":""hour""}},""type"":""filter""},{""parameters"":{""name"":""ifc.ootb.CDR.type"",""operator"":""equals"",""value"":""Voice""},""type"":""filter""}]}","{""entityType"":""CDR"",""statements"":[{""parameters"":{""name"":""ifc.CDR.interceptionFilter"",""operator"":""contains"",""value"":""suspect""},""type"":""filter""},{""parameters"":{""name"":""ifc.ootb.CDR.msisdn"",""operator"":""equals"",""value"":""0546655668""},""type"":""filter""},{""parameters"":{""name"":""ifc.ootb.CDR.startTime"",""operator"":""greater"",""value"":""suspect""},""type"":""filter""},{""parameters"":{""name"":""ifc.ootb.CDR.type"",""operator"":""equals"",""value"":""Voice""},""type"":""filter""}]}",0.4776950098309519,wrong_structure_or_value,"{""retrieval_score"": 0.5247191837107766, ""retrieved_row_id"": 232, ""root_probabilities"": {""CDR"": 0.45237430081873864, ""EVisa Request"": 0.035840798263385716, ""Insight"": 0.08840961996478917, ""Investigation"": 0.049168595927301315, ""Person"": 0.07675524555092031, ""Phone"": 0.061507154546817176, ""Report"": 0.059325103546101474, ""Web Activity"": 0.09048984636485863, ""Web Actor"": 0.08612933501708762}}"
448,"What reports were updated on March 1, 2024?","{""entityType"":""Report"",""statements"":[{""parameters"":{""name"":""ifc.core.updatetime"",""operator"":""is"",""value"":""2024-03-01""},""type"":""filter""}]}","{""entityType"":""Report"",""statements"":[{""parameters"":{""name"":""ifc.core.updatetime"",""operator"":""relative"",""value"":""2024-03-01""},""type"":""filter""}]}",0.7563542967856964,wrong_structure_or_value,"{""retrieval_score"": 0.6022932589587839, ""retrieved_row_id"": 393, ""root_probabilities"": {""CDR"": 0.030053670387558018, ""EVisa Request"": 0.009480466074162237, ""Insight"": 0.022081924711986244, ""Investigation"": 0.018770241059488792, ""Person"": 0.012341700791094555, ""Phone"": 0.021366695910995683, ""Report"": 0.8393102402309571, ""Web Activity"": 0.02696339174486258, ""Web Actor"": 0.019631669088894882}}"
460,Find all individuals born between 1 March 2000 and 1 March 2010,"{""entityType"":""Person"",""statements"":[{""parameters"":{""name"":""ifc.Person.birthDate"",""operator"":""between"",""value"":[""2000-03-01"",""2010-03-01""]},""type"":""filter""}]}","{""entityType"":""Person"",""statements"":[{""parameters"":{""name"":""ifc.Person.birthDate"",""operator"":""between"",""value"":[""2000-03-01"",""2010-03-01""]},""type"":""filter""}]}",0.4712527113241834,correct,"{""retrieval_score"": 0.3293411557794868, ""retrieved_row_id"": 501, ""root_probabilities"": {""CDR"": 0.08517221708818778, ""EVisa Request"": 0.02790333915159721, ""Insight"": 0.03662273023073952, ""Investigation"": 0.0591692730840753, ""Person"": 0.5476666258482508, ""Phone"": 0.055368582474872204, ""Report"": 0.036916053276091015, ""Web Activity"": 0.0941340234686718, ""Web Actor"": 0.05704715537751451}}"
468,What SMS messages were sent via SMPP protocol yesterday?,"{""entityType"":""CDR"",""statements"":[{""parameters"":{""name"":""ifc.ootb.CDR.smsProtocol"",""operator"":""equals"",""value"":""SMPP""},""type"":""filter""},{""parameters"":{""name"":""ifc.ootb.CDR.startTime"",""operator"":""relative"",""value"":{""count"":1,""mode"":""previous"",""time_res"":""day""}},""type"":""filter""},{""parameters"":{""name"":""ifc.ootb.CDR.type"",""operator"":""equals"",""value"":""Text""},""type"":""filter""}]}","{""entityType"":""CDR"",""statements"":[{""parameters"":{""name"":""ifc.ootb.CDR.msisdn2"",""operator"":""equals"",""value"":""0549876543""},""type"":""filter""},{""parameters"":{""name"":""ifc.ootb.CDR.smsText"",""operator"":""contains"",""value"":""urgent""},""type"":""filter""},{""parameters"":{""name"":""ifc.ootb.CDR.type"",""operator"":""equals"",""value"":""Text""},""type"":""filter""},{""parameters"":{""relationTargetType"":[""Phone""],""relationType"":[""relation_Caller""]},""statements"":[{""parameters"":{""name"":""ifc.ootb.Participant.isSuspicious"",""operator"":""equals"",""value"":true},""type"":""filter""}],""type"":""relation""}]}",0.517252175065913,wrong_structure_or_value,"{""retrieval_score"": 0.3868375866447894, ""retrieved_row_id"": 723, ""root_probabilities"": {""CDR"": 0.5874754149849797, ""EVisa Request"": 0.031065856011902808, ""Insight"": 0.05176085293149321, ""Investigation"": 0.04834049378658134, ""Person"": 0.035308337523882356, ""Phone"": 0.058048066079900415, ""Report"": 0.04721930985287109, ""Web Activity"": 0.0758899981664381, ""Web Actor"": 0.06489167066195087}}"
469,"Show me all investigations with a due date of March 15, 2024","{""entityType"":""Investigation"",""statements"":[{""parameters"":{""name"":""ifc.core.dueTime"",""operator"":""is"",""value"":""2024-03-15""},""type"":""filter""}]}","{""entityType"":""Investigation"",""statements"":[{""parameters"":{""name"":""ifc.core.dueTime"",""operator"":""between"",""value"":""2024-03-15""},""type"":""filter""}]}",0.6557492410313741,wrong_structure_or_value,"{""retrieval_score"": 0.37340960473312984, ""retrieved_row_id"": 545, ""root_probabilities"": {""CDR"": 0.04101058848346923, ""EVisa Request"": 0.012460648152486287, ""Insight"": 0.018456730244873727, ""Investigation"": 0.807778275961198, ""Person"": 0.031739515535214695, ""Phone"": 0.02227391376845508, ""Report"": 0.017982767430356584, ""Web Activity"": 0.027187788443799144, ""Web Actor"": 0.02110977198014732}}"
474,Find individuals whose first name is John or Jane,"{""entityType"":""Person"",""statements"":[{""parameters"":{""operatorValue"":""OR""},""statements"":[{""parameters"":{""name"":""ifc.Person.firstName"",""operator"":""equals"",""value"":""John""},""type"":""filter""},{""parameters"":{""name"":""ifc.Person.firstName"",""operator"":""equals"",""value"":""Jane""},""type"":""filter""}],""type"":""operator""}]}","{""entityType"":""Person"",""statements"":[{""parameters"":{""name"":""ifc.Person.firstName"",""operator"":""equals"",""value"":""John""},""type"":""filter""},{""parameters"":{""name"":""ifc.Person.lastName"",""operator"":""equals"",""value"":""Doe""},""type"":""filter""}]}",0.4467006112109454,wrong_structure_or_value,"{""retrieval_score"": 0.3953885517750273, ""retrieved_row_id"": 38, ""root_probabilities"": {""CDR"": 0.07663575691067114, ""EVisa Request"": 0.04612870878145818, ""Insight"": 0.05715123944680078, ""Investigation"": 0.04902601762488417, ""Person"": 0.47433018167643975, ""Phone"": 0.1010181592765865, ""Report"": 0.048609302519695155, ""Web Activity"": 0.06548862326404127, ""Web Actor"": 0.08161201049942313}}"
484,List all males with the occupation 'Doctor' born before 1 July 1970,"{""entityType"":""Person"",""statements"":[{""parameters"":{""name"":""ifc.Person.birthDate"",""operator"":""before"",""value"":""1970-07-01""},""type"":""filter""},{""parameters"":{""name"":""ifc.Person.gender"",""operator"":""equals"",""value"":""Male""},""type"":""filter""},{""parameters"":{""name"":""ifc.Person.occupation"",""operator"":""equals"",""value"":""Doctor""},""type"":""filter""}]}","{""entityType"":""Person"",""statements"":[{""parameters"":{""name"":""ifc.Person.birthDate"",""operator"":""before"",""value"":""1970-07-01""},""type"":""filter""},{""parameters"":{""name"":""ifc.Person.occupation"",""operator"":""before"",""value"":""Doctor""},""type"":""filter""},{""parameters"":{""name"":""ifc.Person.occupation"",""operator"":""equals"",""value"":""doctor""},""type"":""filter""}]}",0.6359145774372637,wrong_structure_or_value,"{""retrieval_score"": 0.4918902100772181, ""retrieved_row_id"": 28, ""root_probabilities"": {""CDR"": 0.03813444657333098, ""EVisa Request"": 0.03673849680548158, ""Insight"": 0.024104381430092775, ""Investigation"": 0.02930842528205064, ""Person"": 0.7134661598619035, ""Phone"": 0.03628937669695361, ""Report"": 0.02733233139287448, ""Web Activity"": 0.040667533994895304, ""Web Actor"": 0.05395884796241718}}"
488,which cases related to tax evasion opened in the past 6 months,"{""entityType"":""Investigation"",""statements"":[{""parameters"":{""name"":""ifc.core.createtime"",""operator"":""relative"",""value"":{""count"":6,""mode"":""previous"",""time_res"":""month""}},""type"":""filter""},{""parameters"":{""name"":""ifc.core.description"",""operator"":""contains"",""value"":""tax evasion""},""type"":""filter""}]}","{""entityType"":""Investigation"",""statements"":[{""parameters"":{""name"":""ifc.core.description"",""operator"":""contains"",""value"":""tax evasion""},""type"":""filter""}]}",0.4798139795990862,wrong_structure_or_value,"{""retrieval_score"": 0.5860670117255956, ""retrieved_row_id"": 53, ""root_probabilities"": {""CDR"": 0.1139941321392744, ""EVisa Request"": 0.035850794104328954, ""Insight"": 0.087571686758778, ""Investigation"": 0.42260080845404263, ""Person"": 0.03919721469265991, ""Phone"": 0.07876549564585207, ""Report"": 0.05365531508183042, ""Web Activity"": 0.08485194920194773, ""Web Actor"": 0.08351260392128583}}"
494,"Find all web activities in Spanish language, written by actors with 'garcia' in their email address.","{""entityType"":""Web Activity"",""statements"":[{""parameters"":{""name"":""ifc.ootb.WebActivity.mainLanguage"",""operator"":""equals"",""value"":""Spanish""},""type"":""filter""},{""parameters"":{""relationTargetType"":[""Web Actor""],""relationType"":[""relation_Writer""]},""statements"":[{""parameters"":{""name"":""ifc.ootb.WebActor.leadingEmail"",""operator"":""contains"",""value"":""garcia""},""type"":""filter""}],""type"":""relation""}]}","{""entityType"":""Web Activity"",""statements"":[{""parameters"":{""name"":""ifc.ootb.Orbis.email"",""operator"":""is_not_empty"",""value"":""""},""type"":""filter""},{""parameters"":{""name"":""ifc.ootb.WebActivity.mainLanguage"",""operator"":""equals"",""value"":""Spanish""},""type"":""filter""},{""parameters"":{""name"":""ifc.ootb.WebActivity.sentimentScore"",""operator"":""equals"",""value"":""garcia""},""type"":""filter""}]}",0.6014855558655591,wrong_structure_or_value,"{""retrieval_score"": 0.3998630385352481, ""retrieved_row_id"": 189, ""root_probabilities"": {""CDR"": 0.05257369277549594, ""EVisa Request"": 0.019810988262004624, ""Insight"": 0.017709768442910962, ""Investigation"": 0.02060292436460757, ""Person"": 0.025191279315471594, ""Phone"": 0.04011392519295615, ""Report"": 0.02268716002268336, ""Web Activity"": 0.7100515267357265, ""Web Actor"": 0.09125873488814332}}"
511,find me all calls of +972443325123 from the past week,"{""entityType"":""CDR"",""statements"":[{""parameters"":{""name"":""ifc.ootb.CDR.createDateTime"",""operator"":""relative"",""value"":{""count"":1,""mode"":""previous"",""time_res"":""week""}},""type"":""filter""},{""parameters"":{""name"":""ifc.ootb.CDR.type"",""operator"":""equals"",""value"":""Voice""},""type"":""filter""},{""parameters"":{""operatorValue"":""OR""},""statements"":[{""parameters"":{""name"":""ifc.ootb.CDR.msisdn"",""operator"":""equals"",""value"":""+972443325123""},""type"":""filter""},{""parameters"":{""name"":""ifc.ootb.CDR.msisdn2"",""operator"":""equals"",""value"":""+972443325123""},""type"":""filter""}],""type"":""operator""}]}","{""entityType"":""CDR"",""statements"":[{""parameters"":{""name"":""ifc.ootb.CDR.createDateTime"",""operator"":""relative"",""value"":{""count"":1,""mode"":""previous"",""time_res"":""week""}},""type"":""filter""},{""parameters"":{""name"":""ifc.ootb.CDR.type"",""operator"":""equals"",""value"":""Voice""},""type"":""filter""},{""parameters"":{""operatorValue"":""OR""},""statements"":[{""parameters"":{""name"":""ifc.ootb.CDR.msisdn"",""operator"":""equals"",""value"":""+972443325123""},""type"":""filter""},{""parameters"":{""name"":""ifc.ootb.CDR.msisdn2"",""operator"":""equals"",""value"":""+972443325123""},""type"":""filter""}],""type"":""operator""}]}",0.5934784761817776,correct,"{""retrieval_score"": 0.40741947897035474, ""retrieved_row_id"": 365, ""root_probabilities"": {""CDR"": 0.6936640900648515, ""EVisa Request"": 0.018248462698827878, ""Insight"": 0.047970516185481545, ""Investigation"": 0.03129481715059382, ""Person"": 0.0345847105782852, ""Phone"": 0.038092293418613137, ""Report"": 0.029338258706637668, ""Web Activity"": 0.08268934333820632, ""Web Actor"": 0.024117507858503043}}"
513,Find insights that mention either 'financial irregularities' or 'money laundering' in the text,"{""entityType"":""Insight"",""statements"":[{""parameters"":{""operatorValue"":""OR""},""statements"":[{""parameters"":{""name"":""text"",""operator"":""contains"",""value"":""financial irregularities""},""type"":""filter""},{""parameters"":{""name"":""text"",""operator"":""contains"",""value"":""money laundering""},""type"":""filter""}],""type"":""operator""}]}","{""entityType"":""Insight"",""statements"":[{""parameters"":{""name"":""ifc.core.createtime"",""operator"":""relative"",""value"":""money laundering""},""type"":""filter""},{""parameters"":{""name"":""text"",""operator"":""contains"",""value"":""money laundering""},""type"":""filter""}]}",0.48493578138613214,wrong_structure_or_value,"{""retrieval_score"": 0.3676166160835045, ""retrieved_row_id"": 39, ""root_probabilities"": {""CDR"": 0.04546819890280716, ""EVisa Request"": 0.022661529897370494, ""Insight"": 0.5481076396260085, ""Investigation"": 0.043067818962673185, ""Person"": 0.03338133798541861, ""Phone"": 0.0375539136179147, ""Report"": 0.14586828326524273, ""Web Activity"": 0.0703364604034244, ""Web Actor"": 0.05355481733914019}}"
515,Get CDRs where the call status was blocked or technology was 5G for 0559876543,"{""entityType"":""CDR"",""statements"":[{""parameters"":{""operatorValue"":""OR""},""statements"":[{""parameters"":{""name"":""ifc.ootb.CDR.callStatus"",""operator"":""equals"",""value"":""Blocked""},""type"":""filter""},{""parameters"":{""name"":""ifc.ootb.CDR.technology"",""operator"":""equals"",""value"":""5G""},""type"":""filter""}],""type"":""operator""},{""parameters"":{""operatorValue"":""OR""},""statements"":[{""parameters"":{""name"":""ifc.ootb.CDR.msisdn"",""operator"":""equals"",""value"":""0559876543""},""type"":""filter""},{""parameters"":{""name"":""ifc.ootb.CDR.msisdn2"",""operator"":""equals"",""value"":""0559876543""},""type"":""filter""}],""type"":""operator""}]}","{""entityType"":""CDR"",""statements"":[{""parameters"":{""name"":""ifc.ootb.CDR.technology"",""operator"":""equals"",""value"":""was blocked or technology was""},""type"":""filter""},{""parameters"":{""operatorValue"":""OR""},""statements"":[{""parameters"":{""name"":""ifc.ootb.CDR.technology"",""operator"":""equals"",""value"":""5G""},""type"":""filter""},{""parameters"":{""name"":""ifc.ootb.CDR.technology"",""operator"":""equals"",""value"":""5G""},""type"":""filter""}],""type"":""operator""},{""parameters"":{""operatorValue"":""OR""},""statements"":[{""parameters"":{""name"":""ifc.ootb.CDR.msisdn"",""operator"":""equals"",""value"":""0559876543""},""type"":""filter""},{""parameters"":{""name"":""ifc.ootb.CDR.msisdn2"",""operator"":""equals"",""value"":""0559876543""},""type"":""filter""}],""type"":""operator""}]}",0.5149522879252579,wrong_structure_or_value,"{""retrieval_score"": 0.6433432777236904, ""retrieved_row_id"": 54, ""root_probabilities"": {""CDR"": 0.4458186780337943, ""EVisa Request"": 0.0800001903572536, ""Insight"": 0.06747890013146701, ""Investigation"": 0.04977563391038269, ""Person"": 0.05382284176101146, ""Phone"": 0.09585352164022855, ""Report"": 0.05563665178309032, ""Web Activity"": 0.0810797315503033, ""Web Actor"": 0.07053385083246878}}"
523,Are there insights with text that starts with 'Breaking News:' or 'Latest Update:'?,"{""entityType"":""Insight"",""statements"":[{""parameters"":{""operatorValue"":""OR""},""statements"":[{""parameters"":{""name"":""text"",""operator"":""begins_with"",""value"":""Breaking News:""},""type"":""filter""},{""parameters"":{""name"":""text"",""operator"":""begins_with"",""value"":""Latest Update:""},""type"":""filter""}],""type"":""operator""}]}","{""entityType"":""Insight"",""statements"":[{""parameters"":{""name"":""text"",""operator"":""begins_with"",""value"":""Latest Update:""},""type"":""filter""},{""parameters"":{""operatorValue"":""OR""},""statements"":[{""parameters"":{""name"":""text"",""operator"":""contains"",""value"":""John Doe""},""type"":""filter""},{""parameters"":{""name"":""text"",""operator"":""contains"",""value"":""Jane Smith""},""type"":""filter""}],""type"":""operator""}]}",0.490218760058671,wrong_structure_or_value,"{""retrieval_score"": 0.26259812594539234, ""retrieved_row_id"": 682, ""root_probabilities"": {""CDR"": 0.048399395817407834, ""EVisa Request"": 0.022104717771417773, ""Insight"": 0.612783716888898, ""Investigation"": 0.03392100225747568, ""Person"": 0.06850976457414074, ""Phone"": 0.04711983045904435, ""Report"": 0.07116005706798033, ""Web Activity"": 0.04663522950382653, ""Web Actor"": 0.04936628565980896}}"
526,List all web activities collected yesterday that mention a credit card number.,"{""entityType"":""Web Activity"",""statements"":[{""parameters"":{""name"":""ifc.ootb.Orbis.collectDate"",""operator"":""relative"",""value"":{""count"":1,""mode"":""previous"",""time_res"":""day""}},""type"":""filter""},{""parameters"":{""name"":""ifc.ootb.Orbis.creditCard"",""operator"":""is_not_empty"",""value"":""""},""type"":""filter""}]}","{""entityType"":""Web Activity"",""statements"":[{""parameters"":{""name"":""ifc.ootb.Orbis.creditCard"",""operator"":""contains"",""value"":""visa""},""type"":""filter""},{""parameters"":{""name"":""ifc.ootb.Orbis.platform"",""operator"":""equals"",""value"":""facebook""},""type"":""filter""},{""parameters"":{""name"":""ifc.ootb.Orbis.updateDate"",""operator"":""relative"",""value"":{""count"":1,""mode"":""previous"",""time_res"":""day""}},""type"":""filter""}]}",0.6836280720356228,wrong_structure_or_value,"{""retrieval_score"": 0.5588158142048814, ""retrieved_row_id"": 237, ""root_probabilities"": {""CDR"": 0.04421157214506106, ""EVisa Request"": 0.01989859740545334, ""Insight"": 0.03198746868071633, ""Investigation"": 0.030279356815366996, ""Person"": 0.029758470377413936, ""Phone"": 0.031177607130826165, ""Report"": 0.024538293086732457, ""Web Activity"": 0.7508346724060221, ""Web Actor"": 0.03731396195240759}}"
528,List the phones first active in February 2024.,"{""entityType"":""Phone"",""statements"":[{""parameters"":{""name"":""ifc.ootb.Participant.firstActiveDate"",""operator"":""between"",""value"":[""2024-02-01"",""2024-02-29""]},""type"":""filter""}]}","{""entityType"":""Phone"",""statements"":[{""parameters"":{""name"":""ifc.Phone.type"",""operator"":""equals"",""value"":""Foreign""},""type"":""filter""},{""parameters"":{""name"":""ifc.ootb.Participant.firstActiveDate"",""operator"":""between"",""value"":[""2024-02-01"",""2024-02-29""]},""type"":""filter""}]}",0.7096516838835379,wrong_structure_or_value,"{""retrieval_score"": 0.6199773682664287, ""retrieved_row_id"": 569, ""root_probabilities"": {""CDR"": 0.05401789087367643, ""EVisa Request"": 0.015983626808590935, ""Insight"": 0.024104049014192445, ""Investigation"": 0.023102754999697, ""Person"": 0.026506969911839085, ""Phone"": 0.7579378538312121, ""Report"": 0.02496354153629631, ""Web Activity"": 0.034331646061503636, ""Web Actor"": 0.03905166696299208}}"
536,Find reports containing the keyword 'embezzlement',"{""entityType"":""Report"",""statements"":[{""parameters"":{""name"":""text"",""operator"":""contains"",""value"":""embezzlement""},""type"":""filter""}]}","{""entityType"":""Report"",""statements"":[{""parameters"":{""name"":""text"",""operator"":""contains"",""value"":""embezzlement""},""type"":""filter""}]}",0.6096875481946109,correct,"{""retrieval_score"": 0.4606755647127168, ""retrieved_row_id"": 123, ""root_probabilities"": {""CDR"": 0.049164295035218686, ""EVisa Request"": 0.02017672935694566, ""Insight"": 0.06602800958429006, ""Investigation"": 0.027777361945494437, ""Person"": 0.03405396261048766, ""Phone"": 0.03717652942836572, ""Report"": 0.689924770069477, ""Web Activity"": 0.04391182269757942, ""Web Actor"": 0.03178651927214128}}"
544,Retrieve all Facebook posts published between 1 March 2024 and 15 March 2024 that contain an email address,"{""entityType"":""Web Activity"",""statements"":[{""parameters"":{""name"":""ifc.ootb.Orbis.email"",""operator"":""is_not_empty"",""value"":""""},""type"":""filter""},{""parameters"":{""name"":""ifc.ootb.Orbis.platform"",""operator"":""equals"",""value"":""facebook""},""type"":""filter""},{""parameters"":{""name"":""ifc.ootb.Orbis.publishDate"",""operator"":""between"",""value"":[""2024-03-01"",""2024-03-15""]},""type"":""filter""}]}","{""entityType"":""Web Activity"",""statements"":[{""parameters"":{""name"":""ifc.ootb.Orbis.platform"",""operator"":""equals"",""value"":""Facebook""},""type"":""filter""},{""parameters"":{""name"":""ifc.ootb.Orbis.publishDate"",""operator"":""between"",""value"":[""2024-03-01"",""2024-03-15""]},""type"":""filter""},{""parameters"":{""name"":""ifc.ootb.WebActivity.numberOfLikes"",""operator"":""between"",""value"":[""2024-03-01"",""2024-03-15""]},""type"":""filter""}]}",0.6506317104327424,wrong_structure_or_value,"{""retrieval_score"": 0.6074430477974958, ""retrieved_row_id"": 325, ""root_probabilities"": {""CDR"": 0.05665638649007194, ""EVisa Request"": 0.016376726976090085, ""Insight"": 0.03321158246985601, ""Investigation"": 0.033186009056367004, ""Person"": 0.03096422371284244, ""Phone"": 0.03167073692488278, ""Report"": 0.04038704599668865, ""Web Activity"": 0.6738871441594136, ""Web Actor"": 0.08366014421378747}}"
560,"Find reports updated between January 1, 2024 and February 28, 2024","{""entityType"":""Report"",""statements"":[{""parameters"":{""name"":""ifc.core.updatetime"",""operator"":""between"",""value"":[""2024-01-01"",""2024-02-28""]},""type"":""filter""}]}","{""entityType"":""Report"",""statements"":[{""parameters"":{""operatorValue"":""OR""},""statements"":[{""parameters"":{""name"":""ifc.core.createtime"",""operator"":""between"",""value"":[""2024-01-01"",""2024-02-28""]},""type"":""filter""},{""parameters"":{""name"":""ifc.core.createtime"",""operator"":""between"",""value"":[""2024-01-01"",""2024-02-28""]},""type"":""filter""}],""type"":""operator""}]}",0.5560471472058964,wrong_structure_or_value,"{""retrieval_score"": 0.40857250993772837, ""retrieved_row_id"": 60, ""root_probabilities"": {""CDR"": 0.03719792562550752, ""EVisa Request"": 0.03455394253486091, ""Insight"": 0.026006912863892777, ""Investigation"": 0.08376953681230256, ""Person"": 0.04214595813384568, ""Phone"": 0.0406846193069079, ""Report"": 0.6354565672733715, ""Web Activity"": 0.047294488276599315, ""Web Actor"": 0.05289004917271175}}"
587,Show me insights containing the keyword 'firearms' from the past month.,"{""entityType"":""Insight"",""statements"":[{""parameters"":{""name"":""ifc.core.createtime"",""operator"":""relative"",""value"":{""count"":1,""mode"":""previous"",""time_res"":""month""}},""type"":""filter""},{""parameters"":{""name"":""text"",""operator"":""contains"",""value"":""firearms""},""type"":""filter""}]}","{""entityType"":""Insight"",""statements"":[{""parameters"":{""name"":""ifc.core.createtime"",""operator"":""relative"",""value"":{""count"":1,""mode"":""previous"",""time_res"":""month""}},""type"":""filter""},{""parameters"":{""name"":""text"",""operator"":""contains"",""value"":""firearms""},""type"":""filter""}]}",0.7690329987803166,correct,"{""retrieval_score"": 0.6358888035536118, ""retrieved_row_id"": 39, ""root_probabilities"": {""CDR"": 0.042778046783046336, ""EVisa Request"": 0.009266164939236652, ""Insight"": 0.8407260269793114, ""Investigation"": 0.011735756790116953, ""Person"": 0.014119332766191817, ""Phone"": 0.01671423333636546, ""Report"": 0.02132306474861204, ""Web Activity"": 0.03036081146994586, ""Web Actor"": 0.01297656218717341}}"
589,Retrieve all non-call communications for target code 'TANGO' last week.,"{""entityType"":""CDR"",""statements"":[{""parameters"":{""name"":""ifc.CDR.targetCode"",""operator"":""equals"",""value"":""TANGO""},""type"":""filter""},{""parameters"":{""name"":""ifc.ootb.CDR.startTime"",""operator"":""relative"",""value"":{""count"":1,""mode"":""previous"",""time_res"":""week""}},""type"":""filter""},{""parameters"":{""name"":""ifc.ootb.CDR.type"",""operator"":""equals"",""value"":""Non-Call""},""type"":""filter""}]}","{""entityType"":""CDR"",""statements"":[{""parameters"":{""name"":""ifc.ootb.CDR.msisdn"",""operator"":""equals"",""value"":""0543037210""},""type"":""filter""},{""parameters"":{""name"":""ifc.ootb.CDR.msisdn2"",""operator"":""equals"",""value"":""0506519105""},""type"":""filter""},{""parameters"":{""name"":""ifc.ootb.CDR.type"",""operator"":""equals"",""value"":""Non-Call""},""type"":""filter""}]}",0.5445683870019172,wrong_structure_or_value,"{""retrieval_score"": 0.490478119916186, ""retrieved_row_id"": 298, ""root_probabilities"": {""CDR"": 0.5736939154326955, ""EVisa Request"": 0.03778405988635698, ""Insight"": 0.050916464067701214, ""Investigation"": 0.04807472728322917, ""Person"": 0.06476036891841598, ""Phone"": 0.06102052972250247, ""Report"": 0.04086841885319337, ""Web Activity"": 0.07275602853760083, ""Web Actor"": 0.05012548729830447}}"
594,Find foreign phones with IMSI 154646455549799 that sent SMS messages last year.,"{""entityType"":""Phone"",""statements"":[{""parameters"":{""name"":""ifc.Phone.type"",""operator"":""equals"",""value"":""Foreign""},""type"":""filter""},{""parameters"":{""name"":""ifc.ootb.Phone.IMSI"",""operator"":""equals"",""value"":154646455549799},""type"":""filter""},{""parameters"":{""relationTargetType"":[""CDR""],""relationType"":[""relation_Caller""]},""statements"":[{""parameters"":{""name"":""ifc.ootb.CDR.type"",""operator"":""equals"",""value"":""Text""},""type"":""filter""},{""parameters"":{""name"":""ifc.ootb.CDR.startTime"",""operator"":""relative"",""value"":{""count"":1,""mode"":""previous"",""time_res"":""year""}},""type"":""filter""}],""type"":""relation""}]}","{""entityType"":""Phone"",""statements"":[{""parameters"":{""name"":""ifc.Phone.type"",""operator"":""equals"",""value"":""Foreign""},""type"":""filter""},{""parameters"":{""name"":""ifc.ootb.Phone.IMSI"",""operator"":""relative"",""value"":{""count"":1,""mode"":""previous"",""time_res"":""year""}},""type"":""filter""}]}",0.5227692640130167,wrong_structure_or_value,"{""retrieval_score"": 0.5005830987747558, ""retrieved_row_id"": 29, ""root_probabilities"": {""CDR"": 0.263464148859589, ""EVisa Request"": 0.020461381973144892, ""Insight"": 0.022007438862582645, ""Investigation"": 0.021727263222976738, ""Person"": 0.03413551298623915, ""Phone"": 0.5347156606797726, ""Report"": 0.026301145224996377, ""Web Activity"": 0.0362251142344628, ""Web Actor"": 0.04096233395623588}}"
597,Find all SMS messages containing the word 'urgent' sent from 0543037210 to 0506519105 last week,"{""entityType"":""CDR"",""statements"":[{""parameters"":{""name"":""ifc.ootb.CDR.msisdn"",""operator"":""equals"",""value"":""0543037210""},""type"":""filter""},{""parameters"":{""name"":""ifc.ootb.CDR.msisdn2"",""operator"":""equals"",""value"":""0506519105""},""type"":""filter""},{""parameters"":{""name"":""ifc.ootb.CDR.smsText"",""operator"":""contains"",""value"":""urgent""},""type"":""filter""},{""parameters"":{""name"":""ifc.ootb.CDR.startTime"",""operator"":""relative"",""value"":{""count"":1,""mode"":""previous"",""time_res"":""week""}},""type"":""filter""},{""parameters"":{""name"":""ifc.ootb.CDR.type"",""operator"":""equals"",""value"":""Text""},""type"":""filter""}]}","{""entityType"":""CDR"",""statements"":[{""parameters"":{""name"":""ifc.ootb.CDR.msisdn"",""operator"":""equals"",""value"":""0543037210""},""type"":""filter""},{""parameters"":{""name"":""ifc.ootb.CDR.smsText"",""operator"":""contains"",""value"":""urgent""},""type"":""filter""},{""parameters"":{""name"":""ifc.ootb.CDR.startTime"",""operator"":""relative"",""value"":{""count"":1,""mode"":""previous"",""time_res"":""week""}},""type"":""filter""},{""parameters"":{""name"":""ifc.ootb.CDR.type"",""operator"":""equals"",""value"":""Text""},""type"":""filter""}]}",0.7461536233927587,wrong_structure_or_value,"{""retrieval_score"": 0.573898932684214, ""retrieved_row_id"": 148, ""root_probabilities"": {""CDR"": 0.8389061491588982, ""EVisa Request"": 0.011774795440569807, ""Insight"": 0.023095124041726284, ""Investigation"": 0.014095800456440582, ""Person"": 0.015817374162143454, ""Phone"": 0.02241222156442322, ""Report"": 0.02195579781008023, ""Web Activity"": 0.035537739695813156, ""Web Actor"": 0.016404997669905007}}"
600,Show me all emails with PDF attachments sent in the first half of October 2024.,"{""entityType"":""CDR"",""statements"":[{""parameters"":{""name"":""ifc.ootb.CDR.isAttachment"",""operator"":""equals"",""value"":true},""type"":""filter""},{""parameters"":{""name"":""ifc.ootb.CDR.startTime"",""operator"":""between"",""value"":[""2024-10-01"",""2024-10-15""]},""type"":""filter""},{""parameters"":{""name"":""ifc.ootb.CDR.type"",""operator"":""equals"",""value"":""Email""},""type"":""filter""}]}","{""entityType"":""CDR"",""statements"":[{""parameters"":{""name"":""ifc.ootb.CDR.createDateTime"",""operator"":""relative"",""value"":{""count"":1,""mode"":""current"",""time_res"":""day""}},""type"":""filter""},{""parameters"":{""name"":""ifc.ootb.CDR.destinationEmailAddress"",""operator"":""equals"",""value"":""bob@company.com""},""type"":""filter""},{""parameters"":{""name"":""ifc.ootb.CDR.isAttachment"",""operator"":""equals"",""value"":true},""type"":""filter""},{""parameters"":{""name"":""ifc.ootb.CDR.type"",""operator"":""equals"",""value"":""Email""},""type"":""filter""}]}",0.4408611644602781,wrong_structure_or_value,"{""retrieval_score"": 0.42965878371300564, ""retrieved_row_id"": 598, ""root_probabilities"": {""CDR"": 0.44689321563188644, ""EVisa Request"": 0.03645992518460361, ""Insight"": 0.06672920653860812, ""Investigation"": 0.05170856408028286, ""Person"": 0.09273845683915377, ""Phone"": 0.07837236749605239, ""Report"": 0.05380882321883158, ""Web Activity"": 0.09675451513498992, ""Web Actor"": 0.07653492587559144}}"
603,Show investigations due in the past 30 days,"{""entityType"":""Investigation"",""statements"":[{""parameters"":{""name"":""ifc.core.dueTime"",""operator"":""relative"",""value"":{""count"":30,""mode"":""previous"",""time_res"":""day""}},""type"":""filter""}]}","{""entityType"":""Investigation"",""statements"":[{""parameters"":{""name"":""ifc.core.createtime"",""operator"":""relative"",""value"":{""count"":30,""mode"":""previous"",""time_res"":""day""}},""type"":""filter""}]}",0.7948541616161395,wrong_structure_or_value,"{""retrieval_score"": 0.6088590565964223, ""retrieved_row_id"": 403, ""root_probabilities"": {""CDR"": 0.0314351770113443, ""EVisa Request"": 0.009490551386946794, ""Insight"": 0.011732502156193226, ""Investigation"": 0.8950053720113719, ""Person"": 0.007946573724371887, ""Phone"": 0.012610219465941458, ""Report"": 0.009382571322603575, ""Web Activity"": 0.013594008084649424, ""Web Actor"": 0.008803024836577461}}"
608,Retrieve text messages about 'payment' or 'invoice' involving 0527654321 or 0523456789,"{""entityType"":""CDR"",""statements"":[{""parameters"":{""name"":""ifc.ootb.CDR.type"",""operator"":""equals"",""value"":""Text""},""type"":""filter""},{""parameters"":{""operatorValue"":""OR""},""statements"":[{""parameters"":{""name"":""ifc.ootb.CDR.smsText"",""operator"":""contains"",""value"":""payment""},""type"":""filter""},{""parameters"":{""name"":""ifc.ootb.CDR.smsText"",""operator"":""contains"",""value"":""invoice""},""type"":""filter""}],""type"":""operator""},{""parameters"":{""operatorValue"":""OR""},""statements"":[{""parameters"":{""name"":""ifc.ootb.CDR.msisdn"",""operator"":""equals"",""value"":""0527654321""},""type"":""filter""},{""parameters"":{""name"":""ifc.ootb.CDR.msisdn2"",""operator"":""equals"",""value"":""0527654321""},""type"":""filter""},{""parameters"":{""name"":""ifc.ootb.CDR.msisdn"",""operator"":""equals"",""value"":""0523456789""},""type"":""filter""},{""parameters"":{""name"":""ifc.ootb.CDR.msisdn2"",""operator"":""equals"",""value"":""0523456789""},""type"":""filter""}],""type"":""operator""}]}","{""entityType"":""CDR"",""statements"":[{""parameters"":{""operatorValue"":""OR""},""statements"":[{""parameters"":{""name"":""ifc.ootb.CDR.type"",""operator"":""equals"",""value"":""Text""},""type"":""filter""},{""parameters"":{""name"":""ifc.ootb.CDR.type"",""operator"":""equals"",""value"":""Text""},""type"":""filter""}],""type"":""operator""},{""parameters"":{""operatorValue"":""OR""},""statements"":[{""parameters"":{""name"":""ifc.ootb.CDR.msisdn"",""operator"":""equals"",""value"":""0527654321""},""type"":""filter""},{""parameters"":{""name"":""ifc.ootb.CDR.msisdn2"",""operator"":""equals"",""value"":""0527654321""},""type"":""filter""},{""parameters"":{""name"":""ifc.ootb.CDR.msisdn"",""operator"":""equals"",""value"":""0527654321""},""type"":""filter""},{""parameters"":{""name"":""ifc.ootb.CDR.msisdn2"",""operator"":""equals"",""value"":""0527654321""},""type"":""filter""}],""type"":""operator""}]}",0.3136848454370564,wrong_structure_or_value,"{""retrieval_score"": 0.21384247824247118, ""retrieved_row_id"": 71, ""root_probabilities"": {""CDR"": 0.3674461200802946, ""EVisa Request"": 0.039515845788340095, ""Insight"": 0.0983136410509673, ""Investigation"": 0.06413594153505112, ""Person"": 0.07400415168798619, ""Phone"": 0.09237896773592527, ""Report"": 0.08665063804794532, ""Web Activity"": 0.08762075360692394, ""Web Actor"": 0.08993394046656607}}"
610,Get reports with text similar to 'organized crime syndicate',"{""entityType"":""Report"",""statements"":[{""parameters"":{""name"":""text"",""operator"":""similar_to"",""value"":""organized crime syndicate""},""type"":""filter""}]}","{""entityType"":""Report"",""statements"":[{""parameters"":{""name"":""text"",""operator"":""contains"",""value"":""organized crime syndicate""},""type"":""filter""},{""parameters"":{""name"":""text"",""operator"":""similar_to"",""value"":""Project Timeline and Milestones""},""type"":""filter""}]}",0.49345549493720875,wrong_structure_or_value,"{""retrieval_score"": 0.4317237101551707, ""retrieved_row_id"": 61, ""root_probabilities"": {""CDR"": 0.1013105982919264, ""EVisa Request"": 0.03287004728676212, ""Insight"": 0.06798788437601022, ""Investigation"": 0.05540576206112603, ""Person"": 0.05497525383625976, ""Phone"": 0.05323882833368339, ""Report"": 0.5266956867429216, ""Web Activity"": 0.05540106306435, ""Web Actor"": 0.05211487600696055}}"
612,Show me all Instagram posts with the hashtag #fitness published in the past 7 days.,"{""entityType"":""Web Activity"",""statements"":[{""parameters"":{""name"":""ifc.ootb.Orbis.hashtags"",""operator"":""contains"",""value"":""#fitness""},""type"":""filter""},{""parameters"":{""name"":""ifc.ootb.Orbis.platform"",""operator"":""equals"",""value"":""instagram""},""type"":""filter""},{""parameters"":{""name"":""ifc.ootb.Orbis.publishDate"",""operator"":""relative"",""value"":{""count"":7,""mode"":""previous"",""time_res"":""day""}},""type"":""filter""}]}","{""entityType"":""Web Activity"",""statements"":[{""parameters"":{""name"":""ifc.ootb.Orbis.hashtags"",""operator"":""contains"",""value"":""#bitcoin""},""type"":""filter""},{""parameters"":{""name"":""ifc.ootb.Orbis.platform"",""operator"":""equals"",""value"":""Instagram""},""type"":""filter""},{""parameters"":{""name"":""ifc.ootb.Orbis.publishDate"",""operator"":""relative"",""value"":{""count"":7,""mode"":""previous"",""time_res"":""day""}},""type"":""filter""}]}",0.5511729428103683,wrong_structure_or_value,"{""retrieval_score"": 0.3163446251124357, ""retrieved_row_id"": 219, ""root_probabilities"": {""CDR"": 0.05606754069234146, ""EVisa Request"": 0.024969426258412107, ""Insight"": 0.04931635974637735, ""Investigation"": 0.029670013417692803, ""Person"": 0.03754296823656498, ""Phone"": 0.0372405752442639, ""Report"": 0.02470569814514704, ""Web Activity"": 0.677618960032332, ""Web Actor"": 0.06286845822686848}}"
625,List investigations with descriptions containing 'suspicious activity',"{""entityType"":""Investigation"",""statements"":[{""parameters"":{""name"":""ifc.core.description"",""operator"":""contains"",""value"":""suspicious activity""},""type"":""filter""}]}","{""entityType"":""Investigation"",""statements"":[{""parameters"":{""name"":""ifc.core.description"",""operator"":""contains"",""value"":""suspicious activity""},""type"":""filter""}]}",0.655892477284883,correct,"{""retrieval_score"": 0.5589897855615396, ""retrieved_row_id"": 101, ""root_probabilities"": {""CDR"": 0.039438862469226114, ""EVisa Request"": 0.017939259986632494, ""Insight"": 0.029980869967858717, ""Investigation"": 0.7080708497512986, ""Person"": 0.0323347940456556, ""Phone"": 0.05756199298506344, ""Report"": 0.04379435050489739, ""Web Activity"": 0.038867084153139095, ""Web Actor"": 0.03201193613622833}}"
630,show me all communication of 0543037210,"{""entityType"":""CDR"",""statements"":[{""parameters"":{""operatorValue"":""OR""},""statements"":[{""parameters"":{""name"":""ifc.ootb.CDR.msisdn"",""operator"":""equals"",""value"":""0543037210""},""type"":""filter""},{""parameters"":{""name"":""ifc.ootb.CDR.msisdn2"",""operator"":""equals"",""value"":""0543037210""},""type"":""filter""}],""type"":""operator""}]}","{""entityType"":""CDR"",""statements"":[{""parameters"":{""name"":""ifc.ootb.CDR.type"",""operator"":""equals"",""value"":""Voice""},""type"":""filter""},{""parameters"":{""operatorValue"":""OR""},""statements"":[{""parameters"":{""name"":""ifc.ootb.CDR.msisdn"",""operator"":""equals"",""value"":""0543037210""},""type"":""filter""},{""parameters"":{""name"":""ifc.ootb.CDR.msisdn2"",""operator"":""equals"",""value"":""0543037210""},""type"":""filter""}],""type"":""operator""}]}",0.6326767438385199,wrong_structure_or_value,"{""retrieval_score"": 0.5056103719105111, ""retrieved_row_id"": 481, ""root_probabilities"": {""CDR"": 0.7010970979536016, ""EVisa Request"": 0.026638047540403824, ""Insight"": 0.03190885817708824, ""Investigation"": 0.03773845614069494, ""Person"": 0.04428738178556608, ""Phone"": 0.044987816606328376, ""Report"": 0.026806313571709012, ""Web Activity"": 0.053007465945532156, ""Web Actor"": 0.03352856227907554}}"
636,Show shared posts containing 'sale' published by actors with 10000 followers?,"{""entityType"":""Web Activity"",""statements"":[{""parameters"":{""name"":""ifc.ootb.WebActivity.text"",""operator"":""contains"",""value"":""sale""},""type"":""filter""},{""parameters"":{""relationTargetType"":[""Web Actor""],""relationType"":[""relation_Writer""]},""statements"":[{""parameters"":{""name"":""ifc.ootb.WebActor.numberOfFollowers"",""operator"":""equals"",""value"":10000},""type"":""filter""}],""type"":""relation""}]}","{""entityType"":""Web Activity"",""statements"":[{""parameters"":{""name"":""ifc.ootb.Orbis.hashtags"",""operator"":""contains"",""value"":""sale""},""type"":""filter""},{""parameters"":{""name"":""ifc.ootb.Orbis.platform"",""operator"":""equals"",""value"":""twitter""},""type"":""filter""},{""parameters"":{""relationTargetType"":[""Web Actor""],""relationType"":[""relation_Writer""]},""statements"":[{""parameters"":{""name"":""ifc.ootb.WebActor.numberOfFollowers"",""operator"":""equals"",""value"":""sale""},""type"":""filter""}],""type"":""relation""}]}",0.6614756680778832,wrong_structure_or_value,"{""retrieval_score"": 0.4363852235167953, ""retrieved_row_id"": 176, ""root_probabilities"": {""CDR"": 0.030105566378829676, ""EVisa Request"": 0.013729653616765312, ""Insight"": 0.021730370663764625, ""Investigation"": 0.01540398741145063, ""Person"": 0.02767736808950859, ""Phone"": 0.026604417042992982, ""Report"": 0.02579841160683905, ""Web Activity"": 0.7826782151492381, ""Web Actor"": 0.056272010040611074}}"
642,Show me all SMS messages related to case 'XYZ123' that were sent via smpp protocol from 0543037210 yesterday,"{""entityType"":""CDR"",""statements"":[{""parameters"":{""name"":""ifc.CDR.caseCode"",""operator"":""equals"",""value"":""XYZ123""},""type"":""filter""},{""parameters"":{""name"":""ifc.ootb.CDR.msisdn"",""operator"":""equals"",""value"":""0543037210""},""type"":""filter""},{""parameters"":{""name"":""ifc.ootb.CDR.smsProtocol"",""operator"":""equals"",""value"":""SMPP""},""type"":""filter""},{""parameters"":{""name"":""ifc.ootb.CDR.startTime"",""operator"":""relative"",""value"":{""count"":1,""mode"":""previous"",""time_res"":""day""}},""type"":""filter""},{""parameters"":{""name"":""ifc.ootb.CDR.type"",""operator"":""equals"",""value"":""Text""},""type"":""filter""}]}","{""entityType"":""CDR"",""statements"":[{""parameters"":{""name"":""ifc.ootb.CDR.protocol"",""operator"":""equals"",""value"":""XYZ123""},""type"":""filter""},{""parameters"":{""name"":""ifc.ootb.CDR.type"",""operator"":""equals"",""value"":""Text""},""type"":""filter""},{""parameters"":{""operatorValue"":""OR""},""statements"":[{""parameters"":{""name"":""ifc.ootb.CDR.msisdn"",""operator"":""equals"",""value"":""0543037210""},""type"":""filter""},{""parameters"":{""name"":""ifc.ootb.CDR.msisdn2"",""operator"":""equals"",""value"":""0543037210""},""type"":""filter""}],""type"":""operator""}]}",0.580845635377061,wrong_structure_or_value,"{""retrieval_score"": 0.3941840785992008, ""retrieved_row_id"": 266, ""root_probabilities"": {""CDR"": 0.6813557044112933, ""EVisa Request"": 0.019883124625372863, ""Insight"": 0.04684235634195678, ""Investigation"": 0.0506249211138873, ""Person"": 0.028936606683743215, ""Phone"": 0.037993678935510616, ""Report"": 0.026154778704954564, ""Web Activity"": 0.0709990130705187, ""Web Actor"": 0.03720981611276267}}"
646,Find the phone with imsi 123456789012345,"{""entityType"":""Phone"",""statements"":[{""parameters"":{""name"":""ifc.ootb.Phone.IMSI"",""operator"":""equals"",""value"":""123456789012345""},""type"":""filter""}]}","{""entityType"":""Phone"",""statements"":[{""parameters"":{""name"":""ifc.ootb.Phone.IMEI"",""operator"":""equals"",""value"":""123456789012345""},""type"":""filter""},{""parameters"":{""name"":""ifc.ootb.Phone.IMSI"",""operator"":""equals"",""value"":""123456789012345""},""type"":""filter""}]}",0.5718185402671145,wrong_structure_or_value,"{""retrieval_score"": 0.48683773668625435, ""retrieved_row_id"": 136, ""root_probabilities"": {""CDR"": 0.10387091929942838, ""EVisa Request"": 0.02506044698414329, ""Insight"": 0.03687563053155697, ""Investigation"": 0.03277748018536024, ""Person"": 0.047764880635380556, ""Phone"": 0.6175774345029622, ""Report"": 0.038693588509160506, ""Web Activity"": 0.05133302956072671, ""Web Actor"": 0.04604658979128105}}"
651,Show me all blocked calls made from +16431646 to +972506655668,"{""entityType"":""CDR"",""statements"":[{""parameters"":{""name"":""ifc.ootb.CDR.callStatus"",""operator"":""equals"",""value"":""Blocked""},""type"":""filter""},{""parameters"":{""name"":""ifc.ootb.CDR.msisdn"",""operator"":""equals"",""value"":""+16431646""},""type"":""filter""},{""parameters"":{""name"":""ifc.ootb.CDR.msisdn2"",""operator"":""equals"",""value"":""+972506655668""},""type"":""filter""},{""parameters"":{""name"":""ifc.ootb.CDR.type"",""operator"":""equals"",""value"":""Voice""},""type"":""filter""}]}","{""entityType"":""CDR"",""statements"":[{""parameters"":{""name"":""ifc.ootb.CDR.msisdn"",""operator"":""equals"",""value"":""+16431646""},""type"":""filter""},{""parameters"":{""name"":""ifc.ootb.CDR.msisdn2"",""operator"":""equals"",""value"":""+972506655668""},""type"":""filter""},{""parameters"":{""name"":""ifc.ootb.CDR.smsText"",""operator"":""contains"",""value"":""account number""},""type"":""filter""},{""parameters"":{""name"":""ifc.ootb.CDR.startTime"",""operator"":""relative"",""value"":{""count"":24,""mode"":""previous"",""time_res"":""hour""}},""type"":""filter""},{""parameters"":{""name"":""ifc.ootb.CDR.type"",""operator"":""equals"",""value"":""Text""},""type"":""filter""}]}",0.6534541525029194,wrong_structure_or_value,"{""retrieval_score"": 0.46593666877853973, ""retrieved_row_id"": 728, ""root_probabilities"": {""CDR"": 0.7544251052775853, ""EVisa Request"": 0.019969533146923506, ""Insight"": 0.030331418701619064, ""Investigation"": 0.02591379539816317, ""Person"": 0.03284171482812191, ""Phone"": 0.03364225006568637, ""Report"": 0.022044377329160033, ""Web Activity"": 0.053460529421720186, ""Web Actor"": 0.027371275831020427}}"
656,List all web-based communications from IP address 192.168.1.100 to 172.16.0.1 on 10 March 2024,"{""entityType"":""CDR"",""statements"":[{""parameters"":{""name"":""ifc.ootb.CDR.ipAddress"",""operator"":""equals"",""value"":""192.168.1.100""},""type"":""filter""},{""parameters"":{""name"":""ifc.ootb.CDR.ipAddress2"",""operator"":""equals"",""value"":""172.16.0.1""},""type"":""filter""},{""parameters"":{""name"":""ifc.ootb.CDR.startTime"",""operator"":""is"",""value"":""2024-03-10""},""type"":""filter""},{""parameters"":{""name"":""ifc.ootb.CDR.type"",""operator"":""equals"",""value"":""Web""},""type"":""filter""}]}","{""entityType"":""CDR"",""statements"":[{""parameters"":{""name"":""ifc.ootb.CDR.ipAddress"",""operator"":""equals"",""value"":""192.168.1.100""},""type"":""filter""},{""parameters"":{""name"":""ifc.ootb.CDR.startTime"",""operator"":""relative"",""value"":""2024-03-10""},""type"":""filter""}]}",0.4932676105760939,wrong_structure_or_value,"{""retrieval_score"": 0.46900318000657854, ""retrieved_row_id"": 311, ""root_probabilities"": {""CDR"": 0.5063330731904483, ""EVisa Request"": 0.03510099064868841, ""Insight"": 0.048029750477715925, ""Investigation"": 0.056838975403294266, ""Person"": 0.04509334551041304, ""Phone"": 0.04942807823202888, ""Report"": 0.04584708873477584, ""Web Activity"": 0.15332664625288625, ""Web Actor"": 0.06000205154974913}}"
