row_id,question,gold_json,predicted_json,confidence,error_category,diagnostics
14,Find all posts containing external urls shared by profiles with a positive sentiment score,"{""entityType"":""Web Activity"",""statements"":[{""parameters"":{""name"":""ifc.ootb.Orbis.url"",""operator"":""is_not_empty"",""value"":""""},""type"":""filter""},{""parameters"":{""relationTargetType"":[""Web Actor""],""relationType"":[""relation_Writer""]},""statements"":[{""parameters"":{""name"":""ifc.ootb.WebActor.sentimentScore"",""operator"":""is_not_empty"",""value"":""""},""type"":""filter""},{""parameters"":{""name"":""ifc.ootb.WebActor.sentiment"",""operator"":""equals"",""value"":""Positive""},""type"":""filter""}],""type"":""relation""}]}","{""entityType"":""Web Activity"",""statements"":[{""parameters"":{""name"":""ifc.ootb.Orbis.publishDate"",""operator"":""relative"",""value"":{""count"":3,""mode"":""previous"",""time_res"":""month""}},""type"":""filter""},{""parameters"":{""name"":""ifc.ootb.WebActivity.sentiment"",""operator"":""equals"",""value"":""Positive""},""type"":""filter""}]}",0.5772025604410532,wrong_structure_or_value,"{""component_decoder"": ""shared_model"", ""hierarchy_score"": 1.503188336483, ""retrieval_score"": 0.2705486530079048, ""retrieved_row_id"": 456, ""root_probabilities"": {""CDR"": 0.028429824248952632, ""EVisa Request"": 0.014939322144084256, ""Insight"": 0.018193985384785612, ""Investigation"": 0.014308101864409917, ""Person"": 0.025138349712636923, ""Phone"": 0.027718439440016455, ""Report"": 0.02081042659514804, ""Web Activity"": 0.7423238952127484, ""Web Actor"": 0.10813765539721779}}"
33,Show me all posts from Reddit that mention a phone number and an email address.,"{""entityType"":""Web Activity"",""statements"":[{""parameters"":{""name"":""ifc.ootb.Orbis.email"",""operator"":""is_not_empty"",""value"":""""},""type"":""filter""},{""parameters"":{""name"":""ifc.ootb.Orbis.phone"",""operator"":""is_not_empty"",""value"":""""},""type"":""filter""},{""parameters"":{""name"":""ifc.ootb.Orbis.platform"",""operator"":""equals"",""value"":""reddit""},""type"":""filter""}]}","{""entityType"":""Web Activity"",""statements"":[{""parameters"":{""name"":""ifc.ootb.Orbis.email"",""operator"":""is_not_empty"",""value"":""""},""type"":""filter""},{""parameters"":{""name"":""ifc.ootb.Orbis.platform"",""operator"":""equals"",""value"":""reddit""},""type"":""filter""}]}",0.658426223955364,wrong_structure_or_value,"{""component_decoder"": ""shared_model"", ""hierarchy_score"": 1.55145484707, ""retrieval_score"": 0.5934929165728522, ""retrieved_row_id"": 678, ""root_probabilities"": {""CDR"": 0.07554569814386135, ""EVisa Request"": 0.018032527559134637, ""Insight"": 0.031507316452148326, ""Investigation"": 0.023783074117087105, ""Person"": 0.03993540246270751, ""Phone"": 0.05659545710673248, ""Report"": 0.026961028600313505, ""Web Activity"": 0.6933903125459472, ""Web Actor"": 0.034249183012068064}}"
34,Find profiles that were created on either March 1st or March 15th 2024 and have a sentiment of 'Positive' or 'Negative',"{""entityType"":""Web Actor"",""statements"":[{""parameters"":{""operatorValue"":""OR""},""statements"":[{""parameters"":{""name"":""ifc.ootb.Orbis.publishDate"",""operator"":""is"",""value"":""2024-03-01""},""type"":""filter""},{""parameters"":{""name"":""ifc.ootb.Orbis.publishDate"",""operator"":""is"",""value"":""2024-03-15""},""type"":""filter""}],""type"":""operator""},{""parameters"":{""operatorValue"":""OR""},""statements"":[{""parameters"":{""name"":""ifc.ootb.WebActor.sentiment"",""operator"":""equals"",""value"":""Positive""},""type"":""filter""},{""parameters"":{""name"":""ifc.ootb.WebActor.sentiment"",""operator"":""equals"",""value"":""Negative""},""type"":""filter""}],""type"":""operator""}]}","{""entityType"":""Web Actor"",""statements"":[{""parameters"":{""name"":""ifc.ootb.WebActor.sentiment"",""operator"":""equals"",""value"":""Negative""},""type"":""filter""},{""parameters"":{""operatorValue"":""OR""},""statements"":[{""parameters"":{""name"":""ifc.ootb.Orbis.publishDate"",""operator"":""is"",""value"":""Negative""},""type"":""filter""},{""parameters"":{""name"":""ifc.ootb.Orbis.publishDate"",""operator"":""is"",""value"":""Negative""},""type"":""filter""}],""type"":""operator""},{""parameters"":{""operatorValue"":""OR""},""statements"":[{""parameters"":{""name"":""ifc.ootb.WebActor.sentiment"",""operator"":""equals"",""value"":""Positive""},""type"":""filter""},{""parameters"":{""name"":""ifc.ootb.WebActor.sentiment"",""operator"":""equals"",""value"":""Positive""},""type"":""filter""}],""type"":""operator""}]}",0.54370110980895,wrong_structure_or_value,"{""component_decoder"": ""shared_model"", ""hierarchy_score"": 1.434305038509, ""retrieval_score"": 0.5755697849696704, ""retrieved_row_id"": 574, ""root_probabilities"": {""CDR"": 0.058598889160434646, ""EVisa Request"": 0.02109767764350106, ""Insight"": 0.04528352622172335, ""Investigation"": 0.0642699582061192, ""Person"": 0.03560408677282343, ""Phone"": 0.05672664813331488, ""Report"": 0.05567479332990815, ""Web Activity"": 0.13620336657899776, ""Web Actor"": 0.5265410539531775}}"
36,Show me all individuals with the last name 'Davis' born between 1 June 1995 and 1 June 2005,"{""entityType"":""Person"",""statements"":[{""parameters"":{""name"":""ifc.Person.birthDate"",""operator"":""between"",""value"":[""1995-06-01"",""2005-06-01""]},""type"":""filter""},{""parameters"":{""name"":""ifc.Person.lastName"",""operator"":""equals"",""value"":""Davis""},""type"":""filter""}]}","{""entityType"":""Person"",""statements"":[{""parameters"":{""name"":""ifc.Person.firstName"",""operator"":""equals"",""value"":""John""},""type"":""filter""},{""parameters"":{""name"":""ifc.Person.lastName"",""operator"":""equals"",""value"":""Davis""},""type"":""filter""}]}",0.6102633931085302,wrong_structure_or_value,"{""component_decoder"": ""shared_model"", ""hierarchy_score"": 1.452786013176, ""retrieval_score"": 0.40277494315779816, ""retrieved_row_id"": 38, ""root_probabilities"": {""CDR"": 0.04604558775347761, ""EVisa Request"": 0.022516873346523587, ""Insight"": 0.024035442658200953, ""Investigation"": 0.03301641291614215, ""Person"": 0.7219879430820012, ""Phone"": 0.039115218767904414, ""Report"": 0.02454827170306023, ""Web Activity"": 0.04839570779022908, ""Web Actor"": 0.04033854198246075}}"
65,"Find all posts published on TikTok in the past 30 days with more than 10,000 likes.","{""entityType"":""Web Activity"",""statements"":[{""parameters"":{""name"":""ifc.ootb.Orbis.platform"",""operator"":""equals"",""value"":""tiktok""},""type"":""filter""},{""parameters"":{""name"":""ifc.ootb.Orbis.publishDate"",""operator"":""relative"",""value"":{""count"":30,""mode"":""previous"",""time_res"":""day""}},""type"":""filter""},{""parameters"":{""name"":""ifc.ootb.WebActivity.numberOfLikes"",""operator"":""greater"",""value"":10000},""type"":""filter""}]}","{""entityType"":""Web Activity"",""statements"":[{""parameters"":{""name"":""ifc.ootb.Orbis.platform"",""operator"":""equals"",""value"":""tiktok""},""type"":""filter""},{""parameters"":{""name"":""ifc.ootb.Orbis.publishDate"",""operator"":""greater"",""value"":{""count"":1,""mode"":""previous"",""time_res"":""month""}},""type"":""filter""},{""parameters"":{""name"":""ifc.ootb.WebActivity.numberOfLikes"",""operator"":""greater"",""value"":10000},""type"":""filter""}]}",0.5284771926847412,wrong_structure_or_value,"{""component_decoder"": ""shared_model"", ""hierarchy_score"": 1.515763348311, ""retrieval_score"": 0.33046353720167604, ""retrieved_row_id"": 471, ""root_probabilities"": {""CDR"": 0.0676926149985332, ""EVisa Request"": 0.028440204379860376, ""Insight"": 0.031126131947181536, ""Investigation"": 0.04145286907143627, ""Person"": 0.0418155123733546, ""Phone"": 0.06631990968324572, ""Report"": 0.03384250635870395, ""Web Activity"": 0.6350999302525456, ""Web Actor"": 0.05421032093513872}}"
81,emails of info@company.co.il,"{""entityType"":""CDR"",""statements"":[{""parameters"":{""name"":""ifc.ootb.CDR.type"",""operator"":""equals"",""value"":""Email""},""type"":""filter""},{""parameters"":{""operatorValue"":""OR""},""statements"":[{""parameters"":{""name"":""ifc.ootb.CDR.originatorEmailAddress"",""operator"":""equals"",""value"":""info@company.co.il""},""type"":""filter""},{""parameters"":{""name"":""ifc.ootb.CDR.destinationEmailAddress"",""operator"":""equals"",""value"":""info@company.co.il""},""type"":""filter""}],""type"":""operator""}]}","{""entityType"":""CDR"",""statements"":[{""parameters"":{""name"":""ifc.ootb.CDR.createDateTime"",""operator"":""between"",""value"":""info@company.co.il""},""type"":""filter""},{""parameters"":{""name"":""ifc.ootb.CDR.type"",""operator"":""equals"",""value"":""Email""},""type"":""filter""},{""parameters"":{""operatorValue"":""OR""},""statements"":[{""parameters"":{""name"":""ifc.ootb.CDR.originatorEmailAddress"",""operator"":""equals"",""value"":""info@company.co.il""},""type"":""filter""},{""parameters"":{""name"":""ifc.ootb.CDR.originatorEmailAddress"",""operator"":""equals"",""value"":""info@company.co.il""},""type"":""filter""}],""type"":""operator""}]}",0.5825426095823549,wrong_structure_or_value,"{""component_decoder"": ""shared_model"", ""hierarchy_score"": 1.87826654035, ""retrieval_score"": 0.6028443569516061, ""retrieved_row_id"": 67, ""root_probabilities"": {""CDR"": 0.5716108994604504, ""EVisa Request"": 0.03454943200238345, ""Insight"": 0.05051998396862479, ""Investigation"": 0.047649229153450864, ""Person"": 0.0503762898842935, ""Phone"": 0.06315669571949577, ""Report"": 0.05181807642506728, ""Web Activity"": 0.06371589134597556, ""Web Actor"": 0.0666035020402585}}"
90,List web posts published yesterday containing the words 'protest' or 'rally' in the text,"{""entityType"":""Web Activity"",""statements"":[{""parameters"":{""name"":""ifc.ootb.Orbis.publishDate"",""operator"":""relative"",""value"":{""count"":1,""mode"":""previous"",""time_res"":""day""}},""type"":""filter""},{""parameters"":{""operatorValue"":""OR""},""statements"":[{""parameters"":{""name"":""ifc.ootb.WebActivity.text"",""operator"":""contains"",""value"":""protest""},""type"":""filter""},{""parameters"":{""name"":""ifc.ootb.WebActivity.text"",""operator"":""contains"",""value"":""rally""},""type"":""filter""}],""type"":""operator""}]}","{""entityType"":""Web Activity"",""statements"":[{""parameters"":{""name"":""ifc.ootb.Orbis.publishDate"",""operator"":""relative"",""value"":""rally""},""type"":""filter""},{""parameters"":{""name"":""ifc.ootb.WebActivity.numberActivities"",""operator"":""equals"",""value"":""rally""},""type"":""filter""},{""parameters"":{""name"":""ifc.ootb.WebActivity.text"",""operator"":""contains"",""value"":""rally""},""type"":""filter""}]}",0.4882672717386223,wrong_structure_or_value,"{""component_decoder"": ""shared_model"", ""hierarchy_score"": 1.101779942576, ""retrieval_score"": 0.32169874240643787, ""retrieved_row_id"": 126, ""root_probabilities"": {""CDR"": 0.07219115639822946, ""EVisa Request"": 0.02515030272620343, ""Insight"": 0.08544994232926441, ""Investigation"": 0.03543825449730058, ""Person"": 0.03151481811028265, ""Phone"": 0.03682343621242739, ""Report"": 0.08455722862029545, ""Web Activity"": 0.5779580183021061, ""Web Actor"": 0.0509168428038904}}"
91,What LinkedIn accounts were updated in the past week?,"{""entityType"":""Web Actor"",""statements"":[{""parameters"":{""name"":""ifc.ootb.Orbis.collectDate"",""operator"":""relative"",""value"":{""count"":1,""mode"":""previous"",""time_res"":""week""}},""type"":""filter""},{""parameters"":{""name"":""ifc.ootb.Orbis.platform"",""operator"":""equals"",""value"":""linkedin""},""type"":""filter""}]}","{""entityType"":""Web Actor"",""statements"":[{""parameters"":{""name"":""ifc.ootb.Orbis.platform"",""operator"":""equals"",""value"":""linkedin""},""type"":""filter""},{""parameters"":{""name"":""ifc.ootb.Orbis.publishDate"",""operator"":""relative"",""value"":{""count"":1,""mode"":""previous"",""time_res"":""week""}},""type"":""filter""},{""parameters"":{""name"":""ifc.ootb.WebActor.jobCompanyName"",""operator"":""contains"",""value"":""Google""},""type"":""filter""}]}",0.3459035267714162,wrong_structure_or_value,"{""component_decoder"": ""shared_model"", ""hierarchy_score"": 1.002532422446, ""retrieval_score"": 0.30065682349850426, ""retrieved_row_id"": 235, ""root_probabilities"": {""CDR"": 0.1219173160575554, ""EVisa Request"": 0.028869913132426175, ""Insight"": 0.07294593427769376, ""Investigation"": 0.06235504480489128, ""Person"": 0.02906339025351283, ""Phone"": 0.06726106757446575, ""Report"": 0.12912025673557137, ""Web Activity"": 0.11819994093782238, ""Web Actor"": 0.3702671362260611}}"
92,Show me all web activities from 2022 posted by actors with 100 pages liked.,"{""entityType"":""Web Activity"",""statements"":[{""parameters"":{""name"":""ifc.ootb.Orbis.publishDate"",""operator"":""between"",""value"":[""2022-01-01"",""2022-12-31""]},""type"":""filter""},{""parameters"":{""relationTargetType"":[""Web Actor""],""relationType"":[""relation_Writer""]},""statements"":[{""parameters"":{""name"":""ifc.ootb.WebActor.numberPagesLiked"",""operator"":""equals"",""value"":100},""type"":""filter""}],""type"":""relation""}]}","{""entityType"":""Web Activity"",""statements"":[{""parameters"":{""name"":""ifc.ootb.Orbis.publishDate"",""operator"":""between"",""value"":[""2021-01-01"",""2021-12-31""]},""type"":""filter""},{""parameters"":{""relationTargetType"":[""Web Actor""],""relationType"":[""relation_Writer""]},""statements"":[{""parameters"":{""name"":""ifc.ootb.WebActor.numberActivities"",""operator"":""equals"",""value"":100},""type"":""filter""}],""type"":""relation""}]}",0.7295937733071084,wrong_structure_or_value,"{""component_decoder"": ""shared_model"", ""hierarchy_score"": 1.378428990054, ""retrieval_score"": 0.5610300392509807, ""retrieved_row_id"": 231, ""root_probabilities"": {""CDR"": 0.03757372922230857, ""EVisa Request"": 0.010993048381605827, ""Insight"": 0.013709680155141889, ""Investigation"": 0.012536206904916362, ""Person"": 0.018737397313854445, ""Phone"": 0.021638106454175552, ""Report"": 0.011344908019112226, ""Web Activity"": 0.8203588608757925, ""Web Actor"": 0.05310806267309266}}"
93,Find web actors with the email address jdoe@company.com.,"{""entityType"":""Web Actor"",""statements"":[{""parameters"":{""name"":""ifc.ootb.WebActor.leadingEmail"",""operator"":""equals"",""value"":""jdoe@company.com""},""type"":""filter""}]}","{""entityType"":""CDR"",""statements"":[{""parameters"":{""name"":""ifc.ootb.CDR.type"",""operator"":""equals"",""value"":""Email""},""type"":""filter""},{""parameters"":{""operatorValue"":""OR""},""statements"":[{""parameters"":{""name"":""ifc.ootb.CDR.originatorEmailAddress"",""operator"":""equals"",""value"":""jdoe@company.com""},""type"":""filter""},{""parameters"":{""name"":""ifc.ootb.CDR.destinationEmailAddress"",""operator"":""equals"",""value"":""jdoe@company.com""},""type"":""filter""},{""parameters"":{""name"":""ifc.ootb.CDR.originatorEmailAddress"",""operator"":""equals"",""value"":""jdoe@company.com""},""type"":""filter""},{""parameters"":{""name"":""ifc.ootb.CDR.destinationEmailAddress"",""operator"":""equals"",""value"":""jdoe@company.com""},""type"":""filter""}],""type"":""operator""}]}",0.22453606811205779,wrong_root,"{""component_decoder"": ""shared_model"", ""hierarchy_score"": 1.160643801698, ""retrieval_score"": 0.18229081971833622, ""retrieved_row_id"": 366, ""root_probabilities"": {""CDR"": 0.24728350955483094, ""EVisa Request"": 0.034249335676562444, ""Insight"": 0.047534791687532725, ""Investigation"": 0.04552600143235622, ""Person"": 0.07184165585610167, ""Phone"": 0.06701062655760319, ""Report"": 0.06921006380847339, ""Web Activity"": 0.1912268918475953, ""Web Actor"": 0.22611712357894406}}"
97,Show me posts published on either Facebook or Twitter mentioning cryptocurrency,"{""entityType"":""Web Activity"",""statements"":[{""parameters"":{""name"":""ifc.ootb.WebActivity.text"",""operator"":""contains"",""value"":""cryptocurrency""},""type"":""filter""},{""parameters"":{""operatorValue"":""OR""},""statements"":[{""parameters"":{""name"":""ifc.ootb.Orbis.platform"",""operator"":""equals"",""value"":""facebook""},""type"":""filter""},{""parameters"":{""name"":""ifc.ootb.Orbis.platform"",""operator"":""equals"",""value"":""twitter""},""type"":""filter""}],""type"":""operator""}]}","{""entityType"":""Web Activity"",""statements"":[{""parameters"":{""name"":""ifc.ootb.Orbis.nationality"",""operator"":""contains"",""value"":""British""},""type"":""filter""},{""parameters"":{""name"":""ifc.ootb.Orbis.platform"",""operator"":""equals"",""value"":""facebook""},""type"":""filter""},{""parameters"":{""name"":""ifc.ootb.Orbis.publishDate"",""operator"":""is"",""value"":""2024-01-01""},""type"":""filter""}]}",0.3762838086533564,wrong_structure_or_value,"{""component_decoder"": ""shared_model"", ""hierarchy_score"": 1.262820462937, ""retrieval_score"": 0.32717547930196295, ""retrieved_row_id"": 75, ""root_probabilities"": {""CDR"": 0.05970424530230077, ""EVisa Request"": 0.02925809780332218, ""Insight"": 0.05943757720773539, ""Investigation"": 0.04922197355865415, ""Person"": 0.051355463362882, ""Phone"": 0.04543981567438424, ""Report"": 0.04711687608753736, ""Web Activity"": 0.40272675522718365, ""Web Actor"": 0.25573919577600024}}"
108,Find posts mentioning 'bitcoin' that were published by profiles with 500 followers.,"{""entityType"":""Web Activity"",""statements"":[{""parameters"":{""name"":""ifc.ootb.WebActivity.text"",""operator"":""contains"",""value"":""bitcoin""},""type"":""filter""},{""parameters"":{""relationTargetType"":[""Web Actor""],""relationType"":[""relation_Writer""]},""statements"":[{""parameters"":{""name"":""ifc.ootb.WebActor.numberOfFollowers"",""operator"":""equals"",""value"":500},""type"":""filter""}],""type"":""relation""}]}","{""entityType"":""Web Activity"",""statements"":[{""parameters"":{""name"":""ifc.ootb.WebActivity.text"",""operator"":""similar_to"",""value"":""bitcoin""},""type"":""filter""},{""parameters"":{""relationTargetType"":[""Web Actor""],""relationType"":[""relation_Writer""]},""statements"":[{""parameters"":{""name"":""ifc.ootb.WebActor.numberOfFollowers"",""operator"":""contains"",""value"":""bitcoin""},""type"":""filter""}],""type"":""relation""}]}",0.497380039315885,wrong_structure_or_value,"{""component_decoder"": ""shared_model"", ""hierarchy_score"": 1.932228399169, ""retrieval_score"": 0.2982463063897707, ""retrieved_row_id"": 556, ""root_probabilities"": {""CDR"": 0.03366138043318068, ""EVisa Request"": 0.015488795218449482, ""Insight"": 0.026495082907596796, ""Investigation"": 0.024455951029407137, ""Person"": 0.025038262863239798, ""Phone"": 0.03441176439604896, ""Report"": 0.025909595330909245, ""Web Activity"": 0.6046058955068696, ""Web Actor"": 0.20993327231429826}}"
113,Show me posts mentioning 'fashion' that were written by actors who have worked at Nike.,"{""entityType"":""Web Activity"",""statements"":[{""parameters"":{""name"":""ifc.ootb.WebActivity.text"",""operator"":""contains"",""value"":""fashion""},""type"":""filter""},{""parameters"":{""relationTargetType"":[""Web Actor""],""relationType"":[""relation_Writer""]},""statements"":[{""parameters"":{""name"":""ifc.ootb.WebActor.jobCompanyName"",""operator"":""equals"",""value"":""Nike""},""type"":""filter""}],""type"":""relation""}]}","{""entityType"":""Web Activity"",""statements"":[{""parameters"":{""name"":""ifc.ootb.WebActivity.text"",""operator"":""contains"",""value"":""fashion""},""type"":""filter""},{""parameters"":{""relationTargetType"":[""Web Actor""],""relationType"":[""relation_Writer""]},""statements"":[{""parameters"":{""name"":""ifc.ootb.WebActor.jobCompanyName"",""operator"":""contains"",""value"":""fashion""},""type"":""filter""}],""type"":""relation""}]}",0.586100519592897,wrong_structure_or_value,"{""component_decoder"": ""shared_model"", ""hierarchy_score"": 1.897971711635, ""retrieval_score"": 0.2760226180997269, ""retrieved_row_id"": 143, ""root_probabilities"": {""CDR"": 0.028398362476904578, ""EVisa Request"": 0.017329948016484492, ""Insight"": 0.02783205061073862, ""Investigation"": 0.022237763536938685, ""Person"": 0.017030388614853034, ""Phone"": 0.03177418626785269, ""Report"": 0.020845853841665353, ""Web Activity"": 0.7530655434738347, ""Web Actor"": 0.08148590316072793}}"
120,Show me all webint data containing the word 'vacation' posted by profiles who lives in New York,"{""entityType"":""Web Activity"",""statements"":[{""parameters"":{""name"":""ifc.ootb.WebActivity.text"",""operator"":""contains"",""value"":""vacation""},""type"":""filter""},{""parameters"":{""relationTargetType"":[""Web Actor""],""relationType"":[""relation_Writer""]},""statements"":[{""parameters"":{""name"":""ifc.ootb.WebActor.about"",""operator"":""contains"",""value"":""New York""},""type"":""filter""}],""type"":""relation""}]}","{""entityType"":""Web Activity"",""statements"":[{""parameters"":{""operatorValue"":""OR""},""statements"":[{""parameters"":{""name"":""ifc.ootb.WebActivity.text"",""operator"":""contains"",""value"":""vacation""},""type"":""filter""},{""parameters"":{""name"":""ifc.ootb.WebActivity.text"",""operator"":""contains"",""value"":""vacation""},""type"":""filter""}],""type"":""operator""}]}",0.2849199756838189,wrong_structure_or_value,"{""component_decoder"": ""shared_model"", ""hierarchy_score"": 1.047830131283, ""retrieval_score"": 0.1200731879088669, ""retrieved_row_id"": 733, ""root_probabilities"": {""CDR"": 0.09069916681677526, ""EVisa Request"": 0.040299372291349486, ""Insight"": 0.06768598969076976, ""Investigation"": 0.04980305798484267, ""Person"": 0.052361325130473424, ""Phone"": 0.05239667934428861, ""Report"": 0.060223818660224075, ""Web Activity"": 0.3736836306395622, ""Web Actor"": 0.21284695944171447}}"
127,Which phones are associated with target names that contain 'terrorist'?,"{""entityType"":""Phone"",""statements"":[{""parameters"":{""name"":""ifc.ootb.Participant.targetName"",""operator"":""contains"",""value"":""terrorist""},""type"":""filter""}]}","{""entityType"":""Phone"",""statements"":[{""parameters"":{""name"":""ifc.ootb.Participant.targetName"",""operator"":""equals"",""value"":""John Smith""},""type"":""filter""}]}",0.451138888919852,wrong_structure_or_value,"{""component_decoder"": ""shared_model"", ""hierarchy_score"": 1.15340025653, ""retrieval_score"": 0.408454320775895, ""retrieved_row_id"": 130, ""root_probabilities"": {""CDR"": 0.11930717807525486, ""EVisa Request"": 0.028060508475075338, ""Insight"": 0.05417737912550779, ""Investigation"": 0.03889292562835308, ""Person"": 0.05955944506445955, ""Phone"": 0.4741228871512135, ""Report"": 0.059718104756716434, ""Web Activity"": 0.07508729277027379, ""Web Actor"": 0.0910742789531457}}"
140,List all people with the last name beginning with 'M',"{""entityType"":""Person"",""statements"":[{""parameters"":{""name"":""ifc.Person.lastName"",""operator"":""begins_with"",""value"":""M""},""type"":""filter""}]}","{""entityType"":""Person"",""statements"":[{""parameters"":{""name"":""ifc.Person.firstName"",""operator"":""equals"",""value"":""M""},""type"":""filter""},{""parameters"":{""name"":""ifc.Person.lastName"",""operator"":""begins_with"",""value"":""D""},""type"":""filter""}]}",0.6313638394028789,wrong_structure_or_value,"{""component_decoder"": ""shared_model"", ""hierarchy_score"": 1.59375854473, ""retrieval_score"": 0.5044304667693343, ""retrieved_row_id"": 111, ""root_probabilities"": {""CDR"": 0.047755394855305236, ""EVisa Request"": 0.029056962416618076, ""Insight"": 0.025229129292625326, ""Investigation"": 0.025371578165056353, ""Person"": 0.6997125785132491, ""Phone"": 0.05588604819603909, ""Report"": 0.026934875937949264, ""Web Activity"": 0.04465902091422747, ""Web Actor"": 0.045394411708930035}}"
144,List all TikTok videos posted last week that have the word 'drugs' in the title,"{""entityType"":""Web Activity"",""statements"":[{""parameters"":{""name"":""ifc.ootb.Orbis.platform"",""operator"":""equals"",""value"":""tiktok""},""type"":""filter""},{""parameters"":{""name"":""ifc.ootb.Orbis.publishDate"",""operator"":""relative"",""value"":{""count"":1,""mode"":""previous"",""time_res"":""week""}},""type"":""filter""},{""parameters"":{""name"":""ifc.ootb.WebActivity.title"",""operator"":""contains"",""value"":""drugs""},""type"":""filter""}]}","{""entityType"":""Web Activity"",""statements"":[{""parameters"":{""name"":""ifc.ootb.Orbis.ipAddress"",""operator"":""equals"",""value"":""10.0.0.1""},""type"":""filter""},{""parameters"":{""name"":""ifc.ootb.Orbis.platform"",""operator"":""equals"",""value"":""tiktok""},""type"":""filter""},{""parameters"":{""name"":""ifc.ootb.Orbis.publishDate"",""operator"":""relative"",""value"":{""count"":1,""mode"":""previous"",""time_res"":""week""}},""type"":""filter""},{""parameters"":{""name"":""ifc.ootb.WebActivity.title"",""operator"":""relative"",""value"":{""count"":1,""mode"":""previous"",""time_res"":""week""}},""type"":""filter""}]}",0.4602357873088704,wrong_structure_or_value,"{""component_decoder"": ""shared_model"", ""hierarchy_score"": 1.498172628461, ""retrieval_score"": 0.4860633478718917, ""retrieved_row_id"": 563, ""root_probabilities"": {""CDR"": 0.07903805063193738, ""EVisa Request"": 0.03898509822638808, ""Insight"": 0.04730155686303682, ""Investigation"": 0.04757398638619047, ""Person"": 0.041259941740179294, ""Phone"": 0.07087787475941457, ""Report"": 0.05051759337168529, ""Web Activity"": 0.44632863931339734, ""Web Actor"": 0.17811725870777068}}"
146,What calls were made using 5G technology by the device with IMEI 490154203237518 yesterday?,"{""entityType"":""CDR"",""statements"":[{""parameters"":{""name"":""ifc.ootb.CDR.imei"",""operator"":""equals"",""value"":""490154203237518""},""type"":""filter""},{""parameters"":{""name"":""ifc.ootb.CDR.startTime"",""operator"":""relative"",""value"":{""count"":1,""mode"":""previous"",""time_res"":""day""}},""type"":""filter""},{""parameters"":{""name"":""ifc.ootb.CDR.technology"",""operator"":""equals"",""value"":""5G""},""type"":""filter""},{""parameters"":{""name"":""ifc.ootb.CDR.type"",""operator"":""equals"",""value"":""Voice""},""type"":""filter""}]}","{""entityType"":""CDR"",""statements"":[{""parameters"":{""name"":""ifc.ootb.CDR.imei"",""operator"":""equals"",""value"":""490154203237518""},""type"":""filter""},{""parameters"":{""name"":""ifc.ootb.CDR.technology"",""operator"":""equals"",""value"":""5G""},""type"":""filter""},{""parameters"":{""name"":""ifc.ootb.CDR.technology"",""operator"":""equals"",""value"":""by the device with IMEI""},""type"":""filter""},{""parameters"":{""name"":""ifc.ootb.CDR.type"",""operator"":""equals"",""value"":""Voice""},""type"":""filter""}]}",0.5180122356077022,wrong_structure_or_value,"{""component_decoder"": ""shared_model"", ""hierarchy_score"": 1.920089409179, ""retrieval_score"": 0.34343822002870733, ""retrieved_row_id"": 0, ""root_probabilities"": {""CDR"": 0.6120136286117762, ""EVisa Request"": 0.02583126171412836, ""Insight"": 0.043868361222483214, ""Investigation"": 0.03789687056793082, ""Person"": 0.038684617416849476, ""Phone"": 0.08508422452528683, ""Report"": 0.04021823600623729, ""Web Activity"": 0.06878084157500641, ""Web Actor"": 0.04762195836030127}}"
154,List reports updated yesterday or the day before,"{""entityType"":""Report"",""statements"":[{""parameters"":{""operatorValue"":""OR""},""statements"":[{""parameters"":{""name"":""ifc.core.updatetime"",""operator"":""relative"",""value"":{""count"":1,""mode"":""previous"",""time_res"":""day""}},""type"":""filter""},{""parameters"":{""name"":""ifc.core.updatetime"",""operator"":""relative"",""value"":{""count"":2,""mode"":""previous"",""time_res"":""day""}},""type"":""filter""}],""type"":""operator""}]}","{""entityType"":""Report"",""statements"":[{""parameters"":{""operatorValue"":""OR""},""statements"":[{""parameters"":{""name"":""ifc.core.updatetime"",""operator"":""before"",""value"":{""count"":1,""mode"":""previous"",""time_res"":""week""}},""type"":""filter""},{""parameters"":{""name"":""ifc.core.updatetime"",""operator"":""before"",""value"":{""count"":2,""mode"":""previous"",""time_res"":""week""}},""type"":""filter""}],""type"":""operator""}]}",0.6825134370413487,wrong_structure_or_value,"{""component_decoder"": ""shared_model"", ""hierarchy_score"": 1.970594821269, ""retrieval_score"": 0.5569952732618575, ""retrieved_row_id"": 355, ""root_probabilities"": {""CDR"": 0.03835741172808303, ""EVisa Request"": 0.02142093415207862, ""Insight"": 0.02813680392656326, ""Investigation"": 0.027909009194784215, ""Person"": 0.031731781074964945, ""Phone"": 0.027952196989030106, ""Report"": 0.7501001406149209, ""Web Activity"": 0.04183488200366003, ""Web Actor"": 0.03255684031591511}}"
158,Find all communications that were intercepted based on the criteria 'suspicious activity'.,"{""entityType"":""CDR"",""statements"":[{""parameters"":{""name"":""ifc.CDR.interceptionCriteria"",""operator"":""contains"",""value"":""suspicious activity""},""type"":""filter""}]}","{""entityType"":""CDR"",""statements"":[{""parameters"":{""name"":""ifc.CDR.interceptionCriteria"",""operator"":""contains"",""value"":""suspicious activity""},""type"":""filter""},{""parameters"":{""name"":""ifc.ootb.CDR.msisdn"",""operator"":""equals"",""value"":""0543037210""},""type"":""filter""},{""parameters"":{""name"":""ifc.ootb.CDR.startTime"",""operator"":""relative"",""value"":""suspicious activity""},""type"":""filter""},{""parameters"":{""name"":""ifc.ootb.CDR.type"",""operator"":""equals"",""value"":""Voice""},""type"":""filter""}]}",0.4527118060255171,wrong_structure_or_value,"{""component_decoder"": ""shared_model"", ""hierarchy_score"": 1.246475057029, ""retrieval_score"": 0.6741955954839642, ""retrieved_row_id"": 726, ""root_probabilities"": {""CDR"": 0.3334513040094301, ""EVisa Request"": 0.039613875158458677, ""Insight"": 0.06315293481718438, ""Investigation"": 0.09550137117257565, ""Person"": 0.05351033388575364, ""Phone"": 0.15397474489536944, ""Report"": 0.0762537887275696, ""Web Activity"": 0.11644789860090315, ""Web Actor"": 0.06809374873275532}}"
164,Identify individuals with either 'john' or 'jane' as their first name who have more than 500 followers,"{""entityType"":""Web Actor"",""statements"":[{""parameters"":{""name"":""ifc.ootb.WebActor.numberOfFollowers"",""operator"":""greater"",""value"":500},""type"":""filter""},{""parameters"":{""operatorValue"":""OR""},""statements"":[{""parameters"":{""name"":""ifc.ootb.WebActor.firstName"",""operator"":""equals"",""value"":""john""},""type"":""filter""},{""parameters"":{""name"":""ifc.ootb.WebActor.firstName"",""operator"":""equals"",""value"":""jane""},""type"":""filter""}],""type"":""operator""}]}","{""entityType"":""Person"",""statements"":[{""parameters"":{""operatorValue"":""OR""},""statements"":[{""parameters"":{""name"":""ifc.Person.occupation"",""operator"":""equals"",""value"":""doctor""},""type"":""filter""},{""parameters"":{""name"":""ifc.Person.occupation"",""operator"":""equals"",""value"":""lawyer""},""type"":""filter""}],""type"":""operator""}]}",0.3521048750115302,wrong_root,"{""component_decoder"": ""shared_model"", ""hierarchy_score"": 0.854457453103, ""retrieval_score"": 0.35022366638325453, ""retrieved_row_id"": 227, ""root_probabilities"": {""CDR"": 0.04567367608193726, ""EVisa Request"": 0.03625648727459215, ""Insight"": 0.03671652400685073, ""Investigation"": 0.03530365141460611, ""Person"": 0.3531178335036786, ""Phone"": 0.08054364878801615, ""Report"": 0.03510917709823509, ""Web Activity"": 0.09049921499758114, ""Web Actor"": 0.2867797868345028}}"
166,What FB posts were made by profiles who attended Harvard University,"{""entityType"":""Web Activity"",""statements"":[{""parameters"":{""name"":""ifc.ootb.Orbis.platform"",""operator"":""equals"",""value"":""facebook""},""type"":""filter""},{""parameters"":{""relationTargetType"":[""Web Actor""],""relationType"":[""relation_Writer""]},""statements"":[{""parameters"":{""name"":""ifc.ootb.WebActor.educationalInstitution"",""operator"":""contains"",""value"":""Harvard University""},""type"":""filter""}],""type"":""relation""}]}","{""entityType"":""Web Activity"",""statements"":[{""parameters"":{""name"":""ifc.ootb.WebActivity.text"",""operator"":""similar_to"",""value"":""politics""},""type"":""filter""},{""parameters"":{""relationTargetType"":[""Web Actor""],""relationType"":[""relation_Writer""]},""statements"":[{""parameters"":{""name"":""ifc.ootb.WebActor.educationalInstitution"",""operator"":""contains"",""value"":""Harvard University""},""type"":""filter""}],""type"":""relation""}]}",0.43225773625226527,wrong_structure_or_value,"{""component_decoder"": ""shared_model"", ""hierarchy_score"": 1.843771970207, ""retrieval_score"": 0.3662716659901261, ""retrieved_row_id"": 458, ""root_probabilities"": {""CDR"": 0.09020626714037981, ""EVisa Request"": 0.03132864533529606, ""Insight"": 0.03291242722453079, ""Investigation"": 0.03184534799093555, ""Person"": 0.029615987211737336, ""Phone"": 0.04302318898295194, ""Report"": 0.03357275370228527, ""Web Activity"": 0.4677886971626479, ""Web Actor"": 0.23970668524923525}}"
167,Find investigations that either contain the word 'terrorism' in the description or have a medium priority,"{""entityType"":""Investigation"",""statements"":[{""parameters"":{""operatorValue"":""OR""},""statements"":[{""parameters"":{""name"":""ifc.core.description"",""operator"":""contains"",""value"":""terrorism""},""type"":""filter""},{""parameters"":{""name"":""ifc.core.priority"",""operator"":""equals"",""value"":""Medium""},""type"":""filter""}],""type"":""operator""}]}","{""entityType"":""Investigation"",""statements"":[{""parameters"":{""name"":""ifc.core.description"",""operator"":""contains"",""value"":""terrorism""},""type"":""filter""},{""parameters"":{""name"":""ifc.core.priority"",""operator"":""contains"",""value"":""terrorism""},""type"":""filter""}]}",0.6204480405880557,wrong_structure_or_value,"{""component_decoder"": ""shared_model"", ""hierarchy_score"": 1.549745628856, ""retrieval_score"": 0.39772440824513233, ""retrieved_row_id"": 380, ""root_probabilities"": {""CDR"": 0.029260965964800375, ""EVisa Request"": 0.018037220499569073, ""Insight"": 0.025130888953695613, ""Investigation"": 0.7403761503111683, ""Person"": 0.02241017732633229, ""Phone"": 0.02647417087085611, ""Report"": 0.035669239721350506, ""Web Activity"": 0.038572989279583934, ""Web Actor"": 0.06406819707264384}}"
168,Find all comments made by female born after 1990.,"{""entityType"":""Web Activity"",""statements"":[{""parameters"":{""relationTargetType"":[""Web Actor""],""relationType"":[""relation_Writer""]},""statements"":[{""parameters"":{""name"":""ifc.ootb.WebActor.gender"",""operator"":""equals"",""value"":""Female""},""type"":""filter""},{""parameters"":{""name"":""ifc.ootb.WebActor.birthDate"",""operator"":""after"",""value"":""1990-01-01""},""type"":""filter""}],""type"":""relation""}]}","{""entityType"":""Person"",""statements"":[{""parameters"":{""name"":""ifc.Person.birthDate"",""operator"":""after"",""value"":""1990-03-01""},""type"":""filter""},{""parameters"":{""name"":""ifc.Person.gender"",""operator"":""equals"",""value"":""Female""},""type"":""filter""}]}",0.29558147393497797,wrong_root,"{""component_decoder"": ""shared_model"", ""hierarchy_score"": 1.368608861432, ""retrieval_score"": 0.31823956435357414, ""retrieved_row_id"": 223, ""root_probabilities"": {""CDR"": 0.15040935882051093, ""EVisa Request"": 0.04736957408961178, ""Insight"": 0.04252501522938003, ""Investigation"": 0.04456159982474639, ""Person"": 0.28338096370958005, ""Phone"": 0.05807818364617571, ""Report"": 0.048155779360172554, ""Web Activity"": 0.19009506200583923, ""Web Actor"": 0.13542446331398333}}"
172,Show me profiles from Twitter or Facebook with either a .com or .org homepage URL,"{""entityType"":""Web Actor"",""statements"":[{""parameters"":{""operatorValue"":""OR""},""statements"":[{""parameters"":{""name"":""ifc.ootb.Orbis.platform"",""operator"":""equals"",""value"":""Twitter""},""type"":""filter""},{""parameters"":{""name"":""ifc.ootb.Orbis.platform"",""operator"":""equals"",""value"":""Facebook""},""type"":""filter""}],""type"":""operator""},{""parameters"":{""operatorValue"":""OR""},""statements"":[{""parameters"":{""name"":""ifc.ootb.WebActor.homepage"",""operator"":""contains"",""value"":"".com""},""type"":""filter""},{""parameters"":{""name"":""ifc.ootb.WebActor.homepage"",""operator"":""contains"",""value"":"".org""},""type"":""filter""}],""type"":""operator""}]}","{""entityType"":""Web Actor"",""statements"":[{""parameters"":{""name"":""ifc.ootb.Orbis.platform"",""operator"":""equals"",""value"":""facebook""},""type"":""filter""},{""parameters"":{""name"":""ifc.ootb.Orbis.publishDate"",""operator"":""is"",""value"":""2024-03-01""},""type"":""filter""},{""parameters"":{""name"":""ifc.ootb.WebActor.homepage"",""operator"":""contains"",""value"":""London""},""type"":""filter""}]}",0.5852492969089998,wrong_structure_or_value,"{""component_decoder"": ""shared_model"", ""hierarchy_score"": 1.386022087999, ""retrieval_score"": 0.44333290764097816, ""retrieved_row_id"": 595, ""root_probabilities"": {""CDR"": 0.0804838961476554, ""EVisa Request"": 0.017955366048773413, ""Insight"": 0.03026757923232162, ""Investigation"": 0.026355525889463625, ""Person"": 0.047177317834020904, ""Phone"": 0.03417198831465411, ""Report"": 0.0265945649096107, ""Web Activity"": 0.07532794741633482, ""Web Actor"": 0.6616658142071654}}"
178,Find all emails from ariel042cohen@gmail.com to dani@gmail.com about 'project update' since 1 March 2024,"{""entityType"":""CDR"",""statements"":[{""parameters"":{""name"":""ifc.CDR.emailSubject"",""operator"":""contains"",""value"":""project update""},""type"":""filter""},{""parameters"":{""name"":""ifc.ootb.CDR.destinationEmailAddress"",""operator"":""equals"",""value"":""dani@gmail.com""},""type"":""filter""},{""parameters"":{""name"":""ifc.ootb.CDR.originatorEmailAddress"",""operator"":""equals"",""value"":""ariel042cohen@gmail.com""},""type"":""filter""},{""parameters"":{""name"":""ifc.ootb.CDR.startTime"",""operator"":""after"",""value"":""2024-03-01""},""type"":""filter""},{""parameters"":{""name"":""ifc.ootb.CDR.type"",""operator"":""equals"",""value"":""Email""},""type"":""filter""}]}","{""entityType"":""CDR"",""statements"":[{""parameters"":{""name"":""ifc.CDR.emailSubject"",""operator"":""contains"",""value"":""Project Update""},""type"":""filter""},{""parameters"":{""name"":""ifc.ootb.CDR.destinationEmailAddress"",""operator"":""equals"",""value"":""dani@gmail.com""},""type"":""filter""},{""parameters"":{""name"":""ifc.ootb.CDR.originatorEmailAddress"",""operator"":""equals"",""value"":""ariel042cohen@gmail.com""},""type"":""filter""},{""parameters"":{""name"":""ifc.ootb.CDR.startTime"",""operator"":""relative"",""value"":""2024-03-01""},""type"":""filter""},{""parameters"":{""name"":""ifc.ootb.CDR.type"",""operator"":""equals"",""value"":""Email""},""type"":""filter""}]}",0.6357552491859115,wrong_structure_or_value,"{""component_decoder"": ""shared_model"", ""hierarchy_score"": 1.976030936858, ""retrieval_score"": 0.6385267985100391, ""retrieved_row_id"": 635, ""root_probabilities"": {""CDR"": 0.6342628764729197, ""EVisa Request"": 0.03354122574131676, ""Insight"": 0.04810516015446875, ""Investigation"": 0.03855509776836924, ""Person"": 0.0321984521494454, ""Phone"": 0.0447151044559895, ""Report"": 0.05458919385667678, ""Web Activity"": 0.06944219760973638, ""Web Actor"": 0.04459069179107753}}"
179,Show me all Females with the occupation 'Software Engineer',"{""entityType"":""Person"",""statements"":[{""parameters"":{""name"":""ifc.Person.gender"",""operator"":""equals"",""value"":""Female""},""type"":""filter""},{""parameters"":{""name"":""ifc.Person.occupation"",""operator"":""equals"",""value"":""Software Engineer""},""type"":""filter""}]}","{""entityType"":""Person"",""statements"":[{""parameters"":{""name"":""ifc.Person.birthDate"",""operator"":""before"",""value"":""Software Engineer""},""type"":""filter""},{""parameters"":{""name"":""ifc.Person.occupation"",""operator"":""equals"",""value"":""Software Engineer""},""type"":""filter""},{""parameters"":{""name"":""ifc.Person.occupation"",""operator"":""equals"",""value"":""engineer""},""type"":""filter""}]}",0.5908680462193339,wrong_structure_or_value,"{""component_decoder"": ""shared_model"", ""hierarchy_score"": 1.727804365983, ""retrieval_score"": 0.4133593464634383, ""retrieved_row_id"": 28, ""root_probabilities"": {""CDR"": 0.05293603144550163, ""EVisa Request"": 0.03263142695110872, ""Insight"": 0.03088531229062074, ""Investigation"": 0.03223263367115565, ""Person"": 0.6864496537802007, ""Phone"": 0.0424737312294005, ""Report"": 0.027940012496060446, ""Web Activity"": 0.05236246219330441, ""Web Actor"": 0.04208873594264705}}"
187,Show calls woth duartion of 30 minutes from target phones to numbers starting with '+1'.,"{""entityType"":""CDR"",""statements"":[{""parameters"":{""name"":""ifc.ootb.CDR.duration"",""operator"":""equals"",""value"":1800},""type"":""filter""},{""parameters"":{""name"":""ifc.ootb.CDR.msisdn2"",""operator"":""begins_with"",""value"":""+1""},""type"":""filter""},{""parameters"":{""name"":""ifc.ootb.CDR.type"",""operator"":""equals"",""value"":""Voice""},""type"":""filter""},{""parameters"":{""relationTargetType"":[""Phone""],""relationType"":[""relation_Caller""]},""statements"":[{""parameters"":{""name"":""ifc.ootb.Participant.isTarget"",""operator"":""equals"",""value"":true},""type"":""filter""}],""type"":""relation""}]}","{""entityType"":""CDR"",""statements"":[{""parameters"":{""name"":""ifc.ootb.CDR.msisdn2"",""operator"":""begins_with"",""value"":""052""},""type"":""filter""},{""parameters"":{""name"":""ifc.ootb.CDR.type"",""operator"":""equals"",""value"":""Text""},""type"":""filter""},{""parameters"":{""relationTargetType"":[""Phone""],""relationType"":[""relation_Caller""]},""statements"":[{""parameters"":{""name"":""ifc.ootb.Participant.isTarget"",""operator"":""equals"",""value"":true},""type"":""filter""}],""type"":""relation""}]}",0.6822029377726815,wrong_structure_or_value,"{""component_decoder"": ""shared_model"", ""hierarchy_score"": 1.987870717422, ""retrieval_score"": 0.5804941504568502, ""retrieved_row_id"": 332, ""root_probabilities"": {""CDR"": 0.7369692078658213, ""EVisa Request"": 0.01639867080800156, ""Insight"": 0.02397740536651074, ""Investigation"": 0.025388442527961904, ""Person"": 0.040919784220728214, ""Phone"": 0.07726972965569422, ""Report"": 0.02017126782057093, ""Web Activity"": 0.03200026238882934, ""Web Actor"": 0.026905229345881833}}"
188,List investigations that were either created last month or have a priority of regular or medium,"{""entityType"":""Investigation"",""statements"":[{""parameters"":{""operatorValue"":""OR""},""statements"":[{""parameters"":{""name"":""ifc.core.createtime"",""operator"":""relative"",""value"":{""count"":1,""mode"":""previous"",""time_res"":""month""}},""type"":""filter""},{""parameters"":{""operatorValue"":""OR""},""statements"":[{""parameters"":{""name"":""ifc.core.priority"",""operator"":""equals"",""value"":""Regular""},""type"":""filter""},{""parameters"":{""name"":""ifc.core.priority"",""operator"":""equals"",""value"":""Medium""},""type"":""filter""}],""type"":""operator""}],""type"":""operator""}]}","{""entityType"":""Investigation"",""statements"":[{""parameters"":{""name"":""ifc.core.priority"",""operator"":""equals"",""value"":""Regular""},""type"":""filter""},{""parameters"":{""name"":""ifc.core.priority"",""operator"":""relative"",""value"":{""count"":1,""mode"":""previous"",""time_res"":""month""}},""type"":""filter""}]}",0.5839316365800153,wrong_structure_or_value,"{""component_decoder"": ""shared_model"", ""hierarchy_score"": 1.83404460557, ""retrieval_score"": 0.3602026459209079, ""retrieved_row_id"": 83, ""root_probabilities"": {""CDR"": 0.040146511041906835, ""EVisa Request"": 0.028429182475572284, ""Insight"": 0.027907640735890367, ""Investigation"": 0.7044010930887655, ""Person"": 0.024838955750454098, ""Phone"": 0.032619777036715876, ""Report"": 0.03449273121881565, ""Web Activity"": 0.03765519333782507, ""Web Actor"": 0.06950891531405422}}"
190,Show me all phones with MSISDN 0543037210 or 0546789012,"{""entityType"":""Phone"",""statements"":[{""parameters"":{""operatorValue"":""OR""},""statements"":[{""parameters"":{""name"":""ifc.ootb.Phone.MSISDN"",""operator"":""equals"",""value"":""0543037210""},""type"":""filter""},{""parameters"":{""name"":""ifc.ootb.Phone.MSISDN"",""operator"":""equals"",""value"":""0546789012""},""type"":""filter""}],""type"":""operator""}]}","{""entityType"":""Phone"",""statements"":[{""parameters"":{""name"":""ifc.ootb.Phone.MSISDN"",""operator"":""equals"",""value"":""0546789012""},""type"":""filter""},{""parameters"":{""operatorValue"":""OR""},""statements"":[{""parameters"":{""name"":""ifc.ootb.Phone.MSISDN"",""operator"":""equals"",""value"":""0543037210""},""type"":""filter""},{""parameters"":{""name"":""ifc.ootb.Phone.MSISDN"",""operator"":""equals"",""value"":""0543037210""},""type"":""filter""}],""type"":""operator""}]}",0.5908964052405317,wrong_structure_or_value,"{""component_decoder"": ""shared_model"", ""hierarchy_score"": 1.614468871317, ""retrieval_score"": 0.6988373149919943, ""retrieved_row_id"": 548, ""root_probabilities"": {""CDR"": 0.23671152046154417, ""EVisa Request"": 0.021746468178482393, ""Insight"": 0.028266351144001688, ""Investigation"": 0.026700559344122993, ""Person"": 0.053633331603536255, ""Phone"": 0.532774376912821, ""Report"": 0.024944702363228613, ""Web Activity"": 0.04382600171249758, ""Web Actor"": 0.03139668827976529}}"
198,List the insights mentioning the company 'ABC Inc.' that were added yesterday.,"{""entityType"":""Insight"",""statements"":[{""parameters"":{""name"":""ifc.core.createtime"",""operator"":""relative"",""value"":{""count"":1,""mode"":""previous"",""time_res"":""day""}},""type"":""filter""},{""parameters"":{""name"":""text"",""operator"":""contains"",""value"":""ABC Inc.""},""type"":""filter""}]}","{""entityType"":""Insight"",""statements"":[{""parameters"":{""operatorValue"":""OR""},""statements"":[{""parameters"":{""name"":""text"",""operator"":""contains"",""value"":""ABC Inc.""},""type"":""filter""},{""parameters"":{""name"":""text"",""operator"":""contains"",""value"":""ABC Inc.""},""type"":""filter""}],""type"":""operator""}]}",0.5123520681193434,wrong_structure_or_value,"{""component_decoder"": ""shared_model"", ""hierarchy_score"": 1.864929064872, ""retrieval_score"": 0.21390175428613356, ""retrieved_row_id"": 682, ""root_probabilities"": {""CDR"": 0.06954590158573389, ""EVisa Request"": 0.019015144598508726, ""Insight"": 0.6730560832603026, ""Investigation"": 0.036696545513964514, ""Person"": 0.023324263296594733, ""Phone"": 0.04207227260165992, ""Report"": 0.0362374961144904, ""Web Activity"": 0.06540704082738016, ""Web Actor"": 0.03464525220136513}}"
199,"What SMSs were sent to phones with access calling number '1234' on March 15, 2023?","{""entityType"":""CDR"",""statements"":[{""parameters"":{""name"":""ifc.ootb.CDR.startTime"",""operator"":""is"",""value"":""2023-03-15""},""type"":""filter""},{""parameters"":{""name"":""ifc.ootb.CDR.type"",""operator"":""equals"",""value"":""Text""},""type"":""filter""},{""parameters"":{""relationTargetType"":[""Phone""],""relationType"":[""relation_Callee""]},""statements"":[{""parameters"":{""name"":""ifc.Phone.accessCallingNumber"",""operator"":""equals"",""value"":""1234""},""type"":""filter""}],""type"":""relation""}]}","{""entityType"":""CDR"",""statements"":[{""parameters"":{""name"":""ifc.ootb.CDR.msisdn2"",""operator"":""not_equal"",""value"":""1234""},""type"":""filter""},{""parameters"":{""name"":""ifc.ootb.CDR.startTime"",""operator"":""is"",""value"":""2023-03-15""},""type"":""filter""},{""parameters"":{""name"":""ifc.ootb.CDR.type"",""operator"":""equals"",""value"":""Text""},""type"":""filter""}]}",0.2626427575793923,wrong_structure_or_value,"{""component_decoder"": ""shared_model"", ""hierarchy_score"": 1.038499640327, ""retrieval_score"": 0.13989554149362993, ""retrieved_row_id"": 668, ""root_probabilities"": {""CDR"": 0.3287374123948028, ""EVisa Request"": 0.02672578913620473, ""Insight"": 0.051667291541645066, ""Investigation"": 0.039566264778712563, ""Person"": 0.06712058256960825, ""Phone"": 0.30301764151425764, ""Report"": 0.04423831168948034, ""Web Activity"": 0.06829078638555859, ""Web Actor"": 0.07063591998972996}}"
202,What 4G calls of  5 minutes were made to 0546655668 in the past 6 days?,"{""entityType"":""CDR"",""statements"":[{""parameters"":{""name"":""ifc.ootb.CDR.duration"",""operator"":""equals"",""value"":5},""type"":""filter""},{""parameters"":{""name"":""ifc.ootb.CDR.msisdn2"",""operator"":""equals"",""value"":""0546655668""},""type"":""filter""},{""parameters"":{""name"":""ifc.ootb.CDR.startTime"",""operator"":""relative"",""value"":{""count"":6,""mode"":""previous"",""time_res"":""day""}},""type"":""filter""},{""parameters"":{""name"":""ifc.ootb.CDR.technology"",""operator"":""equals"",""value"":""4G""},""type"":""filter""},{""parameters"":{""name"":""ifc.ootb.CDR.type"",""operator"":""equals"",""value"":""Voice""},""type"":""filter""}]}","{""entityType"":""CDR"",""statements"":[{""parameters"":{""name"":""ifc.ootb.CDR.duration"",""operator"":""relative"",""value"":{""count"":6,""mode"":""previous"",""time_res"":""day""}},""type"":""filter""},{""parameters"":{""name"":""ifc.ootb.CDR.msisdn2"",""operator"":""equals"",""value"":""0546655668""},""type"":""filter""},{""parameters"":{""name"":""ifc.ootb.CDR.startTime"",""operator"":""relative"",""value"":{""count"":6,""mode"":""previous"",""time_res"":""day""}},""type"":""filter""},{""parameters"":{""name"":""ifc.ootb.CDR.type"",""operator"":""equals"",""value"":""Voice""},""type"":""filter""}]}",0.6653932186483258,wrong_structure_or_value,"{""component_decoder"": ""shared_model"", ""hierarchy_score"": 1.981097990043, ""retrieval_score"": 0.48697667466642003, ""retrieved_row_id"": 454, ""root_probabilities"": {""CDR"": 0.7614636654078134, ""EVisa Request"": 0.02163310409657128, ""Insight"": 0.03111303648533903, ""Investigation"": 0.0327281737923133, ""Person"": 0.019859312485639522, ""Phone"": 0.03569457557713617, ""Report"": 0.02735029321867485, ""Web Activity"": 0.041292851908943884, ""Web Actor"": 0.02886498702756866}}"
204,Who entered the country from Syria between 1 March 2024 and 15 March 2024?,"{""entityType"":""EVisa Request"",""statements"":[{""parameters"":{""name"":""ifc.EVisaRequest.arrivalDate"",""operator"":""between"",""value"":[""2024-03-01"",""2024-03-15""]},""type"":""filter""},{""parameters"":{""name"":""ifc.EVisaRequest.countryBeforeArrivalName"",""operator"":""equals"",""value"":""Syria""},""type"":""filter""}]}","{""entityType"":""Web Activity"",""statements"":[{""parameters"":{""name"":""ifc.ootb.Orbis.platform"",""operator"":""equals"",""value"":""linkedin""},""type"":""filter""},{""parameters"":{""name"":""ifc.ootb.Orbis.publishDate"",""operator"":""between"",""value"":[""2024-03-01"",""2024-03-15""]},""type"":""filter""},{""parameters"":{""name"":""ifc.ootb.WebActivity.numberOfLikes"",""operator"":""between"",""value"":[""2024-03-01"",""2024-03-15""]},""type"":""filter""}]}",0.33005478469517113,wrong_root,"{""component_decoder"": ""shared_model"", ""hierarchy_score"": 0.78922118418, ""retrieval_score"": 0.5087887221587816, ""retrieved_row_id"": 325, ""root_probabilities"": {""CDR"": 0.19422608119319643, ""EVisa Request"": 0.06812514863305044, ""Insight"": 0.09404337607595115, ""Investigation"": 0.10168663525170542, ""Person"": 0.05723460329664047, ""Phone"": 0.07455597398542724, ""Report"": 0.0641191390380619, ""Web Activity"": 0.23381343375322702, ""Web Actor"": 0.11219560877273985}}"
205,Show all phones with object ID different from 98765432109876?,"{""entityType"":""Phone"",""statements"":[{""parameters"":{""name"":""ifc.ootb.Phone.IMSI.objectID"",""operator"":""not_equal"",""value"":""98765432109876""},""type"":""filter""}]}","{""entityType"":""Phone"",""statements"":[{""parameters"":{""name"":""ifc.ootb.Phone.IMSI.objectID"",""operator"":""equals"",""value"":""98765432109876""},""type"":""filter""}]}",0.6411628447463937,wrong_structure_or_value,"{""component_decoder"": ""shared_model"", ""hierarchy_score"": 2.042245949363, ""retrieval_score"": 0.627171114778057, ""retrieved_row_id"": 666, ""root_probabilities"": {""CDR"": 0.1352672127473688, ""EVisa Request"": 0.02216924229135899, ""Insight"": 0.028679863111887603, ""Investigation"": 0.02487412327383829, ""Person"": 0.036581044267038745, ""Phone"": 0.6486968531908827, ""Report"": 0.024535888069154046, ""Web Activity"": 0.04945386360568005, ""Web Actor"": 0.029741909442790752}}"
213,communications from the last 24 hours of  130.41.220.97,"{""entityType"":""CDR"",""statements"":[{""parameters"":{""name"":""ifc.ootb.CDR.startTime"",""operator"":""relative"",""value"":{""count"":24,""mode"":""previous"",""time_res"":""hour""}},""type"":""filter""},{""parameters"":{""operatorValue"":""OR""},""statements"":[{""parameters"":{""name"":""ifc.ootb.CDR.ipAddress"",""operator"":""equals"",""value"":""130.41.220.97""},""type"":""filter""},{""parameters"":{""name"":""ifc.ootb.CDR.ipAddress2"",""operator"":""equals"",""value"":""130.41.220.97""},""type"":""filter""}],""type"":""operator""}]}","{""entityType"":""CDR"",""statements"":[{""parameters"":{""name"":""ifc.ootb.CDR.ipAddress"",""operator"":""equals"",""value"":""192.168.0.1""},""type"":""filter""},{""parameters"":{""name"":""ifc.ootb.CDR.startTime"",""operator"":""relative"",""value"":{""count"":24,""mode"":""previous"",""time_res"":""hour""}},""type"":""filter""}]}",0.53898124490174,wrong_structure_or_value,"{""component_decoder"": ""shared_model"", ""hierarchy_score"": 1.513103087832, ""retrieval_score"": 0.2930207190432057, ""retrieved_row_id"": 624, ""root_probabilities"": {""CDR"": 0.6714215280563354, ""EVisa Request"": 0.03232086438438525, ""Insight"": 0.0568331289521389, ""Investigation"": 0.04696070666202247, ""Person"": 0.029145694738279646, ""Phone"": 0.030512726974732382, ""Report"": 0.029066187568446332, ""Web Activity"": 0.06931254240745204, ""Web Actor"": 0.034426620256207456}}"
222,Show me negative sentiment posts written by accounts with last name johnson,"{""entityType"":""Web Activity"",""statements"":[{""parameters"":{""name"":""ifc.ootb.WebActivity.sentiment"",""operator"":""equals"",""value"":""Negative""},""type"":""filter""},{""parameters"":{""relationTargetType"":[""Web Actor""],""relationType"":[""relation_Writer""]},""statements"":[{""parameters"":{""name"":""ifc.ootb.WebActor.lastName"",""operator"":""equals"",""value"":""johnson""},""type"":""filter""}],""type"":""relation""}]}","{""entityType"":""Web Activity"",""statements"":[{""parameters"":{""name"":""ifc.ootb.WebActivity.sentiment"",""operator"":""equals"",""value"":""Negative""},""type"":""filter""},{""parameters"":{""relationTargetType"":[""Web Actor""],""relationType"":[""relation_Writer""]},""statements"":[{""parameters"":{""name"":""ifc.ootb.WebActor.gender"",""operator"":""equals"",""value"":""Male""},""type"":""filter""}],""type"":""relation""}]}",0.5093362747441147,wrong_structure_or_value,"{""component_decoder"": ""shared_model"", ""hierarchy_score"": 1.327012162385, ""retrieval_score"": 0.36381605897415814, ""retrieved_row_id"": 519, ""root_probabilities"": {""CDR"": 0.052714257800492076, ""EVisa Request"": 0.02427805061426538, ""Insight"": 0.030306695533531988, ""Investigation"": 0.02653290650966806, ""Person"": 0.08010200277561966, ""Phone"": 0.04480061034492393, ""Report"": 0.024191160765549696, ""Web Activity"": 0.5876933140048606, ""Web Actor"": 0.1293810016510886}}"
224,Find all French activities from profiles who have paris in their profile url,"{""entityType"":""Web Activity"",""statements"":[{""parameters"":{""name"":""ifc.ootb.WebActivity.mainLanguage"",""operator"":""equals"",""value"":""French""},""type"":""filter""},{""parameters"":{""relationTargetType"":[""Web Actor""],""relationType"":[""relation_Writer""]},""statements"":[{""parameters"":{""name"":""ifc.ootb.WebActor.uri"",""operator"":""contains"",""value"":""paris""},""type"":""filter""}],""type"":""relation""}]}","{""entityType"":""Web Actor"",""statements"":[{""parameters"":{""name"":""ifc.ootb.Orbis.platform"",""operator"":""equals"",""value"":""facebook""},""type"":""filter""},{""parameters"":{""name"":""ifc.ootb.WebActor.about"",""operator"":""contains"",""value"":""Paris""},""type"":""filter""}]}",0.37040973848297576,wrong_root,"{""component_decoder"": ""shared_model"", ""hierarchy_score"": 1.708152495205, ""retrieval_score"": 0.2108040194980507, ""retrieved_row_id"": 284, ""root_probabilities"": {""CDR"": 0.04487215113623288, ""EVisa Request"": 0.02568069665780534, ""Insight"": 0.019885131722471503, ""Investigation"": 0.02087151279354796, ""Person"": 0.022223958797296273, ""Phone"": 0.04155793547592686, ""Report"": 0.019000917867879073, ""Web Activity"": 0.34955641607398147, ""Web Actor"": 0.45635127947485854}}"
229,What posts were written by accounts with 1000 followers in the last 30 days?,"{""entityType"":""Web Activity"",""statements"":[{""parameters"":{""name"":""ifc.ootb.Orbis.publishDate"",""operator"":""relative"",""value"":{""count"":30,""mode"":""previous"",""time_res"":""day""}},""type"":""filter""},{""parameters"":{""relationTargetType"":[""Web Actor""],""relationType"":[""relation_Writer""]},""statements"":[{""parameters"":{""name"":""ifc.ootb.WebActor.numberOfFollowers"",""operator"":""equals"",""value"":1000},""type"":""filter""}],""type"":""relation""}]}","{""entityType"":""Web Activity"",""statements"":[{""parameters"":{""name"":""ifc.ootb.WebActivity.text"",""operator"":""similar_to"",""value"":""sustainable fashion""},""type"":""filter""},{""parameters"":{""relationTargetType"":[""Web Actor""],""relationType"":[""relation_Writer""]},""statements"":[{""parameters"":{""name"":""ifc.ootb.WebActor.numberOfFollowers"",""operator"":""relative"",""value"":{""count"":30,""mode"":""previous"",""time_res"":""day""}},""type"":""filter""}],""type"":""relation""}]}",0.4117667489309305,wrong_structure_or_value,"{""component_decoder"": ""shared_model"", ""hierarchy_score"": 1.4401095946, ""retrieval_score"": 0.27907360283646776, ""retrieved_row_id"": 556, ""root_probabilities"": {""CDR"": 0.07732188628710643, ""EVisa Request"": 0.037688138189601414, ""Insight"": 0.036472582162764076, ""Investigation"": 0.03836163005674617, ""Person"": 0.032089511449193274, ""Phone"": 0.056286620430842454, ""Report"": 0.03480304169120463, ""Web Activity"": 0.4832169045202566, ""Web Actor"": 0.20375968521228505}}"
236,Retrieve all Females born in the 1990s with the first name 'Sarah',"{""entityType"":""Person"",""statements"":[{""parameters"":{""name"":""ifc.Person.birthDate"",""operator"":""between"",""value"":[""1990-01-01"",""1999-12-31""]},""type"":""filter""},{""parameters"":{""name"":""ifc.Person.firstName"",""operator"":""equals"",""value"":""Sarah""},""type"":""filter""},{""parameters"":{""name"":""ifc.Person.gender"",""operator"":""equals"",""value"":""Female""},""type"":""filter""}]}","{""entityType"":""Person"",""statements"":[{""parameters"":{""name"":""ifc.Person.birthDate"",""operator"":""is"",""value"":""Sarah""},""type"":""filter""},{""parameters"":{""name"":""ifc.Person.gender"",""operator"":""equals"",""value"":""Female""},""type"":""filter""}]}",0.6413119641624443,wrong_structure_or_value,"{""component_decoder"": ""shared_model"", ""hierarchy_score"": 1.937927795732, ""retrieval_score"": 0.39811904303824774, ""retrieved_row_id"": 567, ""root_probabilities"": {""CDR"": 0.03359883886186782, ""EVisa Request"": 0.011807554241413028, ""Insight"": 0.0224302327094414, ""Investigation"": 0.01654678771265509, ""Person"": 0.7722619986139347, ""Phone"": 0.02852348985681455, ""Report"": 0.0181674301924434, ""Web Activity"": 0.03436361141691518, ""Web Actor"": 0.06230005639451469}}"
258,show all sent or received emails of ariel042cohen@gmail,"{""entityType"":""CDR"",""statements"":[{""parameters"":{""operatorValue"":""OR""},""statements"":[{""parameters"":{""name"":""ifc.ootb.CDR.originatorEmailAddress"",""operator"":""equals"",""value"":""ariel042cohen@gmail""},""type"":""filter""},{""parameters"":{""name"":""ifc.ootb.CDR.destinationEmailAddress"",""operator"":""equals"",""value"":""ariel042cohen@gmail""},""type"":""filter""}],""type"":""operator""}]}","{""entityType"":""CDR"",""statements"":[{""parameters"":{""name"":""ifc.ootb.CDR.originatorEmailAddress"",""operator"":""equals"",""value"":""ariel042cohen@gmail.com""},""type"":""filter""},{""parameters"":{""name"":""ifc.ootb.CDR.type"",""operator"":""equals"",""value"":""Web""},""type"":""filter""}]}",0.5312249824669476,wrong_structure_or_value,"{""component_decoder"": ""shared_model"", ""hierarchy_score"": 1.791818722092, ""retrieval_score"": 0.44925325418778744, ""retrieved_row_id"": 420, ""root_probabilities"": {""CDR"": 0.5753636053864953, ""EVisa Request"": 0.03666636848395972, ""Insight"": 0.04619850578089541, ""Investigation"": 0.043276162934091776, ""Person"": 0.05473699370046051, ""Phone"": 0.07197308866833664, ""Report"": 0.04543968622451784, ""Web Activity"": 0.06980740574413398, ""Web Actor"": 0.056538183077108756}}"
260,Identify actors with 'vegan' in their profile who have commented on posts related to 'animal rights'.,"{""entityType"":""Web Actor"",""statements"":[{""parameters"":{""name"":""ifc.ootb.WebActor.about"",""operator"":""contains"",""value"":""vegan""},""type"":""filter""},{""parameters"":{""relationTargetType"":[""Web Activity""],""relationType"":[""relation_Writer""]},""statements"":[{""parameters"":{""name"":""ifc.ootb.WebActivity.text"",""operator"":""similar_to"",""value"":""animal rights""},""type"":""filter""}],""type"":""relation""}]}","{""entityType"":""Web Actor"",""statements"":[{""parameters"":{""name"":""ifc.ootb.WebActor.about"",""operator"":""contains"",""value"":""vegan""},""type"":""filter""},{""parameters"":{""relationTargetType"":[""Web Activity""],""relationType"":[""relation_Writer""]},""statements"":[{""parameters"":{""name"":""ifc.ootb.WebActivity.text"",""operator"":""similar_to"",""value"":""pet adoption""},""type"":""filter""}],""type"":""relation""}]}",0.39176183029883904,wrong_structure_or_value,"{""component_decoder"": ""shared_model"", ""hierarchy_score"": 1.883831677375, ""retrieval_score"": 0.4196602861707471, ""retrieved_row_id"": 659, ""root_probabilities"": {""CDR"": 0.04022708129866052, ""EVisa Request"": 0.032116239860177254, ""Insight"": 0.052217230545505276, ""Investigation"": 0.03513439734282766, ""Person"": 0.03821525550197494, ""Phone"": 0.031119016983256143, ""Report"": 0.026080080630552088, ""Web Activity"": 0.36815111300769593, ""Web Actor"": 0.37673958482935016}}"
271,List all foreign phones that had activity between 2023-09-01 and 2023-11-30,"{""entityType"":""Phone"",""statements"":[{""parameters"":{""name"":""ifc.Phone.type"",""operator"":""equals"",""value"":""Foreign""},""type"":""filter""},{""parameters"":{""relationTargetType"":[""CDR""],""relationType"":[""relation_Caller""]},""statements"":[{""parameters"":{""name"":""ifc.ootb.CDR.startTime"",""operator"":""between"",""value"":[""2023-09-01"",""2023-11-30""]},""type"":""filter""}],""type"":""relation""}]}","{""entityType"":""Phone"",""statements"":[{""parameters"":{""name"":""ifc.Phone.type"",""operator"":""equals"",""value"":""Foreign""},""type"":""filter""}]}",0.5016701141125338,wrong_structure_or_value,"{""component_decoder"": ""shared_model"", ""hierarchy_score"": 1.31399355264, ""retrieval_score"": 0.4850705999897288, ""retrieved_row_id"": 29, ""root_probabilities"": {""CDR"": 0.08702958828604834, ""EVisa Request"": 0.0356764856350733, ""Insight"": 0.03521996431692635, ""Investigation"": 0.06458038354853847, ""Person"": 0.04822547987388873, ""Phone"": 0.5106083140248134, ""Report"": 0.043120085048981995, ""Web Activity"": 0.11141311551060455, ""Web Actor"": 0.06412658375512482}}"
279,Find voice calls made from phones first activated before 2022-01-01 to the number +972542164185.,"{""entityType"":""CDR"",""statements"":[{""parameters"":{""name"":""ifc.ootb.CDR.msisdn2"",""operator"":""equals"",""value"":""+972542164185""},""type"":""filter""},{""parameters"":{""name"":""ifc.ootb.CDR.type"",""operator"":""equals"",""value"":""Voice""},""type"":""filter""},{""parameters"":{""relationTargetType"":[""Phone""],""relationType"":[""relation_Caller""]},""statements"":[{""parameters"":{""name"":""ifc.ootb.Participant.firstActiveDate"",""operator"":""before"",""value"":""2022-01-01""},""type"":""filter""}],""type"":""relation""}]}","{""entityType"":""CDR"",""statements"":[{""parameters"":{""name"":""ifc.ootb.CDR.type"",""operator"":""equals"",""value"":""Voice""},""type"":""filter""},{""parameters"":{""relationTargetType"":[""Phone""],""relationType"":[""relation_Callee""]},""statements"":[{""parameters"":{""name"":""ifc.ootb.Participant.firstActiveDate"",""operator"":""before"",""value"":""2022-01-01""},""type"":""filter""}],""type"":""relation""}]}",0.3917928172467099,wrong_structure_or_value,"{""component_decoder"": ""shared_model"", ""hierarchy_score"": 1.341496804841, ""retrieval_score"": 0.20389038756361488, ""retrieved_row_id"": 698, ""root_probabilities"": {""CDR"": 0.4929710486145303, ""EVisa Request"": 0.02837110802138988, ""Insight"": 0.04398621195685155, ""Investigation"": 0.034894531842610994, ""Person"": 0.058666310349802506, ""Phone"": 0.18115645989241871, ""Report"": 0.04097145766457497, ""Web Activity"": 0.06890504548916211, ""Web Actor"": 0.05007782616865905}}"
280,List reports about 'Marketing Campaign',"{""entityType"":""Report"",""statements"":[{""parameters"":{""name"":""text"",""operator"":""similar_to"",""value"":""Marketing Campaign""},""type"":""filter""}]}","{""entityType"":""Report"",""statements"":[{""parameters"":{""operatorValue"":""OR""},""statements"":[{""parameters"":{""name"":""text"",""operator"":""contains"",""value"":""marketing campaign""},""type"":""filter""},{""parameters"":{""name"":""text"",""operator"":""contains"",""value"":""marketing campaign""},""type"":""filter""}],""type"":""operator""}]}",0.6307372135177147,wrong_structure_or_value,"{""component_decoder"": ""shared_model"", ""hierarchy_score"": 1.591068173682, ""retrieval_score"": 0.5228390821664685, ""retrieved_row_id"": 233, ""root_probabilities"": {""CDR"": 0.0596033210528232, ""EVisa Request"": 0.024688973516486256, ""Insight"": 0.03602557519656781, ""Investigation"": 0.030054550382217642, ""Person"": 0.032566210898335224, ""Phone"": 0.040731100653603136, ""Report"": 0.6888362073222318, ""Web Activity"": 0.04732645478356146, ""Web Actor"": 0.04016760619417338}}"
292,List all investigations related to money laundering,"{""entityType"":""Investigation"",""statements"":[{""parameters"":{""name"":""ifc.core.description"",""operator"":""contains"",""value"":""money laundering""},""type"":""filter""}]}","{""entityType"":""Investigation"",""statements"":[{""parameters"":{""name"":""ifc.core.description"",""operator"":""contains"",""value"":""tax evasion""},""type"":""filter""}]}",0.6592474136082697,wrong_structure_or_value,"{""component_decoder"": ""shared_model"", ""hierarchy_score"": 2.081556492236, ""retrieval_score"": 0.4581779487307963, ""retrieved_row_id"": 53, ""root_probabilities"": {""CDR"": 0.03895812082109234, ""EVisa Request"": 0.021627311884725584, ""Insight"": 0.042691561382120886, ""Investigation"": 0.7675155870038323, ""Person"": 0.02225248922740718, ""Phone"": 0.021676701146832254, ""Report"": 0.035357433888781487, ""Web Activity"": 0.029715519038568554, ""Web Actor"": 0.020205275606639466}}"
300,List the phones with a title beginning with 'Work' that made calls on 2023-03-15.,"{""entityType"":""Phone"",""statements"":[{""parameters"":{""name"":""ifc.ootb.Phone.title"",""operator"":""begins_with"",""value"":""Work""},""type"":""filter""},{""parameters"":{""relationTargetType"":[""CDR""],""relationType"":[""relation_Caller""]},""statements"":[{""parameters"":{""name"":""ifc.ootb.CDR.type"",""operator"":""equals"",""value"":""Voice""},""type"":""filter""},{""parameters"":{""name"":""ifc.ootb.CDR.startTime"",""operator"":""is"",""value"":""2023-03-15""},""type"":""filter""}],""type"":""relation""}]}","{""entityType"":""Phone"",""statements"":[{""parameters"":{""name"":""ifc.ootb.Phone.title"",""operator"":""begins_with"",""value"":""Work""},""type"":""filter""},{""parameters"":{""name"":""ifc.ootb.Phone.title"",""operator"":""contains"",""value"":""2023-03-15""},""type"":""filter""}]}",0.3525032247936376,wrong_structure_or_value,"{""component_decoder"": ""shared_model"", ""hierarchy_score"": 0.918430376627, ""retrieval_score"": 0.2654104764631412, ""retrieved_row_id"": 743, ""root_probabilities"": {""CDR"": 0.20176552738141035, ""EVisa Request"": 0.02837319925638652, ""Insight"": 0.04173070451792761, ""Investigation"": 0.03576586869364693, ""Person"": 0.09294609278835482, ""Phone"": 0.3993993200485203, ""Report"": 0.04519206841359094, ""Web Activity"": 0.0722186055589338, ""Web Actor"": 0.08260861334122852}}"
302,List reports mentioning 'financial fraud',"{""entityType"":""Report"",""statements"":[{""parameters"":{""name"":""text"",""operator"":""contains"",""value"":""financial fraud""},""type"":""filter""}]}","{""entityType"":""Report"",""statements"":[{""parameters"":{""name"":""text"",""operator"":""similar_to"",""value"":""suspicious financial transactions""},""type"":""filter""}]}",0.5399639839544544,wrong_structure_or_value,"{""component_decoder"": ""shared_model"", ""hierarchy_score"": 1.779913276411, ""retrieval_score"": 0.2747470920606432, ""retrieved_row_id"": 500, ""root_probabilities"": {""CDR"": 0.05028369057893505, ""EVisa Request"": 0.02562160687169286, ""Insight"": 0.05267694894715671, ""Investigation"": 0.03531403975816164, ""Person"": 0.032658099668069034, ""Phone"": 0.03441960043629649, ""Report"": 0.6827730795895836, ""Web Activity"": 0.04952862105830803, ""Web Actor"": 0.036724313091796704}}"
304,Retrieve all LinkedIn articles updated in the past 3 days with  100 shares,"{""entityType"":""Web Activity"",""statements"":[{""parameters"":{""name"":""ifc.ootb.Orbis.platform"",""operator"":""equals"",""value"":""linkedin""},""type"":""filter""},{""parameters"":{""name"":""ifc.ootb.Orbis.updateDate"",""operator"":""relative"",""value"":{""count"":3,""mode"":""previous"",""time_res"":""day""}},""type"":""filter""},{""parameters"":{""name"":""ifc.ootb.WebActivity.numberShares"",""operator"":""equals"",""value"":100},""type"":""filter""}]}","{""entityType"":""Web Activity"",""statements"":[{""parameters"":{""name"":""ifc.ootb.Orbis.platform"",""operator"":""equals"",""value"":""linkedin""},""type"":""filter""},{""parameters"":{""name"":""ifc.ootb.Orbis.publishDate"",""operator"":""relative"",""value"":{""count"":3,""mode"":""previous"",""time_res"":""day""}},""type"":""filter""},{""parameters"":{""name"":""ifc.ootb.WebActivity.numberOfLikes"",""operator"":""relative"",""value"":{""count"":3,""mode"":""previous"",""time_res"":""day""}},""type"":""filter""}]}",0.2757023575379863,wrong_structure_or_value,"{""component_decoder"": ""shared_model"", ""hierarchy_score"": 1.041115320087, ""retrieval_score"": 0.2665516333097309, ""retrieved_row_id"": 325, ""root_probabilities"": {""CDR"": 0.145642559551117, ""EVisa Request"": 0.04789133378751797, ""Insight"": 0.06827457049474553, ""Investigation"": 0.06250713399747729, ""Person"": 0.09662297689524184, ""Phone"": 0.06882092593399322, ""Report"": 0.0916608625233704, ""Web Activity"": 0.2806296705839699, ""Web Actor"": 0.1379499662325668}}"
327,Find all individuals with the last name 'Smith' born before 1 January 1980,"{""entityType"":""Person"",""statements"":[{""parameters"":{""name"":""ifc.Person.birthDate"",""operator"":""before"",""value"":""1980-01-01""},""type"":""filter""},{""parameters"":{""name"":""ifc.Person.lastName"",""operator"":""equals"",""value"":""Smith""},""type"":""filter""}]}","{""entityType"":""Person"",""statements"":[{""parameters"":{""name"":""ifc.Person.birthDate"",""operator"":""before"",""value"":""1980-01-01""},""type"":""filter""}]}",0.6515741543999741,wrong_structure_or_value,"{""component_decoder"": ""shared_model"", ""hierarchy_score"": 2.063729580289, ""retrieval_score"": 0.301881445702464, ""retrieved_row_id"": 501, ""root_probabilities"": {""CDR"": 0.017598608438925453, ""EVisa Request"": 0.020759942702346632, ""Insight"": 0.012289777162254161, ""Investigation"": 0.01580058939201613, ""Person"": 0.839870228314018, ""Phone"": 0.025813356951211144, ""Report"": 0.014288166052420316, ""Web Activity"": 0.020378897689435224, ""Web Actor"": 0.03320043329737293}}"
334,Find all successful calls made from suspicious phones to 0542164185 in 2022.,"{""entityType"":""CDR"",""statements"":[{""parameters"":{""name"":""ifc.ootb.CDR.callStatus"",""operator"":""equals"",""value"":""Successful""},""type"":""filter""},{""parameters"":{""name"":""ifc.ootb.CDR.msisdn2"",""operator"":""equals"",""value"":""0542164185""},""type"":""filter""},{""parameters"":{""name"":""ifc.ootb.CDR.startTime"",""operator"":""between"",""value"":[""2022-01-01"",""2022-12-31""]},""type"":""filter""},{""parameters"":{""name"":""ifc.ootb.CDR.type"",""operator"":""equals"",""value"":""Voice""},""type"":""filter""},{""parameters"":{""relationTargetType"":[""Phone""],""relationType"":[""relation_Caller""]},""statements"":[{""parameters"":{""name"":""ifc.ootb.Participant.isSuspicious"",""operator"":""equals"",""value"":true},""type"":""filter""}],""type"":""relation""}]}","{""entityType"":""CDR"",""statements"":[{""parameters"":{""name"":""ifc.ootb.CDR.msisdn2"",""operator"":""equals"",""value"":""0542164185""},""type"":""filter""},{""parameters"":{""name"":""ifc.ootb.CDR.startTime"",""operator"":""relative"",""value"":{""count"":1,""mode"":""previous"",""time_res"":""week""}},""type"":""filter""},{""parameters"":{""name"":""ifc.ootb.CDR.type"",""operator"":""equals"",""value"":""Text""},""type"":""filter""},{""parameters"":{""relationTargetType"":[""Phone""],""relationType"":[""relation_Caller""]},""statements"":[{""parameters"":{""name"":""ifc.ootb.Participant.isSuspicious"",""operator"":""equals"",""value"":true},""type"":""filter""}],""type"":""relation""}]}",0.6157916973464237,wrong_structure_or_value,"{""component_decoder"": ""shared_model"", ""hierarchy_score"": 1.940321937507, ""retrieval_score"": 0.4900815680181026, ""retrieved_row_id"": 324, ""root_probabilities"": {""CDR"": 0.6834817669847505, ""EVisa Request"": 0.018279821363443027, ""Insight"": 0.026872614983305905, ""Investigation"": 0.024832343857693152, ""Person"": 0.02259481235796005, ""Phone"": 0.13254414035841286, ""Report"": 0.025473420767643952, ""Web Activity"": 0.042912096923065295, ""Web Actor"": 0.023008982403725276}}"
350,Find web actors with a sentiment score 0.7.,"{""entityType"":""Web Actor"",""statements"":[{""parameters"":{""name"":""ifc.ootb.WebActor.sentimentScore"",""operator"":""equals"",""value"":0.7},""type"":""filter""}]}","{""entityType"":""Web Activity"",""statements"":[{""parameters"":{""name"":""ifc.ootb.Orbis.collectDate"",""operator"":""relative"",""value"":{""count"":1,""mode"":""previous"",""time_res"":""year""}},""type"":""filter""},{""parameters"":{""name"":""ifc.ootb.WebActivity.sentimentScore"",""operator"":""equals"",""value"":0.8},""type"":""filter""}]}",0.37928958938197394,wrong_root,"{""component_decoder"": ""shared_model"", ""hierarchy_score"": 1.075623246427, ""retrieval_score"": 0.3604087014291716, ""retrieved_row_id"": 363, ""root_probabilities"": {""CDR"": 0.06814347469933538, ""EVisa Request"": 0.02981056489014155, ""Insight"": 0.03420748893226119, ""Investigation"": 0.03308598202706972, ""Person"": 0.05061356829983074, ""Phone"": 0.05557897172167999, ""Report"": 0.03669614509726994, ""Web Activity"": 0.3894562213565598, ""Web Actor"": 0.30240758297585174}}"
352,Show me all Facebook comments posted on 15 March 2024 with a sentiment score not equal to 0.2,"{""entityType"":""Web Activity"",""statements"":[{""parameters"":{""name"":""ifc.ootb.Orbis.platform"",""operator"":""equals"",""value"":""facebook""},""type"":""filter""},{""parameters"":{""name"":""ifc.ootb.Orbis.publishDate"",""operator"":""is"",""value"":""2024-03-15""},""type"":""filter""},{""parameters"":{""name"":""ifc.ootb.WebActivity.sentimentScore"",""operator"":""not_equal"",""value"":0.2},""type"":""filter""}]}","{""entityType"":""Web Activity"",""statements"":[{""parameters"":{""name"":""ifc.ootb.Orbis.platform"",""operator"":""equals"",""value"":""facebook""},""type"":""filter""},{""parameters"":{""name"":""ifc.ootb.Orbis.publishDate"",""operator"":""relative"",""value"":""2024-03-15""},""type"":""filter""},{""parameters"":{""name"":""ifc.ootb.WebActivity.sentiment"",""operator"":""equals"",""value"":""Negative""},""type"":""filter""}]}",0.34560144624402545,wrong_structure_or_value,"{""component_decoder"": ""shared_model"", ""hierarchy_score"": 1.32687695506, ""retrieval_score"": 0.3240889172930077, ""retrieved_row_id"": 1, ""root_probabilities"": {""CDR"": 0.13280986964374222, ""EVisa Request"": 0.03298832285529422, ""Insight"": 0.05198305609348781, ""Investigation"": 0.04456022610110731, ""Person"": 0.08112560428042456, ""Phone"": 0.0608627167452246, ""Report"": 0.04290950253252109, ""Web Activity"": 0.3571851156791888, ""Web Actor"": 0.19557558606900954}}"
359,"Find YouTube channels created between January 1 and January 31, 2024.","{""entityType"":""Web Actor"",""statements"":[{""parameters"":{""name"":""ifc.ootb.Orbis.platform"",""operator"":""equals"",""value"":""youtube""},""type"":""filter""},{""parameters"":{""name"":""ifc.ootb.Orbis.publishDate"",""operator"":""between"",""value"":[""2024-01-01"",""2024-01-31""]},""type"":""filter""}]}","{""entityType"":""Web Actor"",""statements"":[{""parameters"":{""name"":""ifc.ootb.Orbis.platform"",""operator"":""equals"",""value"":""youtube""},""type"":""filter""},{""parameters"":{""name"":""ifc.ootb.WebActor.title"",""operator"":""contains"",""value"":""cooking""},""type"":""filter""}]}",0.262227812215186,wrong_structure_or_value,"{""component_decoder"": ""shared_model"", ""hierarchy_score"": 1.15644305296, ""retrieval_score"": 0.392563571083096, ""retrieved_row_id"": 41, ""root_probabilities"": {""CDR"": 0.08663978321665221, ""EVisa Request"": 0.08763315334043484, ""Insight"": 0.07108008224250495, ""Investigation"": 0.1661490204496884, ""Person"": 0.091427931746538, ""Phone"": 0.09061894488540122, ""Report"": 0.09544541159813198, ""Web Activity"": 0.11895865354202922, ""Web Actor"": 0.19204701897861912}}"
372,List all web activities published on 1 January 2024 that have the word 'sale' in the title.,"{""entityType"":""Web Activity"",""statements"":[{""parameters"":{""name"":""ifc.ootb.Orbis.publishDate"",""operator"":""is"",""value"":""2024-01-01""},""type"":""filter""},{""parameters"":{""name"":""ifc.ootb.WebActivity.title"",""operator"":""contains"",""value"":""sale""},""type"":""filter""}]}","{""entityType"":""Web Activity"",""statements"":[{""parameters"":{""name"":""ifc.ootb.Orbis.publishDate"",""operator"":""relative"",""value"":""2024-01-01""},""type"":""filter""},{""parameters"":{""name"":""ifc.ootb.WebActivity.numberActivities"",""operator"":""equals"",""value"":""sale""},""type"":""filter""},{""parameters"":{""name"":""ifc.ootb.WebActivity.title"",""operator"":""contains"",""value"":""sale""},""type"":""filter""}]}",0.6230137647175202,wrong_structure_or_value,"{""component_decoder"": ""shared_model"", ""hierarchy_score"": 1.441981760365, ""retrieval_score"": 0.4881758708772432, ""retrieved_row_id"": 126, ""root_probabilities"": {""CDR"": 0.02978850309140722, ""EVisa Request"": 0.025996316175279987, ""Insight"": 0.02393490754234632, ""Investigation"": 0.0312687276607138, ""Person"": 0.025648709109051974, ""Phone"": 0.047386907842567785, ""Report"": 0.030558585887402137, ""Web Activity"": 0.6956187844776694, ""Web Actor"": 0.08979855821356139}}"
377,Show me all SMS messages containing the word 'meeting' sent from mobile phones to 0549876543.,"{""entityType"":""CDR"",""statements"":[{""parameters"":{""name"":""ifc.ootb.CDR.msisdn2"",""operator"":""equals"",""value"":""0549876543""},""type"":""filter""},{""parameters"":{""name"":""ifc.ootb.CDR.smsText"",""operator"":""contains"",""value"":""meeting""},""type"":""filter""},{""parameters"":{""name"":""ifc.ootb.CDR.type"",""operator"":""equals"",""value"":""Text""},""type"":""filter""},{""parameters"":{""relationTargetType"":[""Phone""],""relationType"":[""relation_Caller""]},""statements"":[{""parameters"":{""name"":""ifc.Phone.type"",""operator"":""equals"",""value"":""Mobile""},""type"":""filter""}],""type"":""relation""}]}","{""entityType"":""CDR"",""statements"":[{""parameters"":{""name"":""ifc.ootb.CDR.smsText"",""operator"":""contains"",""value"":""meeting""},""type"":""filter""},{""parameters"":{""name"":""ifc.ootb.CDR.startTime"",""operator"":""relative"",""value"":""meeting""},""type"":""filter""},{""parameters"":{""name"":""ifc.ootb.CDR.type"",""operator"":""equals"",""value"":""Text""},""type"":""filter""}]}",0.7115316950041854,wrong_structure_or_value,"{""component_decoder"": ""shared_model"", ""hierarchy_score"": 1.842980210672, ""retrieval_score"": 0.6810724052672289, ""retrieved_row_id"": 382, ""root_probabilities"": {""CDR"": 0.7279328510163929, ""EVisa Request"": 0.013880508327730702, ""Insight"": 0.03125526685426362, ""Investigation"": 0.018714529827455022, ""Person"": 0.02254904137072446, ""Phone"": 0.09714370516664604, ""Report"": 0.02525184807983724, ""Web Activity"": 0.042722640805642635, ""Web Actor"": 0.02054960855130715}}"
385,List SMS messages containing the word 'urgent' sent from 0506519105 in the past week,"{""entityType"":""CDR"",""statements"":[{""parameters"":{""name"":""ifc.ootb.CDR.msisdn"",""operator"":""equals"",""value"":""0506519105""},""type"":""filter""},{""parameters"":{""name"":""ifc.ootb.CDR.smsText"",""operator"":""contains"",""value"":""urgent""},""type"":""filter""},{""parameters"":{""name"":""ifc.ootb.CDR.startTime"",""operator"":""relative"",""value"":{""count"":1,""mode"":""previous"",""time_res"":""week""}},""type"":""filter""},{""parameters"":{""name"":""ifc.ootb.CDR.type"",""operator"":""equals"",""value"":""Text""},""type"":""filter""}]}","{""entityType"":""CDR"",""statements"":[{""parameters"":{""name"":""ifc.ootb.CDR.msisdn2"",""operator"":""equals"",""value"":""0506519105""},""type"":""filter""},{""parameters"":{""name"":""ifc.ootb.CDR.smsText"",""operator"":""contains"",""value"":""urgent""},""type"":""filter""},{""parameters"":{""name"":""ifc.ootb.CDR.startTime"",""operator"":""relative"",""value"":{""count"":1,""mode"":""previous"",""time_res"":""week""}},""type"":""filter""},{""parameters"":{""name"":""ifc.ootb.CDR.type"",""operator"":""equals"",""value"":""Text""},""type"":""filter""}]}",0.6966712980107187,wrong_structure_or_value,"{""component_decoder"": ""shared_model"", ""hierarchy_score"": 1.934898185236, ""retrieval_score"": 0.641994245652056, ""retrieved_row_id"": 497, ""root_probabilities"": {""CDR"": 0.7261127877423064, ""EVisa Request"": 0.016958574520026366, ""Insight"": 0.04809489621100988, ""Investigation"": 0.025808796946360974, ""Person"": 0.02204372967354515, ""Phone"": 0.032579734346021176, ""Report"": 0.040523596575302814, ""Web Activity"": 0.05790238894963237, ""Web Actor"": 0.029975495035794775}}"
397,What calls were made from target phones using 3g or 4g?,"{""entityType"":""CDR"",""statements"":[{""parameters"":{""name"":""ifc.ootb.CDR.type"",""operator"":""equals"",""value"":""Voice""},""type"":""filter""},{""parameters"":{""operatorValue"":""OR""},""statements"":[{""parameters"":{""name"":""ifc.ootb.CDR.technology"",""operator"":""equals"",""value"":""3G""},""type"":""filter""},{""parameters"":{""name"":""ifc.ootb.CDR.technology"",""operator"":""equals"",""value"":""4G""},""type"":""filter""}],""type"":""operator""},{""parameters"":{""relationTargetType"":[""Phone""],""relationType"":[""relation_Caller""]},""statements"":[{""parameters"":{""name"":""ifc.ootb.Participant.isTarget"",""operator"":""equals"",""value"":true},""type"":""filter""}],""type"":""relation""}]}","{""entityType"":""CDR"",""statements"":[{""parameters"":{""name"":""ifc.ootb.CDR.technology"",""operator"":""equals"",""value"":""3G""},""type"":""filter""},{""parameters"":{""name"":""ifc.ootb.CDR.type"",""operator"":""equals"",""value"":""Voice""},""type"":""filter""}]}",0.6523707645678778,wrong_structure_or_value,"{""component_decoder"": ""shared_model"", ""hierarchy_score"": 1.878340184139, ""retrieval_score"": 0.38823968180385393, ""retrieved_row_id"": 0, ""root_probabilities"": {""CDR"": 0.7945951937485061, ""EVisa Request"": 0.010821143498678437, ""Insight"": 0.02076785958006946, ""Investigation"": 0.015455316291529683, ""Person"": 0.013394717393969238, ""Phone"": 0.08424957915747029, ""Report"": 0.017350198301909606, ""Web Activity"": 0.025987826008825137, ""Web Actor"": 0.01737816601904221}}"
401,Which actors who have 'yoga' listed as an interest have posted YouTube videos in the last 6 months?,"{""entityType"":""Web Actor"",""statements"":[{""parameters"":{""name"":""ifc.ootb.WebActor.about"",""operator"":""contains"",""value"":""yoga""},""type"":""filter""},{""parameters"":{""relationTargetType"":[""Web Activity""],""relationType"":[""relation_Writer""]},""statements"":[{""parameters"":{""name"":""ifc.ootb.Orbis.platform"",""operator"":""equals"",""value"":""youtube""},""type"":""filter""},{""parameters"":{""name"":""ifc.ootb.Orbis.publishDate"",""operator"":""relative"",""value"":{""count"":6,""mode"":""previous"",""time_res"":""month""}},""type"":""filter""}],""type"":""relation""}]}","{""entityType"":""Web Activity"",""statements"":[{""parameters"":{""operatorValue"":""OR""},""statements"":[{""parameters"":{""name"":""ifc.ootb.WebActivity.text"",""operator"":""contains"",""value"":""yoga""},""type"":""filter""},{""parameters"":{""name"":""ifc.ootb.WebActivity.text"",""operator"":""contains"",""value"":""yoga""},""type"":""filter""}],""type"":""operator""}]}",0.32997826079538317,wrong_root,"{""component_decoder"": ""shared_model"", ""hierarchy_score"": 1.56314305618, ""retrieval_score"": 0.07926709695429726, ""retrieved_row_id"": 733, ""root_probabilities"": {""CDR"": 0.038870202122662935, ""EVisa Request"": 0.042158693638428654, ""Insight"": 0.030158323026806325, ""Investigation"": 0.0317284184056979, ""Person"": 0.024163866100586896, ""Phone"": 0.06156735874279057, ""Report"": 0.027939642399937875, ""Web Activity"": 0.4649765797867371, ""Web Actor"": 0.2784369157763518}}"
406,Are there any insights from last week that mention the stolen jewelry?,"{""entityType"":""Insight"",""statements"":[{""parameters"":{""name"":""ifc.core.createtime"",""operator"":""relative"",""value"":{""count"":1,""mode"":""previous"",""time_res"":""week""}},""type"":""filter""},{""parameters"":{""name"":""text"",""operator"":""contains"",""value"":""stolen jewelry""},""type"":""filter""}]}","{""entityType"":""Insight"",""statements"":[{""parameters"":{""name"":""ifc.core.createtime"",""operator"":""contains"",""value"":""2024-03-15""},""type"":""filter""},{""parameters"":{""name"":""text"",""operator"":""contains"",""value"":""stolen artwork""},""type"":""filter""}]}",0.713645154065498,wrong_structure_or_value,"{""component_decoder"": ""shared_model"", ""hierarchy_score"": 1.905969129477, ""retrieval_score"": 0.44525524531345156, ""retrieved_row_id"": 389, ""root_probabilities"": {""CDR"": 0.02664823314422512, ""EVisa Request"": 0.00926417081135128, ""Insight"": 0.8581627972396769, ""Investigation"": 0.012792963787797103, ""Person"": 0.012346991778892308, ""Phone"": 0.013399845653380836, ""Report"": 0.013270012323277458, ""Web Activity"": 0.038310246057488916, ""Web Actor"": 0.015804739203909995}}"
411,Show me all communications of 0527654321 or 0523456789 last week,"{""entityType"":""CDR"",""statements"":[{""parameters"":{""name"":""ifc.ootb.CDR.startTime"",""operator"":""relative"",""value"":{""count"":1,""mode"":""previous"",""time_res"":""week""}},""type"":""filter""},{""parameters"":{""operatorValue"":""OR""},""statements"":[{""parameters"":{""name"":""ifc.ootb.CDR.msisdn"",""operator"":""equals"",""value"":""0527654321""},""type"":""filter""},{""parameters"":{""name"":""ifc.ootb.CDR.msisdn2"",""operator"":""equals"",""value"":""0527654321""},""type"":""filter""},{""parameters"":{""name"":""ifc.ootb.CDR.msisdn"",""operator"":""equals"",""value"":""0523456789""},""type"":""filter""},{""parameters"":{""name"":""ifc.ootb.CDR.msisdn2"",""operator"":""equals"",""value"":""0523456789""},""type"":""filter""}],""type"":""operator""}]}","{""entityType"":""CDR"",""statements"":[{""parameters"":{""operatorValue"":""OR""},""statements"":[{""parameters"":{""name"":""ifc.ootb.CDR.msisdn"",""operator"":""equals"",""value"":""0527654321""},""type"":""filter""},{""parameters"":{""name"":""ifc.ootb.CDR.msisdn2"",""operator"":""equals"",""value"":""0527654321""},""type"":""filter""}],""type"":""operator""}]}",0.3946194221216267,wrong_structure_or_value,"{""component_decoder"": ""shared_model"", ""hierarchy_score"": 1.621522433377, ""retrieval_score"": 0.0410377835639764, ""retrieved_row_id"": 707, ""root_probabilities"": {""CDR"": 0.5850095351911307, ""EVisa Request"": 0.035513327433265365, ""Insight"": 0.04670061949155313, ""Investigation"": 0.053939646743486745, ""Person"": 0.0562692649863486, ""Phone"": 0.0787604874746005, ""Report"": 0.038914808966898994, ""Web Activity"": 0.06005781357302041, ""Web Actor"": 0.04483449613969543}}"
430,Show me reports created on New Year's Day 2024,"{""entityType"":""Report"",""statements"":[{""parameters"":{""name"":""ifc.core.createtime"",""operator"":""is"",""value"":""2024-01-01""},""type"":""filter""}]}","{""entityType"":""Report"",""statements"":[{""parameters"":{""name"":""ifc.core.createtime"",""operator"":""relative"",""value"":{""count"":1,""mode"":""previous"",""time_res"":""week""}},""type"":""filter""}]}",0.6808360101211014,wrong_structure_or_value,"{""component_decoder"": ""shared_model"", ""hierarchy_score"": 2.077522146985, ""retrieval_score"": 0.49605106267338545, ""retrieved_row_id"": 86, ""root_probabilities"": {""CDR"": 0.028852493253777162, ""EVisa Request"": 0.014717492226486365, ""Insight"": 0.035650397733581675, ""Investigation"": 0.03536346486121739, ""Person"": 0.020054974570043568, ""Phone"": 0.02572590023256535, ""Report"": 0.7803355972083331, ""Web Activity"": 0.029173033182427626, ""Web Actor"": 0.030126646731567796}}"
434,What insights contain information about financial transactions?,"{""entityType"":""Insight"",""statements"":[{""parameters"":{""name"":""text"",""operator"":""contains"",""value"":""financial transactions""},""type"":""filter""}]}","{""entityType"":""Insight"",""statements"":[{""parameters"":{""name"":""text"",""operator"":""contains"",""value"":""phone records""},""type"":""filter""}]}",0.46269285281399947,wrong_structure_or_value,"{""component_decoder"": ""shared_model"", ""hierarchy_score"": 2.108229064615, ""retrieval_score"": 0.23597651795904892, ""retrieved_row_id"": 734, ""root_probabilities"": {""CDR"": 0.04874365246839304, ""EVisa Request"": 0.02564725769405975, ""Insight"": 0.5847708792743574, ""Investigation"": 0.04055428587166953, ""Person"": 0.029361557521219748, ""Phone"": 0.048178570608163926, ""Report"": 0.12363994758584809, ""Web Activity"": 0.047559288463270115, ""Web Actor"": 0.05154456051301828}}"
437,Find communications of 0527418529 or +972523698741 of 10 minutes in March 2024,"{""entityType"":""CDR"",""statements"":[{""parameters"":{""name"":""ifc.ootb.CDR.duration"",""operator"":""equals"",""value"":10},""type"":""filter""},{""parameters"":{""name"":""ifc.ootb.CDR.startTime"",""operator"":""between"",""value"":[""2024-03-01"",""2024-03-31""]},""type"":""filter""},{""parameters"":{""operatorValue"":""OR""},""statements"":[{""parameters"":{""name"":""ifc.ootb.CDR.msisdn"",""operator"":""equals"",""value"":""0527418529""},""type"":""filter""},{""parameters"":{""name"":""ifc.ootb.CDR.msisdn"",""operator"":""equals"",""value"":""+972523698741""},""type"":""filter""},{""parameters"":{""name"":""ifc.ootb.CDR.msisdn2"",""operator"":""equals"",""value"":""0527418529""},""type"":""filter""},{""parameters"":{""name"":""ifc.ootb.CDR.msisdn2"",""operator"":""equals"",""value"":""+972523698741""},""type"":""filter""}],""type"":""operator""}]}","{""entityType"":""CDR"",""statements"":[{""parameters"":{""name"":""ifc.ootb.CDR.msisdn"",""operator"":""equals"",""value"":""0543037210""},""type"":""filter""},{""parameters"":{""name"":""ifc.ootb.CDR.msisdn2"",""operator"":""equals"",""value"":""0506519105""},""type"":""filter""},{""parameters"":{""name"":""ifc.ootb.CDR.startTime"",""operator"":""between"",""value"":[""2024-02-01"",""2024-02-29""]},""type"":""filter""}]}",0.46920429383759776,wrong_structure_or_value,"{""component_decoder"": ""shared_model"", ""hierarchy_score"": 1.434596710601, ""retrieval_score"": 0.20007331729682076, ""retrieved_row_id"": 109, ""root_probabilities"": {""CDR"": 0.6141209735134008, ""EVisa Request"": 0.02618264374048794, ""Insight"": 0.044524627184846045, ""Investigation"": 0.06167051242087982, ""Person"": 0.03525684958531729, ""Phone"": 0.051451551331775515, ""Report"": 0.04848615133501596, ""Web Activity"": 0.057663631329598806, ""Web Actor"": 0.06064305955867781}}"
438,List all communications to Samsung Galaxy S21 devices,"{""entityType"":""CDR"",""statements"":[{""parameters"":{""relationTargetType"":[""Phone""],""relationType"":[""relation_Callee""]},""statements"":[{""parameters"":{""name"":""ifc.ootb.Participant.deviceName"",""operator"":""equals"",""value"":""Samsung Galaxy S21""},""type"":""filter""}],""type"":""relation""}]}","{""entityType"":""Phone"",""statements"":[{""parameters"":{""name"":""ifc.ootb.Participant.deviceName"",""operator"":""contains"",""value"":""Samsung Galaxy S21""},""type"":""filter""}]}",0.47715550315799354,wrong_root,"{""component_decoder"": ""shared_model"", ""hierarchy_score"": 1.996886330315, ""retrieval_score"": 0.7927619219113053, ""retrieved_row_id"": 693, ""root_probabilities"": {""CDR"": 0.3022807509582027, ""EVisa Request"": 0.04854234177403441, ""Insight"": 0.04780077383105784, ""Investigation"": 0.07251346597733936, ""Person"": 0.057791330172418505, ""Phone"": 0.30721358536774873, ""Report"": 0.04506844286995632, ""Web Activity"": 0.06729371103723446, ""Web Actor"": 0.05149559801200759}}"
453,high priority cases opened in the last 48 hours,"{""entityType"":""Investigation"",""statements"":[{""parameters"":{""name"":""ifc.core.createtime"",""operator"":""relative"",""value"":{""count"":48,""mode"":""previous"",""time_res"":""hour""}},""type"":""filter""},{""parameters"":{""name"":""ifc.core.priority"",""operator"":""equals"",""value"":""High""},""type"":""filter""}]}","{""entityType"":""Investigation"",""statements"":[{""parameters"":{""name"":""ifc.core.priority"",""operator"":""equals"",""value"":""High""},""type"":""filter""},{""parameters"":{""name"":""ifc.core.priority"",""operator"":""relative"",""value"":{""count"":48,""mode"":""previous"",""time_res"":""hour""}},""type"":""filter""}]}",0.4264575786862736,wrong_structure_or_value,"{""component_decoder"": ""shared_model"", ""hierarchy_score"": 1.602529585663, ""retrieval_score"": 0.3929622008464668, ""retrieved_row_id"": 690, ""root_probabilities"": {""CDR"": 0.14157992870031347, ""EVisa Request"": 0.0921401810607342, ""Insight"": 0.05500330302299767, ""Investigation"": 0.44449355136924645, ""Person"": 0.040368239118267084, ""Phone"": 0.05312875396345896, ""Report"": 0.04870055999163149, ""Web Activity"": 0.06733633427671153, ""Web Actor"": 0.057249148496639334}}"
455,"Show me insights created between March 1, 2024 and March 10, 2024 related to bank robbery.","{""entityType"":""Insight"",""statements"":[{""parameters"":{""name"":""ifc.core.createtime"",""operator"":""between"",""value"":[""2024-03-01"",""2024-03-10""]},""type"":""filter""},{""parameters"":{""name"":""text"",""operator"":""contains"",""value"":""bank robbery""},""type"":""filter""}]}","{""entityType"":""Insight"",""statements"":[{""parameters"":{""operatorValue"":""OR""},""statements"":[{""parameters"":{""name"":""ifc.core.createtime"",""operator"":""between"",""value"":[""2024-03-01"",""2024-03-10""]},""type"":""filter""},{""parameters"":{""name"":""ifc.core.createtime"",""operator"":""between"",""value"":[""2024-03-01"",""2024-03-10""]},""type"":""filter""}],""type"":""operator""}]}",0.5220014474247812,wrong_structure_or_value,"{""component_decoder"": ""shared_model"", ""hierarchy_score"": 2.02909297344, ""retrieval_score"": 0.446632102602841, ""retrieved_row_id"": 40, ""root_probabilities"": {""CDR"": 0.05886910269689613, ""EVisa Request"": 0.021120995938405277, ""Insight"": 0.5625849407904413, ""Investigation"": 0.12251892879162501, ""Person"": 0.026733778850913405, ""Phone"": 0.03448033479550792, ""Report"": 0.060234274651328315, ""Web Activity"": 0.06313143024180007, ""Web Actor"": 0.05032621324308233}}"
459,What Facebook profiles didnt contain the last name 'Smith'?,"{""entityType"":""Web Actor"",""statements"":[{""parameters"":{""name"":""ifc.ootb.Orbis.platform"",""operator"":""equals"",""value"":""facebook""},""type"":""filter""},{""parameters"":{""name"":""ifc.ootb.WebActor.lastName"",""operator"":""not_equal"",""value"":""Smith""},""type"":""filter""}]}","{""entityType"":""Web Actor"",""statements"":[{""parameters"":{""name"":""ifc.ootb.Orbis.platform"",""operator"":""equals"",""value"":""facebook""},""type"":""filter""},{""parameters"":{""name"":""ifc.ootb.WebActor.lastName"",""operator"":""equals"",""value"":""Smith""},""type"":""filter""},{""parameters"":{""name"":""ifc.ootb.WebActor.numberPagesLiked"",""operator"":""contains"",""value"":""Smith""},""type"":""filter""}]}",0.533466072681479,wrong_structure_or_value,"{""component_decoder"": ""shared_model"", ""hierarchy_score"": 1.555395914328, ""retrieval_score"": 0.36505360834164746, ""retrieved_row_id"": 535, ""root_probabilities"": {""CDR"": 0.04825101951360602, ""EVisa Request"": 0.024622740124891355, ""Insight"": 0.04446595054355295, ""Investigation"": 0.025316183519169165, ""Person"": 0.05880856734567231, ""Phone"": 0.04496792159127664, ""Report"": 0.04667853355393748, ""Web Activity"": 0.08273937648189032, ""Web Actor"": 0.6241497073260038}}"
475,Find insights related to the seized counterfeit goods from February 2024.,"{""entityType"":""Insight"",""statements"":[{""parameters"":{""name"":""ifc.core.createtime"",""operator"":""between"",""value"":[""2024-02-01"",""2024-02-29""]},""type"":""filter""},{""parameters"":{""name"":""text"",""operator"":""contains"",""value"":""seized counterfeit goods""},""type"":""filter""}]}","{""entityType"":""Insight"",""statements"":[{""parameters"":{""name"":""text"",""operator"":""contains"",""value"":""seized contraband""},""type"":""filter""}]}",0.6235296933243275,wrong_structure_or_value,"{""component_decoder"": ""shared_model"", ""hierarchy_score"": 1.889417248937, ""retrieval_score"": 0.4359508000150305, ""retrieved_row_id"": 336, ""root_probabilities"": {""CDR"": 0.06089047476528746, ""EVisa Request"": 0.01647276878571743, ""Insight"": 0.7245337127985644, ""Investigation"": 0.03966836699606396, ""Person"": 0.020286754902615042, ""Phone"": 0.024208127592041623, ""Report"": 0.02723456460060326, ""Web Activity"": 0.03916429472808678, ""Web Actor"": 0.04754093483102015}}"
477,Show me all cases related to money laundering,"{""entityType"":""Investigation"",""statements"":[{""parameters"":{""name"":""ifc.core.description"",""operator"":""contains"",""value"":""money laundering""},""type"":""filter""}]}","{""entityType"":""Investigation"",""statements"":[{""parameters"":{""name"":""ifc.core.description"",""operator"":""contains"",""value"":""cybercrime""},""type"":""filter""}]}",0.314073399450683,wrong_structure_or_value,"{""component_decoder"": ""shared_model"", ""hierarchy_score"": 0.935376222649, ""retrieval_score"": 0.41387276490153546, ""retrieved_row_id"": 571, ""root_probabilities"": {""CDR"": 0.1394379342341478, ""EVisa Request"": 0.04936016065620261, ""Insight"": 0.1393678322109371, ""Investigation"": 0.2603352795925317, ""Person"": 0.06884925216759066, ""Phone"": 0.07865422029036703, ""Report"": 0.10190420407389322, ""Web Activity"": 0.09818510540577322, ""Web Actor"": 0.0639060113685567}}"
480,Find all text messages to 0506519105 on 10 March 2024.,"{""entityType"":""CDR"",""statements"":[{""parameters"":{""name"":""ifc.ootb.CDR.msisdn2"",""operator"":""equals"",""value"":""0506519105""},""type"":""filter""},{""parameters"":{""name"":""ifc.ootb.CDR.startTime"",""operator"":""is"",""value"":""2024-03-10""},""type"":""filter""},{""parameters"":{""name"":""ifc.ootb.CDR.type"",""operator"":""equals"",""value"":""Text""},""type"":""filter""}]}","{""entityType"":""CDR"",""statements"":[{""parameters"":{""name"":""ifc.ootb.CDR.msisdn2"",""operator"":""not_equal"",""value"":""0506519105""},""type"":""filter""},{""parameters"":{""name"":""ifc.ootb.CDR.startTime"",""operator"":""is"",""value"":""2024-03-10""},""type"":""filter""},{""parameters"":{""name"":""ifc.ootb.CDR.type"",""operator"":""equals"",""value"":""Text""},""type"":""filter""}]}",0.6215399713806133,wrong_structure_or_value,"{""component_decoder"": ""shared_model"", ""hierarchy_score"": 1.758713672157, ""retrieval_score"": 0.8155296992626192, ""retrieved_row_id"": 668, ""root_probabilities"": {""CDR"": 0.5170839640595334, ""EVisa Request"": 0.0317774332759956, ""Insight"": 0.060332439736241444, ""Investigation"": 0.04670088804396527, ""Person"": 0.05120314777277059, ""Phone"": 0.08573098537896737, ""Report"": 0.06888043704327579, ""Web Activity"": 0.08396250789904491, ""Web Actor"": 0.054328196790205646}}"
487,Which phones have an access calling number starting with '+44'?,"{""entityType"":""Phone"",""statements"":[{""parameters"":{""name"":""ifc.Phone.accessCallingNumber"",""operator"":""begins_with"",""value"":""+44""},""type"":""filter""}]}","{""entityType"":""Phone"",""statements"":[{""parameters"":{""name"":""ifc.Phone.accessCallingNumber"",""operator"":""equals"",""value"":""+1-555-123-4567""},""type"":""filter""}]}",0.4619394412797646,wrong_structure_or_value,"{""component_decoder"": ""shared_model"", ""hierarchy_score"": 0.78890580574, ""retrieval_score"": 0.4152607446023553, ""retrieved_row_id"": 736, ""root_probabilities"": {""CDR"": 0.12848912173108104, ""EVisa Request"": 0.030839250189130068, ""Insight"": 0.03598391025407924, ""Investigation"": 0.034247868310777356, ""Person"": 0.07133309738321907, ""Phone"": 0.487074124106062, ""Report"": 0.033426269216088225, ""Web Activity"": 0.07065658281685964, ""Web Actor"": 0.10794977599270342}}"
489,Retrieve all web activities collected in the first half of March 2024 that originated from IP 192.168.0.1,"{""entityType"":""Web Activity"",""statements"":[{""parameters"":{""name"":""ifc.ootb.Orbis.collectDate"",""operator"":""between"",""value"":[""2024-03-01"",""2024-03-15""]},""type"":""filter""},{""parameters"":{""name"":""ifc.ootb.Orbis.ipAddress"",""operator"":""equals"",""value"":""192.168.0.1""},""type"":""filter""}]}","{""entityType"":""Web Activity"",""statements"":[{""parameters"":{""name"":""ifc.ootb.Orbis.collectDate"",""operator"":""between"",""value"":[""2024-03-15"",""2024-03-20""]},""type"":""filter""}]}",0.4979779732338811,wrong_structure_or_value,"{""component_decoder"": ""shared_model"", ""hierarchy_score"": 1.366685266766, ""retrieval_score"": 0.38941258826037894, ""retrieved_row_id"": 516, ""root_probabilities"": {""CDR"": 0.129829197464125, ""EVisa Request"": 0.02303966692354567, ""Insight"": 0.05652202663848213, ""Investigation"": 0.0345982124686553, ""Person"": 0.04288736814734889, ""Phone"": 0.04880484932864958, ""Report"": 0.04362639996342584, ""Web Activity"": 0.5564362574503823, ""Web Actor"": 0.06425602161538539}}"
491,What communications were made by phones in Spanish to 192.168.0.1?,"{""entityType"":""CDR"",""statements"":[{""parameters"":{""name"":""ifc.ootb.CDR.ipAddress2"",""operator"":""equals"",""value"":""192.168.0.1""},""type"":""filter""},{""parameters"":{""relationTargetType"":[""Phone""],""relationType"":[""relation_Caller""]},""statements"":[{""parameters"":{""name"":""ifc.ootb.Participant.tlidDominantLanguage"",""operator"":""equals"",""value"":""Spanish""},""type"":""filter""}],""type"":""relation""}]}","{""entityType"":""CDR"",""statements"":[{""parameters"":{""name"":""ifc.ootb.CDR.ipAddress"",""operator"":""equals"",""value"":""192.168.0.1""},""type"":""filter""},{""parameters"":{""name"":""ifc.ootb.CDR.startTime"",""operator"":""is"",""value"":""2024-03-15""},""type"":""filter""}]}",0.5622923598688492,wrong_structure_or_value,"{""component_decoder"": ""shared_model"", ""hierarchy_score"": 1.618145345133, ""retrieval_score"": 0.4597764116349758, ""retrieved_row_id"": 624, ""root_probabilities"": {""CDR"": 0.6174932550717042, ""EVisa Request"": 0.022107457780746017, ""Insight"": 0.030345708881161206, ""Investigation"": 0.04472249380350572, ""Person"": 0.0248166219324737, ""Phone"": 0.10821384836357402, ""Report"": 0.0295446862269709, ""Web Activity"": 0.08831580027180796, ""Web Actor"": 0.03444012766805633}}"
498,Find all text messages containing 'password' sent from +972543037210 in 2024.,"{""entityType"":""CDR"",""statements"":[{""parameters"":{""name"":""ifc.ootb.CDR.msisdn"",""operator"":""equals"",""value"":""+972543037210""},""type"":""filter""},{""parameters"":{""name"":""ifc.ootb.CDR.smsText"",""operator"":""contains"",""value"":""password""},""type"":""filter""},{""parameters"":{""name"":""ifc.ootb.CDR.startTime"",""operator"":""between"",""value"":[""2024-01-01"",""2024-12-31""]},""type"":""filter""},{""parameters"":{""name"":""ifc.ootb.CDR.type"",""operator"":""equals"",""value"":""Text""},""type"":""filter""}]}","{""entityType"":""CDR"",""statements"":[{""parameters"":{""name"":""ifc.ootb.CDR.msisdn"",""operator"":""equals"",""value"":""+972543037210""},""type"":""filter""},{""parameters"":{""name"":""ifc.ootb.CDR.smsText"",""operator"":""contains"",""value"":""password""},""type"":""filter""},{""parameters"":{""name"":""ifc.ootb.CDR.startTime"",""operator"":""relative"",""value"":""password""},""type"":""filter""},{""parameters"":{""name"":""ifc.ootb.CDR.type"",""operator"":""equals"",""value"":""Text""},""type"":""filter""}]}",0.5284744436637103,wrong_structure_or_value,"{""component_decoder"": ""shared_model"", ""hierarchy_score"": 1.689545688983, ""retrieval_score"": 0.37895470118170405, ""retrieved_row_id"": 148, ""root_probabilities"": {""CDR"": 0.6089850742309445, ""EVisa Request"": 0.02586597581129707, ""Insight"": 0.05732206648121719, ""Investigation"": 0.03418823940958892, ""Person"": 0.037574192620222116, ""Phone"": 0.050091841484854786, ""Report"": 0.06343636216886532, ""Web Activity"": 0.08406506649126391, ""Web Actor"": 0.038471181301746295}}"
499,Retrieve all communications involving IP address 192.168.0.1 or email address john@example.com yesterday,"{""entityType"":""CDR"",""statements"":[{""parameters"":{""name"":""ifc.ootb.CDR.startTime"",""operator"":""relative"",""value"":{""count"":1,""mode"":""previous"",""time_res"":""day""}},""type"":""filter""},{""parameters"":{""operatorValue"":""OR""},""statements"":[{""parameters"":{""name"":""ifc.ootb.CDR.ipAddress"",""operator"":""equals"",""value"":""192.168.0.1""},""type"":""filter""},{""parameters"":{""name"":""ifc.ootb.CDR.ipAddress2"",""operator"":""equals"",""value"":""192.168.0.1""},""type"":""filter""},{""parameters"":{""name"":""ifc.ootb.CDR.originatorEmailAddress"",""operator"":""equals"",""value"":""john@example.com""},""type"":""filter""},{""parameters"":{""name"":""ifc.ootb.CDR.destinationEmailAddress"",""operator"":""equals"",""value"":""john@example.com""},""type"":""filter""}],""type"":""operator""}]}","{""entityType"":""CDR"",""statements"":[{""parameters"":{""name"":""ifc.ootb.CDR.ipAddress"",""operator"":""equals"",""value"":""192.168.0.1""},""type"":""filter""},{""parameters"":{""name"":""ifc.ootb.CDR.startTime"",""operator"":""relative"",""value"":""john@example.com""},""type"":""filter""}]}",0.5244647944508777,wrong_structure_or_value,"{""component_decoder"": ""shared_model"", ""hierarchy_score"": 1.776587328169, ""retrieval_score"": 0.5356151617583697, ""retrieved_row_id"": 311, ""root_probabilities"": {""CDR"": 0.5184607505160743, ""EVisa Request"": 0.03184536263697481, ""Insight"": 0.04968063758791192, ""Investigation"": 0.055457536445851253, ""Person"": 0.06040921348932361, ""Phone"": 0.04497408250352717, ""Report"": 0.057389311761074244, ""Web Activity"": 0.11090848630048464, ""Web Actor"": 0.07087461875877818}}"
505,What posts containing the phrase 'artificial intelligence' were made by actors with a master's degree?,"{""entityType"":""Web Activity"",""statements"":[{""parameters"":{""name"":""ifc.ootb.WebActivity.text"",""operator"":""contains"",""value"":""artificial intelligence""},""type"":""filter""},{""parameters"":{""relationTargetType"":[""Web Actor""],""relationType"":[""relation_Writer""]},""statements"":[{""parameters"":{""name"":""ifc.ootb.WebActor.educationalInstitution"",""operator"":""contains"",""value"":""master""},""type"":""filter""}],""type"":""relation""}]}","{""entityType"":""Web Activity"",""statements"":[{""parameters"":{""operatorValue"":""OR""},""statements"":[{""parameters"":{""name"":""ifc.ootb.WebActivity.text"",""operator"":""contains"",""value"":""artificial intelligence""},""type"":""filter""},{""parameters"":{""name"":""ifc.ootb.WebActivity.text"",""operator"":""contains"",""value"":""artificial intelligence""},""type"":""filter""}],""type"":""operator""}]}",0.29525845384423105,wrong_structure_or_value,"{""component_decoder"": ""shared_model"", ""hierarchy_score"": 1.691768600171, ""retrieval_score"": 0.05367367397325284, ""retrieved_row_id"": 733, ""root_probabilities"": {""CDR"": 0.12175122311721055, ""EVisa Request"": 0.03039014439100137, ""Insight"": 0.06822242606613442, ""Investigation"": 0.04135191226838467, ""Person"": 0.05243838054549969, ""Phone"": 0.06961575865519253, ""Report"": 0.09063259152329799, ""Web Activity"": 0.4253425660824501, ""Web Actor"": 0.10025499735082882}}"
510,Get all cellular records involving +972548765432,"{""entityType"":""CDR"",""statements"":[{""parameters"":{""operatorValue"":""OR""},""statements"":[{""parameters"":{""name"":""ifc.ootb.CDR.msisdn"",""operator"":""equals"",""value"":""+972548765432""},""type"":""filter""},{""parameters"":{""name"":""ifc.ootb.CDR.msisdn2"",""operator"":""equals"",""value"":""+972548765432""},""type"":""filter""}],""type"":""operator""}]}","{""entityType"":""CDR"",""statements"":[{""parameters"":{""name"":""ifc.ootb.CDR.type"",""operator"":""equals"",""value"":""Voice""},""type"":""filter""},{""parameters"":{""operatorValue"":""OR""},""statements"":[{""parameters"":{""name"":""ifc.ootb.CDR.msisdn"",""operator"":""equals"",""value"":""+972548765432""},""type"":""filter""},{""parameters"":{""name"":""ifc.ootb.CDR.msisdn2"",""operator"":""equals"",""value"":""+972548765432""},""type"":""filter""}],""type"":""operator""}]}",0.2912043385379996,wrong_structure_or_value,"{""component_decoder"": ""shared_model"", ""hierarchy_score"": 1.117116754181, ""retrieval_score"": 0.22822550454962867, ""retrieved_row_id"": 275, ""root_probabilities"": {""CDR"": 0.3251160183778916, ""EVisa Request"": 0.05366449561664836, ""Insight"": 0.07933277510684021, ""Investigation"": 0.09422987968112835, ""Person"": 0.07602987569900967, ""Phone"": 0.10933422418972524, ""Report"": 0.0694283307497434, ""Web Activity"": 0.12341302208364065, ""Web Actor"": 0.06945137849537251}}"
512,Show me people whose passport number starts with 'P' or contains '123',"{""entityType"":""Person"",""statements"":[{""parameters"":{""operatorValue"":""OR""},""statements"":[{""parameters"":{""name"":""ifc.Person.passport"",""operator"":""begins_with"",""value"":""P""},""type"":""filter""},{""parameters"":{""name"":""ifc.Person.passport"",""operator"":""contains"",""value"":""123""},""type"":""filter""}],""type"":""operator""}]}","{""entityType"":""Person"",""statements"":[{""parameters"":{""name"":""ifc.Person.passport"",""operator"":""begins_with"",""value"":""123""},""type"":""filter""},{""parameters"":{""operatorValue"":""OR""},""statements"":[{""parameters"":{""name"":""ifc.Person.passport"",""operator"":""begins_with"",""value"":""123""},""type"":""filter""},{""parameters"":{""name"":""ifc.Person.passport"",""operator"":""contains"",""value"":""123""},""type"":""filter""}],""type"":""operator""}]}",0.6130477649344598,wrong_structure_or_value,"{""component_decoder"": ""shared_model"", ""hierarchy_score"": 2.076256523055, ""retrieval_score"": 0.5366686647473403, ""retrieved_row_id"": 155, ""root_probabilities"": {""CDR"": 0.05888802943854897, ""EVisa Request"": 0.03111705515480968, ""Insight"": 0.037537161708451776, ""Investigation"": 0.029459792161870522, ""Person"": 0.6541749727275241, ""Phone"": 0.05374327102058697, ""Report"": 0.04612920935169108, ""Web Activity"": 0.0435224123537143, ""Web Actor"": 0.045428096082802606}}"
524,List reports updated in the first quarter of 2024,"{""entityType"":""Report"",""statements"":[{""parameters"":{""name"":""ifc.core.updatetime"",""operator"":""between"",""value"":[""2024-01-01"",""2024-03-31""]},""type"":""filter""}]}","{""entityType"":""Report"",""statements"":[{""parameters"":{""name"":""ifc.core.updatetime"",""operator"":""relative"",""value"":{""count"":3,""mode"":""previous"",""time_res"":""day""}},""type"":""filter""}]}",0.6521116884117804,wrong_structure_or_value,"{""component_decoder"": ""shared_model"", ""hierarchy_score"": 1.860071805986, ""retrieval_score"": 0.5089274296412182, ""retrieved_row_id"": 255, ""root_probabilities"": {""CDR"": 0.031680913261161354, ""EVisa Request"": 0.018160192447861493, ""Insight"": 0.04065782377167751, ""Investigation"": 0.06171575949915282, ""Person"": 0.027005884247933768, ""Phone"": 0.027984582383285113, ""Report"": 0.7292109046728522, ""Web Activity"": 0.032748999801488425, ""Web Actor"": 0.030834939914587325}}"
538,Show me activities from March 2024 that have hashtags #elections or #politics,"{""entityType"":""Web Activity"",""statements"":[{""parameters"":{""name"":""ifc.ootb.Orbis.publishDate"",""operator"":""between"",""value"":[""2024-03-01"",""2024-03-31""]},""type"":""filter""},{""parameters"":{""operatorValue"":""OR""},""statements"":[{""parameters"":{""name"":""ifc.ootb.Orbis.hashtags"",""operator"":""contains"",""value"":""#elections""},""type"":""filter""},{""parameters"":{""name"":""ifc.ootb.Orbis.hashtags"",""operator"":""contains"",""value"":""#politics""},""type"":""filter""}],""type"":""operator""}]}","{""entityType"":""Web Activity"",""statements"":[{""parameters"":{""operatorValue"":""OR""},""statements"":[{""parameters"":{""name"":""ifc.ootb.Orbis.publishDate"",""operator"":""is"",""value"":""2024-03-01""},""type"":""filter""},{""parameters"":{""name"":""ifc.ootb.Orbis.publishDate"",""operator"":""is"",""value"":""2024-03-02""},""type"":""filter""}],""type"":""operator""},{""parameters"":{""operatorValue"":""OR""},""statements"":[{""parameters"":{""name"":""ifc.ootb.Orbis.hashtags"",""operator"":""contains"",""value"":""#election""},""type"":""filter""},{""parameters"":{""name"":""ifc.ootb.Orbis.hashtags"",""operator"":""contains"",""value"":""#vote""},""type"":""filter""}],""type"":""operator""}]}",0.5373304217781265,wrong_structure_or_value,"{""component_decoder"": ""shared_model"", ""hierarchy_score"": 1.479626155225, ""retrieval_score"": 0.45580408344528756, ""retrieved_row_id"": 426, ""root_probabilities"": {""CDR"": 0.082836648058452, ""EVisa Request"": 0.021709077692813633, ""Insight"": 0.050888121853285145, ""Investigation"": 0.04576601537795575, ""Person"": 0.030456754152852893, ""Phone"": 0.060634322038728546, ""Report"": 0.03601173807666464, ""Web Activity"": 0.5812292193419629, ""Web Actor"": 0.09046810340728434}}"
581,Find the phone details for device name 'iPhone 13 Pro Max',"{""entityType"":""Phone"",""statements"":[{""parameters"":{""name"":""ifc.ootb.Participant.deviceName"",""operator"":""equals"",""value"":""iPhone 13 Pro Max""},""type"":""filter""}]}","{""entityType"":""Phone"",""statements"":[{""parameters"":{""name"":""ifc.ootb.Participant.deviceName"",""operator"":""equals"",""value"":""iPhone""},""type"":""filter""}]}",0.5941448343059575,wrong_structure_or_value,"{""component_decoder"": ""shared_model"", ""hierarchy_score"": 1.704879031263, ""retrieval_score"": 0.45574939288844973, ""retrieved_row_id"": 402, ""root_probabilities"": {""CDR"": 0.07261592856793024, ""EVisa Request"": 0.022667151369370895, ""Insight"": 0.03499805240393973, ""Investigation"": 0.029312095245571636, ""Person"": 0.04519919304364935, ""Phone"": 0.6686654566076925, ""Report"": 0.03423740325304211, ""Web Activity"": 0.04529244778788494, ""Web Actor"": 0.047012271720918535}}"
591,Find Twitter accounts with 'jane' in the first name and 'doe' in the last name that follow 100 people,"{""entityType"":""Web Actor"",""statements"":[{""parameters"":{""name"":""ifc.ootb.Orbis.platform"",""operator"":""equals"",""value"":""twitter""},""type"":""filter""},{""parameters"":{""name"":""ifc.ootb.WebActor.firstName"",""operator"":""contains"",""value"":""jane""},""type"":""filter""},{""parameters"":{""name"":""ifc.ootb.WebActor.lastName"",""operator"":""contains"",""value"":""doe""},""type"":""filter""},{""parameters"":{""name"":""ifc.ootb.WebActor.numberOfFollowing"",""operator"":""equals"",""value"":100},""type"":""filter""}]}","{""entityType"":""Web Actor"",""statements"":[{""parameters"":{""name"":""ifc.ootb.Orbis.platform"",""operator"":""equals"",""value"":""twitter""},""type"":""filter""},{""parameters"":{""name"":""ifc.ootb.WebActor.firstName"",""operator"":""contains"",""value"":""jane""},""type"":""filter""},{""parameters"":{""name"":""ifc.ootb.WebActor.sentimentScore"",""operator"":""relative"",""value"":""doe""},""type"":""filter""}]}",0.5278646063108927,wrong_structure_or_value,"{""component_decoder"": ""shared_model"", ""hierarchy_score"": 1.382762638512, ""retrieval_score"": 0.5019837331962459, ""retrieved_row_id"": 737, ""root_probabilities"": {""CDR"": 0.04516796336926537, ""EVisa Request"": 0.02483340605802399, ""Insight"": 0.03609871443595025, ""Investigation"": 0.028388038590770926, ""Person"": 0.18245887609464387, ""Phone"": 0.050937530195420806, ""Report"": 0.03505709847227511, ""Web Activity"": 0.055257911718716406, ""Web Actor"": 0.5418004610649333}}"
619,Find mobile phones last active on 25 December 2023,"{""entityType"":""Phone"",""statements"":[{""parameters"":{""name"":""ifc.Phone.type"",""operator"":""equals"",""value"":""Mobile""},""type"":""filter""},{""parameters"":{""name"":""ifc.ootb.Participant.lastActiveDate"",""operator"":""is"",""value"":""2023-12-25""},""type"":""filter""}]}","{""entityType"":""Phone"",""statements"":[{""parameters"":{""name"":""ifc.Phone.type"",""operator"":""equals"",""value"":""Mobile""},""type"":""filter""},{""parameters"":{""name"":""ifc.ootb.Participant.lastActiveDate"",""operator"":""relative"",""value"":""2023-12-25""},""type"":""filter""}]}",0.5808372137285737,wrong_structure_or_value,"{""component_decoder"": ""shared_model"", ""hierarchy_score"": 1.689774287107, ""retrieval_score"": 0.474355381456834, ""retrieved_row_id"": 259, ""root_probabilities"": {""CDR"": 0.07101204537649038, ""EVisa Request"": 0.037938072160251635, ""Insight"": 0.029809456732977142, ""Investigation"": 0.026394421828769714, ""Person"": 0.04303891981611447, ""Phone"": 0.6381735849518182, ""Report"": 0.037132725922629575, ""Web Activity"": 0.06257162812713832, ""Web Actor"": 0.053929145083810505}}"
628,Show me all communications from phones with alias name 'Secret Agent' to email 'contact@company.com'.,"{""entityType"":""CDR"",""statements"":[{""parameters"":{""name"":""ifc.ootb.CDR.destinationEmailAddress"",""operator"":""equals"",""value"":""contact@company.com""},""type"":""filter""},{""parameters"":{""relationTargetType"":[""Phone""],""relationType"":[""relation_Caller""]},""statements"":[{""parameters"":{""name"":""ifc.ootb.Participant.aliasName"",""operator"":""equals"",""value"":""Secret Agent""},""type"":""filter""}],""type"":""relation""}]}","{""entityType"":""CDR"",""statements"":[{""parameters"":{""name"":""ifc.ootb.CDR.type"",""operator"":""equals"",""value"":""Email""},""type"":""filter""},{""parameters"":{""relationTargetType"":[""Phone""],""relationType"":[""relation_Callee""]},""statements"":[{""parameters"":{""name"":""ifc.ootb.Participant.aliasName"",""operator"":""equals"",""value"":""Agent""},""type"":""filter""}],""type"":""relation""}]}",0.4917216915592579,wrong_structure_or_value,"{""component_decoder"": ""shared_model"", ""hierarchy_score"": 1.467301878222, ""retrieval_score"": 0.17706496305848585, ""retrieved_row_id"": 525, ""root_probabilities"": {""CDR"": 0.6611522376750583, ""EVisa Request"": 0.020877328321487663, ""Insight"": 0.028166788131415824, ""Investigation"": 0.032316922376452666, ""Person"": 0.04969238604885125, ""Phone"": 0.11122476579415032, ""Report"": 0.024259901015799175, ""Web Activity"": 0.04012742814061247, ""Web Actor"": 0.03218224249617253}}"
641,show all email conversations of danicohen@gmail.com,"{""entityType"":""CDR"",""statements"":[{""parameters"":{""name"":""ifc.ootb.CDR.type"",""operator"":""equals"",""value"":""Email""},""type"":""filter""},{""parameters"":{""operatorValue"":""OR""},""statements"":[{""parameters"":{""name"":""ifc.ootb.CDR.originatorEmailAddress"",""operator"":""equals"",""value"":""danicohen@gmail.com""},""type"":""filter""},{""parameters"":{""name"":""ifc.ootb.CDR.destinationEmailAddress"",""operator"":""equals"",""value"":""danicohen@gmail.com""},""type"":""filter""}],""type"":""operator""}]}","{""entityType"":""CDR"",""statements"":[{""parameters"":{""name"":""ifc.ootb.CDR.originatorEmailAddress"",""operator"":""equals"",""value"":""danicohen@gmail.com""},""type"":""filter""},{""parameters"":{""name"":""ifc.ootb.CDR.type"",""operator"":""equals"",""value"":""Email""},""type"":""filter""}]}",0.47348999248112766,wrong_structure_or_value,"{""component_decoder"": ""shared_model"", ""hierarchy_score"": 1.774237350597, ""retrieval_score"": 0.35733272877232714, ""retrieved_row_id"": 420, ""root_probabilities"": {""CDR"": 0.536036211401251, ""EVisa Request"": 0.03696846266395844, ""Insight"": 0.048458459831554355, ""Investigation"": 0.07388514844565537, ""Person"": 0.05728028463574427, ""Phone"": 0.0656759161782029, ""Report"": 0.050053692505440645, ""Web Activity"": 0.07025399819941376, ""Web Actor"": 0.06138782613877942}}"
650,Find all SMS messages with the keyword 'meeting' sent to 0506519105 but not from 0543037210 on 20 March 2024,"{""entityType"":""CDR"",""statements"":[{""parameters"":{""name"":""ifc.ootb.CDR.msisdn"",""operator"":""not_equal"",""value"":""0543037210""},""type"":""filter""},{""parameters"":{""name"":""ifc.ootb.CDR.msisdn2"",""operator"":""equals"",""value"":""0506519105""},""type"":""filter""},{""parameters"":{""name"":""ifc.ootb.CDR.smsText"",""operator"":""contains"",""value"":""meeting""},""type"":""filter""},{""parameters"":{""name"":""ifc.ootb.CDR.startTime"",""operator"":""is"",""value"":""2024-03-20""},""type"":""filter""},{""parameters"":{""name"":""ifc.ootb.CDR.type"",""operator"":""equals"",""value"":""Text""},""type"":""filter""}]}","{""entityType"":""CDR"",""statements"":[{""parameters"":{""name"":""ifc.ootb.CDR.msisdn2"",""operator"":""not_equal"",""value"":""0543037210""},""type"":""filter""},{""parameters"":{""name"":""ifc.ootb.CDR.startTime"",""operator"":""is"",""value"":""2024-03-20""},""type"":""filter""},{""parameters"":{""name"":""ifc.ootb.CDR.type"",""operator"":""equals"",""value"":""Text""},""type"":""filter""}]}",0.654893536036463,wrong_structure_or_value,"{""component_decoder"": ""shared_model"", ""hierarchy_score"": 1.983706056968, ""retrieval_score"": 0.41920263985273915, ""retrieved_row_id"": 668, ""root_probabilities"": {""CDR"": 0.7818040185969297, ""EVisa Request"": 0.014060685156349263, ""Insight"": 0.030977447758045108, ""Investigation"": 0.020892693763534673, ""Person"": 0.029781945063025114, ""Phone"": 0.03246895677162865, ""Report"": 0.02297292198128937, ""Web Activity"": 0.04372843368764821, ""Web Actor"": 0.023312897221549868}}"
673,Retrieve all Instagram stories posted yesterday tagging the username @janesmith,"{""entityType"":""Web Activity"",""statements"":[{""parameters"":{""name"":""ifc.ootb.Orbis.mentions"",""operator"":""contains"",""value"":""@janesmith""},""type"":""filter""},{""parameters"":{""name"":""ifc.ootb.Orbis.platform"",""operator"":""equals"",""value"":""instagram""},""type"":""filter""},{""parameters"":{""name"":""ifc.ootb.Orbis.publishDate"",""operator"":""relative"",""value"":{""count"":1,""mode"":""previous"",""time_res"":""day""}},""type"":""filter""}]}","{""entityType"":""Web Activity"",""statements"":[{""parameters"":{""name"":""ifc.ootb.Orbis.mentions"",""operator"":""contains"",""value"":""@johndoe""},""type"":""filter""},{""parameters"":{""name"":""ifc.ootb.Orbis.platform"",""operator"":""equals"",""value"":""instagram""},""type"":""filter""},{""parameters"":{""name"":""ifc.ootb.Orbis.publishDate"",""operator"":""relative"",""value"":{""count"":1,""mode"":""previous"",""time_res"":""month""}},""type"":""filter""}]}",0.3948911634309823,wrong_structure_or_value,"{""component_decoder"": ""shared_model"", ""hierarchy_score"": 1.610480555549, ""retrieval_score"": 0.5181344676770162, ""retrieved_row_id"": 667, ""root_probabilities"": {""CDR"": 0.11647504398539363, ""EVisa Request"": 0.04092848793524188, ""Insight"": 0.08639828879558054, ""Investigation"": 0.048235830096810414, ""Person"": 0.08489130447120229, ""Phone"": 0.05969693270272358, ""Report"": 0.04865704028782871, ""Web Activity"": 0.32852938422157946, ""Web Actor"": 0.18618768750363943}}"
674,Find all tweets posted in the previous 2 days containing a URL,"{""entityType"":""Web Activity"",""statements"":[{""parameters"":{""name"":""ifc.ootb.Orbis.platform"",""operator"":""equals"",""value"":""twitter""},""type"":""filter""},{""parameters"":{""name"":""ifc.ootb.Orbis.publishDate"",""operator"":""relative"",""value"":{""count"":2,""mode"":""previous"",""time_res"":""day""}},""type"":""filter""},{""parameters"":{""name"":""ifc.ootb.Orbis.url"",""operator"":""is_not_empty"",""value"":""""},""type"":""filter""}]}","{""entityType"":""Web Activity"",""statements"":[{""parameters"":{""name"":""ifc.ootb.Orbis.hashtags"",""operator"":""contains"",""value"":""#bitcoin""},""type"":""filter""},{""parameters"":{""name"":""ifc.ootb.Orbis.platform"",""operator"":""equals"",""value"":""twitter""},""type"":""filter""},{""parameters"":{""name"":""ifc.ootb.Orbis.publishDate"",""operator"":""relative"",""value"":{""count"":2,""mode"":""previous"",""time_res"":""day""}},""type"":""filter""},{""parameters"":{""name"":""ifc.ootb.Orbis.url"",""operator"":""relative"",""value"":{""count"":2,""mode"":""previous"",""time_res"":""day""}},""type"":""filter""}]}",0.4685388842641493,wrong_structure_or_value,"{""component_decoder"": ""shared_model"", ""hierarchy_score"": 1.351541247918, ""retrieval_score"": 0.41717478640589534, ""retrieved_row_id"": 219, ""root_probabilities"": {""CDR"": 0.08338261095912024, ""EVisa Request"": 0.04073871901659535, ""Insight"": 0.061853862677014156, ""Investigation"": 0.04710950827432756, ""Person"": 0.05162964468793881, ""Phone"": 0.08750786648657381, ""Report"": 0.07363797653847673, ""Web Activity"": 0.49619647541859374, ""Web Actor"": 0.05794333594135969}}"
688,List insights mentioning the confiscated illegal weapons from the past 48 hours.,"{""entityType"":""Insight"",""statements"":[{""parameters"":{""name"":""ifc.core.createtime"",""operator"":""relative"",""value"":{""count"":48,""mode"":""previous"",""time_res"":""hour""}},""type"":""filter""},{""parameters"":{""name"":""text"",""operator"":""contains"",""value"":""confiscated illegal weapons""},""type"":""filter""}]}","{""entityType"":""Insight"",""statements"":[{""parameters"":{""name"":""ifc.core.createtime"",""operator"":""contains"",""value"":{""count"":2,""mode"":""previous"",""time_res"":""week""}},""type"":""filter""},{""parameters"":{""name"":""text"",""operator"":""contains"",""value"":""Dark Web""},""type"":""filter""}]}",0.5795478940695927,wrong_structure_or_value,"{""component_decoder"": ""shared_model"", ""hierarchy_score"": 1.806285330511, ""retrieval_score"": 0.3961454670149271, ""retrieved_row_id"": 322, ""root_probabilities"": {""CDR"": 0.08975815603463144, ""EVisa Request"": 0.020330631286347375, ""Insight"": 0.6783030470990281, ""Investigation"": 0.04019674902654984, ""Person"": 0.023539310617187777, ""Phone"": 0.026643442006212808, ""Report"": 0.03679866226154967, ""Web Activity"": 0.05725380510686282, ""Web Actor"": 0.027176196561630055}}"
691,What insights were recorded last month about financial transactions?,"{""entityType"":""Insight"",""statements"":[{""parameters"":{""name"":""ifc.core.createtime"",""operator"":""relative"",""value"":{""count"":1,""mode"":""previous"",""time_res"":""month""}},""type"":""filter""},{""parameters"":{""name"":""text"",""operator"":""contains"",""value"":""financial transactions""},""type"":""filter""}]}","{""entityType"":""Insight"",""statements"":[{""parameters"":{""name"":""text"",""operator"":""contains"",""value"":""phone records""},""type"":""filter""}]}",0.5087461843491271,wrong_structure_or_value,"{""component_decoder"": ""shared_model"", ""hierarchy_score"": 1.998288709141, ""retrieval_score"": 0.2768817438213799, ""retrieved_row_id"": 734, ""root_probabilities"": {""CDR"": 0.06496087879553518, ""EVisa Request"": 0.03369289700064022, ""Insight"": 0.6335962677102218, ""Investigation"": 0.03716762363015981, ""Person"": 0.024973083854377753, ""Phone"": 0.04254544787325525, ""Report"": 0.06455233282034496, ""Web Activity"": 0.05070635391457553, ""Web Actor"": 0.04780511440088947}}"
719,Show me all persons with the occupation 'Artist' and last name containing 'Garcia',"{""entityType"":""Person"",""statements"":[{""parameters"":{""name"":""ifc.Person.lastName"",""operator"":""contains"",""value"":""Garcia""},""type"":""filter""},{""parameters"":{""name"":""ifc.Person.occupation"",""operator"":""equals"",""value"":""Artist""},""type"":""filter""}]}","{""entityType"":""Person"",""statements"":[{""parameters"":{""name"":""ifc.Person.occupation"",""operator"":""equals"",""value"":""Artist""},""type"":""filter""},{""parameters"":{""operatorValue"":""OR""},""statements"":[{""parameters"":{""name"":""ifc.Person.lastName"",""operator"":""contains"",""value"":""Smith""},""type"":""filter""},{""parameters"":{""name"":""ifc.Person.lastName"",""operator"":""contains"",""value"":""Johnson""},""type"":""filter""}],""type"":""operator""}]}",0.5504131047830041,wrong_structure_or_value,"{""component_decoder"": ""shared_model"", ""hierarchy_score"": 1.837778229708, ""retrieval_score"": 0.29899800178906255, ""retrieved_row_id"": 241, ""root_probabilities"": {""CDR"": 0.05209580251334177, ""EVisa Request"": 0.03602384094261016, ""Insight"": 0.03404019605490527, ""Investigation"": 0.030472744998505417, ""Person"": 0.6857904679335879, ""Phone"": 0.043704212558998215, ""Report"": 0.03227186989504297, ""Web Activity"": 0.050312780476131656, ""Web Actor"": 0.03528808462687667}}"
